Area_sqft,Bedrooms,Bathrooms,Floors,HouseAge_years,DistanceToCity_km,SchoolRating,CrimeRate,ParkingSpaces,LotSize_sqft,PropertyType,LocationQuality,Furnishing,HasGarage,HasGarden,Price_USD
1942.5,4,4,3,3.4,16.75,7.45,4.72,3,2752.6,Independent House,Average,Semi-Furnished,0,0,596288.41
1075.8,2,1,3,7.8,1.02,6.86,2.53,0,2495.0,Townhouse,Poor,Semi-Furnished,1,1,316053.59
4195.3,7,4,3,22.1,8.75,3.99,2.96,4,5891.7,Independent House,Good,Unfurnished,1,1,1310476.81
4017.1,6,4,1,20.9,11.57,6.78,2.06,3,7686.7,Independent House,Average,Furnished,1,0,1152050.78
566.3,1,1,14,22.9,9.89,5.25,0.4,0,346.9,Apartment,Poor,Unfurnished,1,0,70000.0
2399.2,5,4,2,10.1,10.04,6.73,2.32,2,3959.6,Villa,Average,Unfurnished,0,1,885798.76
2485.5,5,3,2,10.6,7.85,8.1,6.21,3,6018.2,Independent House,Good,Unfurnished,0,0,814948.69
2224.7,3,3,1,28.1,7.37,3.08,0.65,3,3046.8,Independent House,Good,Furnished,1,1,853128.26
2557.0,5,4,7,11.7,10.81,8.89,3.31,3,714.1,Apartment,Good,Semi-Furnished,0,0,707211.81
2857.6,4,4,2,5.0,18.58,5.18,3.65,2,3804.1,Townhouse,Good,Semi-Furnished,1,1,831365.23
1512.4,3,1,7,8.1,5.02,8.14,1.76,1,685.0,Apartment,Good,Furnished,1,1,581886.95
5796.6,7,4,2,23.2,13.54,7.92,5.13,4,10445.2,Villa,Good,Unfurnished,1,0,1794823.11
2739.0,6,5,3,19.1,2.93,6.26,1.57,3,5807.9,Independent House,Poor,Furnished,1,0,826585.5
1594.4,3,2,3,12.9,12.19,7.36,2.29,0,3572.1,Independent House,Good,Unfurnished,1,1,633568.02
1308.4,2,1,2,3.8,5.86,5.68,3.33,0,2424.7,Townhouse,Average,Semi-Furnished,1,0,446678.17
2280.8,4,3,12,19.0,4.37,4.2,,3,1071.1,Apartment,Poor,Unfurnished,0,0,495514.26
1182.6,2,2,3,11.3,10.64,8.35,2.82,2,1856.6,Townhouse,Average,Furnished,1,0,403929.2
1139.1,1,1,11,5.0,20.61,5.71,0.62,1,735.2,Apartment,Good,Furnished,0,0,384236.36
1671.1,2,2,3,22.8,3.85,9.31,4.91,1,4293.0,Independent House,Good,Semi-Furnished,1,1,721446.53
2145.7,4,3,1,11.7,3.2,7.98,2.08,1,4797.8,Independent House,Premium,Unfurnished,1,1,1080987.17
1703.8,2,2,1,15.2,8.67,,2.86,0,3842.9,Independent House,Premium,Unfurnished,0,1,868915.73
778.2,1,2,9,30.8,4.53,7.55,2.51,0,150.0,Apartment,Premium,Semi-Furnished,0,0,407440.77
3629.0,6,4,2,17.9,8.89,7.47,2.16,1,4587.6,Villa,Average,Unfurnished,1,0,1116497.57
1559.3,3,2,2,21.7,6.47,9.2,2.65,3,2544.9,Independent House,Premium,Unfurnished,1,0,844397.94
4316.6,7,5,3,14.5,3.24,5.99,1.7,3,6622.6,Independent House,Good,Semi-Furnished,0,1,1316383.12
1537.3,4,3,1,24.6,5.08,6.36,1.16,1,363.8,Apartment,Premium,Semi-Furnished,0,0,684240.87
2809.5,5,3,1,6.0,16.9,7.33,1.6,2,5591.9,Townhouse,Average,Furnished,0,0,740206.4
1763.5,4,3,7,3.8,7.08,6.73,4.01,0,526.5,Apartment,Poor,Semi-Furnished,0,0,335000.66
2350.5,4,3,2,5.4,8.4,4.68,4.6,0,487.4,Apartment,Premium,Unfurnished,0,0,727902.45
2348.2,4,3,2,10.7,4.38,8.17,0.55,3,2778.6,Independent House,Average,Semi-Furnished,1,1,778412.58
2039.8,3,2,3,21.7,10.59,9.02,5.44,3,3798.5,Independent House,Average,Unfurnished,1,0,485517.37
3525.6,5,3,3,9.7,13.95,6.92,5.88,3,8874.6,Villa,Average,Semi-Furnished,1,0,1160216.48
3843.7,7,3,2,21.3,9.41,4.85,1.48,3,1964.3,Apartment,Average,Furnished,0,0,924866.49
1208.1,2,2,12,15.7,6.83,6.54,2.45,0,679.4,Apartment,Poor,Unfurnished,1,1,259889.1
2304.0,2,2,1,45.4,15.67,5.38,1.39,2,5205.8,Townhouse,Premium,Unfurnished,1,1,826350.67
1350.0,2,1,6,16.0,8.63,6.32,4.55,1,306.7,Apartment,Premium,Furnished,1,0,528278.0
1673.4,1,2,3,9.0,18.28,6.97,2.99,1,851.0,Apartment,Premium,Semi-Furnished,1,0,692347.63
1679.5,2,1,1,19.9,12.7,7.65,0.93,1,3705.5,Townhouse,Average,Semi-Furnished,0,0,436109.04
546.7,1,2,14,15.0,6.7,8.74,1.41,1,308.8,Apartment,Average,Semi-Furnished,0,0,213721.07
1699.0,3,3,1,6.0,2.27,7.61,1.39,2,2315.9,Independent House,Average,Semi-Furnished,1,0,673387.43
2510.8,3,4,2,12.8,12.94,5.17,2.32,1,5804.7,Townhouse,Average,Unfurnished,1,1,637806.48
1340.1,3,3,3,12.6,18.35,7.69,0.96,2,2482.9,Independent House,Poor,Furnished,1,1,514617.33
2720.7,3,1,2,13.1,3.73,6.29,3.82,1,5528.4,Independent House,Good,Furnished,0,1,902181.47
1461.5,2,2,13,6.3,8.02,6.45,2.56,2,459.4,Apartment,Premium,Unfurnished,0,0,784850.42
1705.2,3,3,3,41.4,12.84,6.68,5.4,2,4373.5,Independent House,Average,Unfurnished,1,1,488585.37
2703.5,5,3,3,4.2,6.74,6.9,1.5,1,6793.3,Independent House,Average,Semi-Furnished,1,1,813985.31
1801.0,3,3,5,31.2,8.72,8.17,3.63,1,686.3,Apartment,Average,Semi-Furnished,0,1,410452.29
1614.4,4,3,6,14.0,23.16,7.42,5.15,0,657.2,Apartment,Poor,Semi-Furnished,0,0,202954.95
2831.4,4,3,1,7.2,10.48,4.98,3.24,1,5710.6,Independent House,Average,Semi-Furnished,1,0,877871.45
1473.5,2,1,11,37.4,4.53,4.52,1.28,1,869.2,Apartment,Average,Semi-Furnished,0,0,366078.97
678.1,2,2,8,1.0,8.62,7.64,4.63,1,271.0,Apartment,Average,Semi-Furnished,1,0,244532.85
1154.3,3,2,11,7.1,8.72,7.48,1.62,1,526.9,Apartment,Average,Unfurnished,1,1,394568.08
866.1,2,3,1,12.2,3.79,8.53,5.36,1,2265.0,Independent House,Good,Unfurnished,0,0,486971.34
2435.6,4,3,2,7.9,29.11,6.56,4.38,1,2925.3,Independent House,Average,Semi-Furnished,1,1,677162.92
2692.6,5,3,2,13.2,0.76,,2.58,1,4565.6,Independent House,Poor,Furnished,1,1,767464.86
2744.6,4,3,2,20.7,2.3,7.39,1.51,1,4488.4,Independent House,Poor,Semi-Furnished,1,0,784281.74
2026.3,4,3,3,5.1,3.7,4.45,5.75,0,3140.4,Townhouse,Average,Semi-Furnished,1,1,609662.01
2477.6,5,4,2,16.6,2.32,4.36,3.06,1,3229.5,Townhouse,Good,Furnished,1,1,951622.89
697.8,1,1,8,22.0,1.57,7.77,1.69,0,196.3,Apartment,Good,Semi-Furnished,1,0,326874.34
1293.2,2,2,13,5.6,23.2,7.24,4.14,2,606.8,Apartment,Premium,Semi-Furnished,1,0,615970.08
1020.0,1,1,3,15.7,13.41,8.65,4.62,1,1426.4,Independent House,Good,Unfurnished,0,0,436104.56
1419.5,3,1,1,12.5,16.15,9.37,4.36,0,3724.5,Townhouse,Average,Semi-Furnished,1,0,423664.85
3253.1,4,3,1,6.5,6.4,6.26,5.71,2,7214.3,Townhouse,Average,Semi-Furnished,1,0,891309.19
2924.9,5,4,2,7.0,18.93,6.19,0.74,3,4441.9,Independent House,Average,Furnished,0,1,904077.42
2440.6,5,4,3,7.1,12.95,4.73,4.41,2,3284.9,Independent House,Average,Unfurnished,0,1,656223.83
1528.8,2,1,1,10.0,6.18,7.45,2.3,2,3807.7,Townhouse,Premium,Semi-Furnished,1,1,866468.15
1087.0,2,2,2,10.1,11.99,3.72,3.74,2,2632.9,Townhouse,Average,Unfurnished,1,0,312938.91
1463.6,4,3,9,31.9,2.59,5.29,1.52,1,370.9,Apartment,Average,Furnished,0,0,426285.58
2157.2,4,3,1,17.4,10.73,7.15,0.92,2,656.5,Apartment,Average,Unfurnished,1,0,528444.93
1960.0,2,2,1,17.8,7.49,5.74,1.75,1,4125.9,Townhouse,Average,Semi-Furnished,0,0,557016.33
695.1,1,1,4,15.2,23.01,6.63,2.62,1,150.0,Apartment,Premium,Semi-Furnished,1,0,434355.92
1413.8,2,2,15,16.0,16.98,6.4,3.54,0,895.4,Apartment,Poor,Unfurnished,0,0,267600.88
827.4,1,1,3,18.6,2.54,5.09,2.63,1,1854.9,Independent House,Poor,Semi-Furnished,0,1,353874.74
1896.6,3,3,10,5.9,4.06,3.7,1.88,0,1046.1,Apartment,Average,Unfurnished,1,0,464629.39
1011.3,2,1,10,12.9,29.95,7.72,1.87,0,581.7,Apartment,Good,Semi-Furnished,0,0,344395.01
809.5,2,1,14,7.3,6.38,6.44,5.23,3,536.9,Apartment,Average,Furnished,1,0,288315.97
1907.6,2,1,6,25.5,2.48,7.19,1.85,1,558.5,Apartment,Good,Semi-Furnished,1,0,557799.94
2337.4,4,3,3,9.3,13.87,6.62,3.91,2,4736.8,Independent House,Average,Furnished,1,1,856701.36
1819.2,3,3,3,18.7,20.82,6.59,2.96,2,2700.4,Townhouse,Poor,Unfurnished,1,1,433715.16
4639.6,7,4,2,20.9,7.25,6.94,0.55,3,6975.1,Independent House,Good,Semi-Furnished,1,1,1489034.59
2412.8,4,3,1,16.7,11.7,6.42,2.17,1,3585.8,Independent House,Average,Furnished,1,1,794583.72
1031.9,1,1,6,15.6,8.07,6.21,0.83,1,539.7,Apartment,Poor,Furnished,0,0,225105.15
2298.3,4,3,2,14.0,13.99,5.24,,2,4106.1,Independent House,Good,Unfurnished,1,0,766485.64
1199.8,2,2,8,21.6,4.52,10.0,1.49,0,435.7,Apartment,Poor,Semi-Furnished,0,0,285278.34
2303.3,4,2,12,7.7,10.14,8.16,0.76,1,959.5,Apartment,Poor,Furnished,0,0,542382.8
1522.5,3,2,13,17.6,16.68,8.86,1.99,1,853.5,Apartment,Good,Semi-Furnished,1,0,509450.48
2167.7,4,3,3,3.2,6.2,8.54,1.77,2,3190.2,Independent House,Average,Semi-Furnished,1,1,782659.83
900.3,2,2,3,9.0,15.85,,5.93,1,1800.0,Townhouse,Average,Unfurnished,1,0,296084.88
1388.3,3,2,11,9.9,13.52,6.44,2.29,1,441.1,Apartment,Average,Unfurnished,1,0,386110.99
1611.5,3,2,1,4.5,3.17,6.7,6.4,1,2108.7,Townhouse,Good,Semi-Furnished,0,1,637259.33
880.0,2,1,3,15.6,4.65,6.17,3.07,1,353.3,Apartment,Poor,Semi-Furnished,0,1,222782.47
1683.8,4,2,2,8.1,14.7,7.97,0.89,2,2881.7,Independent House,Poor,Unfurnished,1,0,585044.65
1981.4,3,3,1,28.8,4.61,5.52,2.71,1,3599.0,Townhouse,Good,Unfurnished,1,0,615894.32
1350.5,1,1,15,11.8,0.79,5.15,2.65,0,771.4,Apartment,Good,Semi-Furnished,0,0,370615.09
747.7,1,1,2,20.6,9.57,4.82,3.26,1,435.7,Apartment,Premium,Semi-Furnished,0,0,428130.95
1647.7,2,3,2,25.8,9.06,6.23,2.32,1,3641.5,Independent House,Average,Semi-Furnished,0,0,495322.96
1111.5,1,2,3,19.0,14.16,6.02,0.65,0,447.8,Apartment,Poor,Semi-Furnished,0,0,248995.59
1467.6,2,2,4,10.6,19.78,5.8,6.53,0,390.1,Apartment,Average,Unfurnished,0,0,134438.82
1402.5,3,3,3,13.9,9.1,6.82,2.2,2,455.5,Apartment,Good,Furnished,0,0,482775.76
1873.9,3,2,1,4.6,10.93,5.01,4.58,1,,Villa,Average,Semi-Furnished,1,1,662001.2
1843.4,2,1,2,,2.36,7.78,5.1,0,2814.1,Villa,Good,Unfurnished,1,1,783926.24
1900.9,3,2,1,46.5,6.51,5.11,1.05,1,2880.5,Independent House,Average,Semi-Furnished,1,1,519546.29
2027.4,3,3,7,24.5,35.2,5.0,1.49,0,1181.5,Apartment,Good,Semi-Furnished,1,0,488531.62
2504.0,5,4,2,10.3,12.62,5.77,1.93,1,3633.2,Villa,Good,Semi-Furnished,1,0,1049347.57
3359.5,5,4,3,11.0,20.31,6.5,3.16,2,6116.3,Independent House,Average,Semi-Furnished,0,1,947699.24
2974.4,5,4,2,25.2,6.46,7.95,4.52,2,3485.0,Independent House,Premium,Semi-Furnished,1,0,1212528.42
3093.7,4,3,3,5.2,5.7,6.59,6.25,1,7066.3,Townhouse,Premium,Semi-Furnished,0,1,1224882.07
2404.0,4,3,8,8.4,5.58,4.37,3.36,3,686.9,Apartment,Average,Unfurnished,0,1,608976.92
2608.5,5,2,12,8.9,16.34,7.41,5.06,2,1232.7,Apartment,Average,Unfurnished,1,0,502090.9
1372.4,2,3,3,3.0,7.45,7.38,2.09,1,1635.9,Villa,Good,Unfurnished,1,0,798873.66
2165.6,3,2,3,18.2,2.28,5.86,3.55,2,5164.7,Townhouse,Poor,Semi-Furnished,1,1,575099.49
2257.0,3,3,1,10.4,7.97,6.95,2.56,0,668.8,Apartment,Average,Semi-Furnished,0,0,555508.8
2434.9,3,2,15,10.5,5.82,8.78,3.96,0,715.4,Apartment,Average,Semi-Furnished,0,0,567246.48
1193.7,2,1,3,15.1,17.03,5.45,1.18,1,2554.5,Townhouse,Premium,Unfurnished,0,0,568571.66
1783.2,3,2,4,4.0,28.79,8.09,1.7,0,512.0,Apartment,Average,Semi-Furnished,1,0,380759.52
1907.3,3,2,1,13.1,2.35,8.54,3.87,3,3204.6,Independent House,Good,Unfurnished,1,1,847784.29
4014.3,6,3,3,3.9,12.92,6.95,2.73,3,4741.6,Independent House,Average,Semi-Furnished,0,1,1083944.88
1031.9,1,2,3,18.2,18.69,4.92,2.59,0,1942.9,Independent House,Average,Semi-Furnished,1,1,387194.84
1194.4,2,2,1,27.3,14.71,8.6,3.79,1,2084.9,Townhouse,Good,Unfurnished,1,1,550321.43
863.8,1,1,3,20.7,5.76,8.03,2.32,1,1421.9,Independent House,Poor,Unfurnished,1,1,296282.24
1753.3,3,3,2,9.1,6.88,7.5,2.15,2,2797.6,Townhouse,Poor,Semi-Furnished,0,0,548954.28
4782.3,7,5,2,19.3,8.86,6.62,1.73,4,11284.6,Independent House,Average,Semi-Furnished,1,0,1438332.71
1328.0,2,1,9,11.5,4.99,8.38,0.1,2,732.9,Apartment,Good,Unfurnished,0,0,520600.34
1411.6,3,3,8,14.6,10.23,5.47,0.45,3,643.4,Apartment,Average,Furnished,0,0,495607.72
1704.8,3,3,3,18.6,21.23,7.94,1.49,1,622.3,Apartment,Poor,Furnished,1,0,381209.87
1571.3,3,1,2,0.9,12.8,6.23,4.71,0,3543.5,Townhouse,Average,Furnished,0,1,411229.04
1577.8,4,3,9,3.2,1.78,,1.84,1,740.7,Apartment,Average,Unfurnished,0,0,331508.05
1595.3,2,2,1,12.1,8.1,5.24,1.19,1,795.0,Apartment,Poor,Semi-Furnished,0,0,325819.13
948.6,1,2,15,7.6,26.87,7.29,2.5,0,362.1,Apartment,Average,Unfurnished,0,0,161696.45
1586.1,2,2,1,,4.49,7.02,3.27,0,3384.3,Townhouse,Poor,Furnished,1,1,473283.81
1847.7,3,2,14,14.9,14.68,7.34,3.02,2,565.0,Apartment,Average,Semi-Furnished,1,0,481847.1
3290.0,4,3,1,9.1,3.19,6.17,5.81,1,6784.6,Villa,Good,Unfurnished,0,1,1066224.64
2846.7,6,5,2,10.8,12.72,7.01,4.25,2,5111.1,Townhouse,Good,Unfurnished,1,1,903727.21
1557.7,3,2,14,6.3,6.89,7.61,2.29,3,635.0,Apartment,Average,Furnished,0,0,385417.83
1915.9,4,3,3,16.1,23.06,10.0,5.23,3,2727.5,Townhouse,Average,Furnished,0,1,509920.43
1854.1,3,2,10,22.4,22.96,6.13,2.1,1,814.3,Apartment,Average,Semi-Furnished,1,0,433541.63
1735.1,2,2,3,4.1,2.44,8.19,2.54,0,3576.3,Villa,Premium,Semi-Furnished,1,0,1052019.86
1263.3,3,3,1,21.7,7.92,7.64,4.51,1,3462.0,Townhouse,Average,Semi-Furnished,1,1,396019.15
1753.6,4,3,1,17.5,6.35,6.88,5.36,1,4001.7,Independent House,Average,Furnished,1,1,668605.56
792.0,1,1,14,20.6,14.4,4.81,4.99,0,201.2,Apartment,Average,Semi-Furnished,1,0,70000.0
1957.5,2,1,2,27.7,7.56,8.72,,0,3096.3,Townhouse,Average,Semi-Furnished,0,1,529889.49
2563.5,3,1,1,9.1,21.39,7.06,2.89,1,3657.1,Townhouse,Average,Semi-Furnished,1,1,724634.63
1653.1,3,2,3,25.2,7.15,5.84,2.52,1,1976.9,Villa,Poor,Furnished,1,0,548856.92
1980.9,4,3,3,28.0,9.8,5.42,0.9,1,3097.9,Townhouse,Good,Unfurnished,0,1,656137.15
1266.9,1,1,2,4.5,7.67,7.08,0.92,0,2139.0,Townhouse,Good,Semi-Furnished,1,1,586168.67
882.8,1,1,6,14.9,14.47,5.34,5.7,2,581.7,Apartment,Good,Unfurnished,0,0,218095.12
3208.0,5,4,8,14.6,24.04,5.88,1.76,2,1458.7,Apartment,Good,Semi-Furnished,1,0,809166.57
1083.1,3,3,1,29.0,16.6,5.84,0.76,2,1284.0,Townhouse,Average,Furnished,1,1,381183.55
964.1,3,3,3,54.3,6.75,6.77,3.64,1,1519.6,Townhouse,Premium,Unfurnished,1,1,604935.22
1480.7,3,2,11,20.8,3.14,7.57,0.14,1,649.6,Apartment,Good,Semi-Furnished,0,0,470840.27
2068.6,4,3,3,42.0,4.97,6.24,0.88,2,3354.2,Independent House,Good,Unfurnished,0,0,652911.25
2445.7,5,3,3,7.9,20.18,6.39,3.22,2,2909.7,Independent House,Good,Furnished,0,1,800206.35
3135.7,4,3,1,19.6,10.05,6.86,2.09,2,1805.3,Apartment,Average,Furnished,1,0,877606.77
1190.5,3,2,3,13.1,10.8,5.61,3.88,2,2676.7,Townhouse,Average,Semi-Furnished,1,0,472201.32
1061.2,1,2,7,18.4,15.95,5.85,2.04,0,367.0,Apartment,Average,Semi-Furnished,0,0,251618.01
3632.1,6,5,3,21.0,9.01,6.02,1.96,2,4449.0,Independent House,Poor,Unfurnished,0,0,921069.88
2007.2,4,3,14,23.3,17.41,7.12,2.1,2,915.1,Apartment,Average,Furnished,0,0,547724.67
2586.1,4,3,2,10.9,7.73,9.03,3.91,2,6617.9,Independent House,Poor,Semi-Furnished,1,1,755904.76
1442.5,3,3,3,12.4,6.49,4.89,3.33,1,3806.4,Independent House,Poor,Unfurnished,1,1,425615.43
2965.3,6,4,1,22.2,3.51,7.05,4.43,2,3489.9,Independent House,Premium,Furnished,1,1,1288979.66
1895.8,2,1,8,16.8,1.04,6.37,4.96,1,676.3,Apartment,Good,Unfurnished,0,0,560582.45
2412.1,2,2,3,8.5,10.22,6.45,0.95,0,4842.1,Villa,Good,Semi-Furnished,1,0,919326.57
1058.3,3,4,10,12.6,15.24,5.99,2.58,2,634.5,Apartment,Average,Unfurnished,0,0,300822.53
1415.0,3,2,15,26.3,15.17,8.35,1.78,1,446.0,Apartment,Good,Semi-Furnished,0,1,485844.97
3297.4,5,5,2,6.8,20.71,3.18,1.8,3,4554.3,Townhouse,Premium,Unfurnished,1,1,1218691.95
854.6,2,2,4,13.5,8.53,5.05,3.91,2,590.4,Apartment,Good,Unfurnished,0,0,320097.23
1320.7,3,2,2,5.0,20.5,8.28,2.22,1,2391.4,Independent House,Good,Semi-Furnished,1,1,618672.44
1419.7,3,3,2,27.8,9.36,8.39,1.22,2,1970.3,Independent House,Average,Furnished,1,0,450064.41
1138.6,2,3,9,56.0,3.46,9.25,2.92,1,434.5,Apartment,Average,Unfurnished,0,0,234564.98
2212.8,4,3,2,,12.5,7.14,6.88,1,3107.6,Villa,Good,Semi-Furnished,1,0,846489.17
2023.7,3,3,6,9.6,3.67,7.4,5.63,2,1299.4,Apartment,Premium,Semi-Furnished,1,0,838154.78
2002.8,3,2,2,9.5,8.53,4.0,0.23,2,3931.1,Townhouse,Average,Furnished,1,1,637476.34
1388.0,2,1,1,26.8,18.27,6.7,5.38,0,567.3,Apartment,Average,Unfurnished,0,0,253499.8
2502.3,3,2,2,24.8,0.6,7.51,7.24,0,5493.9,Villa,Average,Semi-Furnished,1,1,854622.66
1758.4,2,1,13,35.3,9.72,5.99,1.35,1,641.2,Apartment,Average,Furnished,1,0,417467.71
667.6,3,3,2,14.0,5.1,6.57,3.88,3,150.0,Apartment,Premium,Unfurnished,1,1,510375.56
2587.9,4,3,1,6.1,18.34,8.49,0.88,2,6731.3,Townhouse,Good,Semi-Furnished,0,1,868958.03
1574.3,3,3,2,14.2,25.51,8.81,2.87,2,2761.4,Villa,Average,Furnished,1,1,728244.97
1533.9,3,4,3,12.8,7.28,7.06,2.43,2,3853.6,Independent House,Average,Unfurnished,1,1,609401.13
2132.1,3,2,1,48.9,13.95,6.63,2.65,2,4194.8,Independent House,Average,Semi-Furnished,0,1,568015.3
1790.4,3,2,3,21.2,2.47,7.76,7.4,1,3048.0,Independent House,Poor,Unfurnished,1,1,464935.4
2267.4,4,4,1,3.3,11.17,6.16,1.91,1,3280.5,Independent House,Average,Furnished,0,0,640165.59
1751.3,2,2,1,21.7,3.98,8.21,1.27,1,3185.8,Townhouse,Good,Furnished,0,1,628441.61
1198.2,2,2,10,27.9,4.43,5.94,4.22,0,704.9,Apartment,Good,Semi-Furnished,0,0,352527.29
3512.0,5,4,2,25.3,8.08,7.79,2.99,3,4633.3,Independent House,Average,Semi-Furnished,1,1,1012690.62
2488.0,5,4,2,,4.48,6.67,1.84,2,3237.7,Independent House,Good,,1,1,909097.05
1536.0,3,2,7,16.6,11.51,5.8,3.3,1,441.0,Apartment,Good,Unfurnished,1,1,522352.74
1809.7,2,1,1,12.4,9.04,7.22,2.36,1,771.5,Apartment,Average,Unfurnished,0,0,370826.64
1374.2,3,2,2,5.8,5.4,6.13,3.42,1,1505.4,Independent House,Good,Unfurnished,1,0,526539.29
3372.8,5,3,5,36.8,5.06,8.14,0.86,2,1404.6,Apartment,Good,Unfurnished,0,0,907859.89
1410.7,3,3,3,20.0,12.9,5.26,6.14,2,2653.1,Villa,Good,Semi-Furnished,1,0,697116.22
1418.9,2,2,2,9.7,15.09,7.03,2.94,0,686.3,Apartment,Average,Unfurnished,0,0,285595.73
1199.6,1,1,12,15.4,9.7,5.64,,0,514.0,Apartment,Average,Unfurnished,0,0,175534.63
1612.6,2,1,1,5.8,14.26,8.44,6.31,0,2089.2,Independent House,Average,Semi-Furnished,1,1,621103.54
1118.0,4,3,15,15.3,3.59,7.74,1.45,2,649.2,Apartment,Poor,Unfurnished,0,0,270104.01
978.4,2,1,4,,4.09,6.64,1.27,0,599.1,Apartment,Average,Unfurnished,1,0,256087.35
2718.0,4,3,2,21.8,5.58,6.68,4.52,1,5696.3,Townhouse,Good,Unfurnished,1,1,797078.95
1114.2,1,1,3,27.3,3.32,9.14,1.01,0,2472.2,Independent House,Average,Unfurnished,1,1,409884.88
2045.0,4,2,4,26.1,0.69,7.8,0.92,0,489.9,Apartment,Average,Semi-Furnished,1,0,570587.44
1776.6,2,1,5,18.9,7.44,5.6,4.67,1,636.3,Apartment,Premium,Semi-Furnished,0,1,657935.24
1574.8,2,2,2,13.0,4.8,8.06,1.89,1,2388.2,Independent House,Average,Furnished,1,1,601126.09
2785.9,4,3,2,11.1,6.5,5.88,1.61,2,3323.4,Villa,Average,Semi-Furnished,1,0,947805.97
1544.1,3,3,1,35.2,4.39,6.92,0.96,1,2762.0,Townhouse,Good,Semi-Furnished,0,1,594934.89
852.1,1,2,12,20.4,6.23,3.66,1.25,0,755.7,Apartment,Average,Furnished,0,1,315108.21
855.9,1,1,4,19.5,8.98,7.88,0.81,1,542.8,Apartment,Average,Semi-Furnished,0,0,240209.29
1781.8,3,3,7,20.4,13.8,5.73,4.4,1,698.4,Apartment,Good,Semi-Furnished,1,0,522263.97
1743.4,3,2,8,11.9,19.58,6.4,2.23,0,546.2,Apartment,Average,Semi-Furnished,1,0,372599.11
2045.7,3,3,1,18.7,7.18,4.68,3.66,2,3668.5,Independent House,Average,Unfurnished,0,1,567281.81
1147.8,2,2,13,9.0,4.73,6.96,2.16,0,463.3,Apartment,Poor,,0,0,191123.8
1523.2,4,4,2,10.4,1.77,6.8,2.38,1,1899.4,Townhouse,Good,Unfurnished,1,0,586207.95
1611.8,4,2,3,22.4,31.56,4.85,5.09,3,3279.6,Independent House,Poor,Furnished,1,0,473103.8
792.2,3,3,3,20.0,14.87,6.75,1.88,1,1223.2,Townhouse,Good,Unfurnished,1,1,407618.28
1388.3,2,1,13,22.8,10.0,6.32,4.56,2,396.8,Apartment,Average,Semi-Furnished,0,0,263041.18
2301.4,5,4,2,24.9,2.65,8.47,2.55,2,3816.5,Independent House,Good,Furnished,0,1,918548.86
1901.2,3,2,1,12.0,0.85,5.67,5.98,2,4462.2,Independent House,Average,Semi-Furnished,1,1,671347.78
3885.1,7,5,3,14.6,1.69,7.39,1.49,3,8121.2,Independent House,Average,Unfurnished,1,1,1159672.38
887.3,2,1,10,21.7,5.75,4.57,2.86,1,208.4,Apartment,Average,Semi-Furnished,0,0,194872.17
1025.0,2,2,8,8.3,4.92,6.82,1.51,2,445.8,Apartment,Good,Unfurnished,1,0,312175.32
2355.5,4,3,3,1.0,4.61,7.22,3.99,2,4612.2,Villa,Average,Furnished,1,0,944764.75
1498.9,3,3,11,4.0,5.21,7.29,5.7,0,629.7,Apartment,Average,Semi-Furnished,0,0,415823.68
608.9,1,2,5,10.1,16.55,6.53,7.45,0,150.0,Apartment,Average,Semi-Furnished,0,0,145552.85
2125.3,3,2,3,12.1,2.63,9.21,4.87,2,3431.3,Townhouse,Average,Semi-Furnished,1,1,747253.38
2051.1,4,2,1,18.2,3.44,,2.42,0,3971.3,Independent House,Good,Semi-Furnished,0,0,739239.01
914.6,2,1,2,28.2,3.56,7.4,4.29,0,2242.7,Villa,Average,Semi-Furnished,0,1,501749.78
1288.3,3,2,15,12.6,5.62,6.24,4.38,2,546.0,Apartment,Average,Unfurnished,0,0,315373.17
1586.1,2,1,2,9.5,1.74,5.49,3.81,1,2537.5,Villa,Poor,Unfurnished,1,0,531317.17
1118.4,2,2,9,5.8,12.26,4.98,1.96,0,285.1,Apartment,Average,Unfurnished,0,0,345698.02
940.6,2,2,2,8.8,4.68,5.37,6.62,1,1936.6,Townhouse,Average,Semi-Furnished,1,1,437647.71
2201.0,3,2,2,,7.55,7.58,1.66,3,5505.6,Independent House,Average,Furnished,1,1,772532.0
2835.6,4,2,8,15.9,8.64,8.62,1.67,1,909.4,Apartment,Average,Semi-Furnished,0,0,609225.51
1512.3,3,2,6,8.7,6.44,7.57,2.63,0,811.7,Apartment,Premium,Semi-Furnished,0,0,682933.83
546.3,1,1,13,11.7,15.05,6.21,5.59,2,307.8,Apartment,Average,Furnished,1,0,174645.11
2511.4,4,3,1,10.8,19.21,5.79,1.83,3,3232.5,Villa,Good,Unfurnished,1,1,960495.22
1520.5,4,3,1,14.8,2.88,6.94,2.36,2,2866.3,Townhouse,Average,Unfurnished,1,1,553041.48
1402.8,3,2,2,21.0,4.49,5.19,4.16,1,1900.7,Villa,Average,Furnished,1,1,579473.5
2143.9,4,3,1,18.7,3.76,7.98,2.03,2,2730.8,Independent House,Poor,Furnished,0,1,656783.71
2387.6,4,2,1,7.5,2.27,7.24,6.32,2,6034.9,Townhouse,Average,Semi-Furnished,1,1,732294.92
1395.6,2,1,1,9.9,13.43,5.3,1.34,2,3609.6,Independent House,Good,Unfurnished,0,1,535390.38
678.4,1,1,6,23.6,11.49,8.86,2.49,0,150.0,Apartment,Good,Furnished,0,0,352846.5
581.2,1,2,4,27.1,4.62,4.95,1.54,0,204.9,Apartment,Good,Semi-Furnished,0,0,229924.24
1397.3,1,1,3,5.1,4.46,6.78,8.12,2,1829.6,Independent House,Good,Semi-Furnished,1,0,536177.66
1731.2,3,4,1,4.6,9.8,7.91,3.77,2,2220.5,Independent House,Average,Unfurnished,1,0,669295.43
1089.4,2,1,1,35.9,6.79,7.76,0.67,2,462.4,Apartment,Poor,Semi-Furnished,1,0,154967.28
1238.4,2,1,3,5.8,9.94,5.79,5.38,1,2180.4,Townhouse,Good,Furnished,1,0,498596.18
2345.8,4,3,3,8.2,5.26,6.1,2.05,1,5951.2,Independent House,Average,Furnished,1,0,753146.39
2244.5,3,3,1,11.9,9.22,5.31,5.22,1,5389.9,Independent House,Poor,Semi-Furnished,1,0,617246.67
2009.6,4,3,1,7.9,15.57,7.02,2.2,1,4320.6,Independent House,Premium,Semi-Furnished,0,1,986375.95
1906.5,3,2,4,8.3,7.58,7.89,2.31,2,774.6,Apartment,Premium,Semi-Furnished,0,0,780565.41
1027.0,1,1,3,8.3,22.61,3.93,3.27,1,478.0,Apartment,Good,Semi-Furnished,1,0,267740.12
1041.9,2,2,2,15.9,10.1,7.51,1.5,0,2411.2,Townhouse,Average,Semi-Furnished,1,1,383564.72
1484.0,3,2,3,3.8,1.01,5.99,3.9,1,3798.4,Independent House,Good,Unfurnished,1,1,642308.12
1441.6,2,2,1,23.6,7.1,6.57,2.01,3,3617.5,Independent House,Average,Unfurnished,0,1,468191.78
697.1,1,1,2,4.6,12.74,5.16,1.05,0,1201.2,Townhouse,Average,Semi-Furnished,0,1,317300.97
1075.9,2,2,3,33.4,10.94,5.8,4.55,1,444.5,Apartment,Average,Unfurnished,0,0,161159.23
2151.9,4,3,11,10.2,12.58,9.59,3.51,2,793.4,Apartment,Premium,Unfurnished,0,0,821844.26
2586.9,5,3,1,9.6,8.99,6.21,4.25,2,6702.9,Independent House,Premium,Furnished,0,1,1127518.15
2304.1,4,2,1,3.1,21.83,6.68,1.59,0,,Independent House,Good,Semi-Furnished,1,1,855118.31
1429.9,3,2,3,2.9,13.76,5.37,3.42,0,656.2,Apartment,Poor,Unfurnished,0,1,317137.37
2486.5,4,3,9,13.7,8.46,10.0,1.84,1,1164.8,Apartment,Average,Unfurnished,0,0,598677.49
1057.1,2,1,1,3.1,10.12,7.38,1.52,0,1293.3,Townhouse,Average,Semi-Furnished,1,1,442136.43
902.2,2,2,1,8.1,29.73,6.67,4.36,2,273.9,Apartment,Premium,Semi-Furnished,0,0,498794.88
2963.3,5,4,3,20.3,20.6,8.03,2.27,3,4683.8,Independent House,Average,Semi-Furnished,1,0,855791.84
1368.8,2,1,13,15.6,6.95,7.21,0.85,2,555.7,Apartment,Poor,Semi-Furnished,1,0,279956.21
1020.6,1,2,14,11.1,10.29,6.45,2.67,0,678.6,Apartment,Good,Unfurnished,0,1,392094.07
2808.6,5,4,2,14.6,21.7,6.51,0.72,2,5093.9,Villa,Average,Semi-Furnished,1,1,981256.11
1125.4,3,2,14,20.6,3.43,4.47,5.7,2,595.7,Apartment,Good,Unfurnished,0,0,263047.88
951.8,1,2,7,10.0,5.86,6.17,1.92,0,486.4,Apartment,Poor,Semi-Furnished,0,0,182304.03
940.7,2,3,1,23.2,16.28,5.97,1.87,2,818.8,Apartment,Good,Unfurnished,0,0,369242.57
1548.6,2,1,14,13.7,4.33,7.17,2.98,2,406.9,Apartment,Poor,Unfurnished,0,0,289744.11
1475.2,3,2,11,26.4,6.89,6.39,1.34,2,710.1,Apartment,Poor,Unfurnished,0,0,198067.8
2558.3,4,3,10,14.5,9.87,7.69,1.11,1,1013.6,Apartment,Average,Furnished,0,0,615491.2
1197.8,4,2,2,4.6,14.71,6.84,2.57,1,326.8,Apartment,Average,Unfurnished,0,0,287112.33
1189.2,2,2,15,7.9,2.6,5.48,2.93,1,552.4,Apartment,Good,Unfurnished,1,0,374158.61
3020.5,6,5,2,13.3,15.43,8.86,3.29,4,7848.8,Townhouse,Poor,Unfurnished,1,1,793742.37
2795.7,6,5,1,54.4,9.21,6.14,3.9,3,4615.9,Independent House,Poor,Semi-Furnished,1,1,643931.26
1437.9,3,2,2,7.5,9.68,7.5,3.42,2,645.3,Apartment,Good,Semi-Furnished,0,1,500190.72
702.4,1,2,15,46.5,1.83,4.8,2.4,1,255.2,Apartment,Average,Furnished,0,0,187107.21
1173.3,2,1,3,24.6,8.04,7.82,7.69,1,1627.3,Townhouse,Good,Semi-Furnished,1,1,353661.47
1186.9,2,3,2,25.3,2.98,4.33,2.8,1,2047.2,Independent House,Good,Semi-Furnished,0,1,625717.63
1876.5,4,3,3,20.7,23.12,9.51,3.44,3,4640.0,Independent House,Poor,Semi-Furnished,1,1,534549.11
1092.9,1,1,8,44.0,6.47,7.69,1.45,1,487.5,Apartment,Good,Unfurnished,1,0,338629.08
2652.6,4,3,9,8.4,19.79,6.38,3.39,2,1286.6,Apartment,Average,Furnished,1,0,659807.66
699.3,1,1,4,24.1,9.5,7.53,1.53,0,474.1,Apartment,Average,Furnished,0,0,154531.68
830.7,1,1,1,5.3,20.01,4.86,5.54,1,551.4,Apartment,Poor,Unfurnished,1,0,73556.13
1828.5,4,3,1,8.5,1.2,6.41,5.78,2,4021.2,Townhouse,Good,Semi-Furnished,1,1,749299.55
1684.3,4,3,14,21.7,4.1,7.78,3.43,2,572.4,Apartment,Good,Unfurnished,0,0,459684.41
456.5,1,1,10,25.7,19.03,7.53,5.69,1,150.0,Apartment,Average,Semi-Furnished,0,1,156158.08
652.8,2,2,15,18.2,26.32,6.69,4.1,1,319.4,Apartment,Premium,Furnished,0,0,307180.22
1477.1,1,1,2,2.6,7.2,7.16,1.11,1,2416.7,Townhouse,Average,Furnished,0,1,525159.53
2391.4,4,3,4,7.3,5.35,8.27,4.85,2,821.7,Apartment,Premium,Unfurnished,0,0,890864.32
4083.5,6,5,1,4.6,2.42,7.75,4.16,2,9413.9,Independent House,Good,Semi-Furnished,1,1,1343313.04
1136.8,2,2,10,12.7,1.56,3.98,1.48,2,387.8,Apartment,Premium,Semi-Furnished,0,0,619705.35
2073.4,3,2,2,4.5,1.41,6.69,1.07,0,2747.3,Villa,Premium,Unfurnished,0,0,1035015.59
952.0,2,2,11,8.8,8.57,6.73,2.52,1,414.5,Apartment,Premium,Semi-Furnished,1,0,570694.89
2411.0,4,2,3,8.6,8.17,4.89,1.46,1,3066.4,Independent House,Average,Semi-Furnished,1,1,779284.68
4232.8,7,5,2,29.7,2.97,5.17,4.59,4,6918.4,Villa,Good,Semi-Furnished,1,0,1345021.93
3775.0,7,5,1,9.3,4.7,8.87,2.19,2,9431.7,Villa,Good,Furnished,1,1,1491355.61
1825.6,3,4,2,45.6,6.58,5.65,5.04,1,3294.7,Independent House,Good,Unfurnished,1,1,602935.97
1299.4,4,2,3,10.3,1.11,6.09,0.27,2,3439.6,Independent House,Average,Unfurnished,1,1,602842.11
1854.4,3,1,3,19.8,9.87,5.54,0.27,1,3439.0,Independent House,Premium,Unfurnished,0,0,789725.01
3300.4,5,3,2,16.4,10.81,7.3,3.16,2,5753.3,Independent House,Average,Unfurnished,0,0,932387.28
1143.5,2,1,6,14.8,12.83,7.11,2.11,2,408.0,Apartment,Average,Semi-Furnished,0,0,143089.49
769.7,1,1,1,24.3,12.0,9.51,4.95,0,1549.5,Townhouse,Average,Furnished,1,1,284253.42
1418.5,3,2,2,13.4,7.59,5.92,4.15,1,3172.5,Townhouse,Average,Semi-Furnished,1,0,535738.32
1643.6,3,2,1,8.8,22.95,7.46,3.01,1,2577.8,Independent House,Good,Semi-Furnished,1,0,642682.51
767.8,1,1,3,21.8,5.55,3.96,4.65,1,1075.9,Townhouse,Poor,Semi-Furnished,0,0,107760.32
1491.5,3,3,5,6.3,11.82,4.64,6.0,1,672.3,Apartment,Good,Unfurnished,0,0,362346.94
2285.6,3,2,1,10.6,2.8,8.63,6.43,1,4734.9,Independent House,Good,Furnished,1,1,831555.47
2954.9,4,4,11,24.3,2.86,8.3,2.38,1,1696.3,Apartment,Average,Semi-Furnished,0,0,703845.91
773.2,2,2,13,12.5,11.17,7.34,3.72,1,488.8,Apartment,Good,Semi-Furnished,1,0,333116.78
2242.5,4,4,3,18.6,3.63,8.33,3.75,2,5092.5,Townhouse,Average,Furnished,1,1,806599.07
2030.7,4,3,13,16.7,11.07,5.14,0.44,2,568.9,Apartment,Good,Semi-Furnished,0,0,673353.24
1683.0,3,3,8,9.2,11.52,9.1,2.19,1,585.3,Apartment,Premium,Unfurnished,1,0,730223.83
886.4,1,1,8,12.8,24.58,5.2,0.48,0,627.4,Apartment,Average,Semi-Furnished,1,0,220352.95
865.1,2,1,1,6.1,2.62,7.17,2.43,1,260.5,Apartment,Good,Semi-Furnished,0,1,387307.9
1409.4,3,3,8,26.9,2.22,10.0,2.09,0,628.2,Apartment,Average,Semi-Furnished,0,0,355537.2
1405.2,2,2,9,10.9,8.92,5.42,6.82,1,619.1,Apartment,Average,Furnished,1,0,375771.36
1461.0,2,2,3,28.2,18.64,8.66,2.97,1,1913.6,Independent House,Good,Semi-Furnished,1,1,587859.31
2327.5,5,4,9,12.0,8.59,8.1,3.43,0,981.8,Apartment,Average,Semi-Furnished,0,0,628635.96
1882.4,3,3,2,19.6,42.95,5.93,3.35,1,,Villa,Good,Furnished,1,1,726707.75
1005.5,2,1,2,6.2,10.9,9.73,3.65,2,1526.7,Villa,Average,Semi-Furnished,1,1,597607.13
1501.8,3,2,2,25.6,10.33,5.38,2.31,1,3643.9,Townhouse,Average,Semi-Furnished,1,1,418831.08
1655.4,3,3,8,12.4,6.54,6.65,3.6,1,712.0,Apartment,Good,Unfurnished,0,0,486783.25
1904.8,3,3,1,,12.17,7.63,2.13,1,4945.3,Townhouse,Poor,Semi-Furnished,0,1,557789.94
2126.5,3,2,2,5.6,18.23,6.56,1.69,3,5310.3,Independent House,Good,Semi-Furnished,0,0,730348.47
3461.1,7,3,3,60.0,9.53,10.0,5.79,4,5603.4,Independent House,Average,Unfurnished,1,1,920296.51
1157.1,1,2,1,4.8,17.02,4.88,5.18,2,2992.1,Independent House,Good,Semi-Furnished,1,1,549788.22
1381.0,2,2,2,44.8,9.45,9.05,5.43,3,2321.7,Townhouse,Good,Unfurnished,0,1,388968.93
3536.1,6,5,2,36.4,2.42,3.42,3.09,2,7026.0,Independent House,Average,Unfurnished,1,1,936307.84
592.2,1,2,1,4.5,1.93,2.51,2.49,0,410.1,Apartment,Average,Semi-Furnished,0,0,180848.25
1806.8,3,2,3,13.2,13.96,6.78,4.39,4,3424.8,Independent House,Average,,1,1,565336.5
2267.0,3,1,5,12.4,9.73,7.77,3.41,1,1031.5,Apartment,Premium,Semi-Furnished,0,1,879341.32
3077.1,5,3,1,13.5,17.79,8.86,3.22,2,4860.1,Independent House,Average,Semi-Furnished,0,1,906252.09
2438.4,4,3,3,16.6,14.33,9.03,6.69,2,4599.0,Independent House,Average,Unfurnished,1,0,694718.21
1804.4,3,3,8,28.5,1.92,6.99,1.01,0,614.1,Apartment,Good,Unfurnished,0,0,541212.79
1193.5,2,1,2,5.4,5.73,7.42,1.27,1,2350.0,Independent House,Average,Semi-Furnished,1,1,556704.42
2408.6,3,2,11,12.5,3.75,7.05,0.69,1,825.9,Apartment,Average,Unfurnished,1,0,551309.79
1116.4,2,2,3,9.8,8.31,8.91,2.79,2,2684.6,Independent House,Average,Semi-Furnished,1,1,547544.32
838.1,1,2,10,9.0,7.72,4.91,6.11,0,203.4,Apartment,Average,Semi-Furnished,0,0,258975.15
2621.6,5,3,2,13.9,1.71,5.74,3.74,1,6045.3,Villa,Good,Semi-Furnished,0,0,1037150.91
1099.9,2,2,3,11.6,5.27,7.94,5.81,0,431.4,Apartment,Premium,Semi-Furnished,0,0,536909.77
2429.5,3,3,3,1.5,5.29,8.23,2.73,2,5294.8,Villa,Premium,Furnished,1,0,1183926.07
2214.5,3,3,2,16.8,11.58,8.65,1.68,1,4040.6,Independent House,Premium,Unfurnished,1,0,923056.58
3481.9,5,3,2,2.6,8.01,6.6,3.38,3,7553.6,Townhouse,Average,Furnished,1,1,1048845.98
2217.3,3,1,3,26.5,4.64,5.98,2.14,1,3927.5,Independent House,Average,Furnished,1,1,660053.58
1425.2,3,2,1,15.0,4.01,7.72,2.45,2,2409.6,Independent House,Good,Semi-Furnished,0,0,566463.77
2959.5,4,3,3,10.9,1.67,5.11,1.36,1,6206.4,Villa,Premium,Unfurnished,0,0,1327889.52
954.1,2,1,11,4.4,13.93,9.12,3.35,1,445.6,Apartment,Good,Unfurnished,1,0,415592.66
2421.3,4,2,2,17.2,14.19,5.97,2.38,2,3305.8,Townhouse,Average,Furnished,0,1,631217.76
1390.2,3,2,8,13.3,18.95,6.3,1.07,1,408.2,Apartment,Good,Unfurnished,1,0,490391.19
2186.6,4,3,3,13.9,5.02,7.79,1.59,1,3805.0,Independent House,Good,Furnished,1,1,851197.15
640.5,2,2,10,15.3,22.93,5.65,1.32,1,509.4,Apartment,Premium,Semi-Furnished,0,0,434261.21
641.1,2,1,3,20.6,14.1,5.03,0.85,0,1493.3,Townhouse,Good,Semi-Furnished,1,0,275380.99
878.3,2,1,2,16.8,15.39,8.37,5.38,1,2218.2,Townhouse,Average,Semi-Furnished,1,1,369040.0
3434.9,6,5,3,34.7,6.2,5.19,3.09,3,6115.2,Townhouse,Average,Unfurnished,1,0,828691.77
1018.7,1,1,3,20.6,5.86,7.08,2.06,0,2381.2,Townhouse,Average,Semi-Furnished,1,1,321455.1
2513.5,3,2,1,16.5,12.88,6.73,2.02,0,5859.8,Independent House,Average,Furnished,1,0,767274.65
1411.3,3,2,2,14.3,19.4,3.95,5.86,1,2119.8,Independent House,Premium,Unfurnished,1,1,628752.5
1491.8,3,2,1,6.7,22.99,5.18,2.31,1,2323.7,Townhouse,Average,Furnished,1,1,483990.71
1619.3,3,2,2,3.8,20.84,7.21,,0,3523.8,Townhouse,Average,Furnished,0,1,493780.22
4442.7,7,4,1,1.2,11.39,8.49,2.1,2,7457.1,Villa,Average,Unfurnished,1,1,1473429.45
1729.5,4,2,13,,2.8,5.59,4.53,2,1065.2,Apartment,Good,Semi-Furnished,0,0,537070.4
1590.5,2,1,2,13.4,14.9,5.42,2.17,1,517.7,Apartment,Average,Unfurnished,1,1,329026.17
2332.5,3,4,9,21.0,3.99,7.62,3.35,1,1275.6,Apartment,Average,Semi-Furnished,0,1,620189.36
1416.5,2,2,2,33.3,28.32,7.86,2.55,2,1949.1,Independent House,Good,Furnished,1,1,535426.54
2119.2,5,4,11,12.5,20.34,8.05,2.77,3,975.5,Apartment,Average,Furnished,0,0,591219.58
2698.4,4,3,3,4.6,8.56,7.02,3.78,1,6631.3,Independent House,Average,Furnished,1,0,865707.47
2685.5,4,3,2,25.0,9.28,5.93,5.82,1,6037.5,Independent House,Average,Unfurnished,0,1,779653.97
1267.7,4,3,7,11.7,13.07,7.84,2.94,0,312.5,Apartment,Good,Semi-Furnished,0,1,442444.51
1537.9,3,3,2,8.7,9.05,6.58,6.76,2,3196.5,Independent House,Good,Unfurnished,1,1,627866.29
1282.5,2,2,2,8.2,13.68,7.67,4.94,0,2856.5,Independent House,Premium,Furnished,0,1,789954.8
964.0,1,1,4,19.7,8.43,5.95,1.56,2,156.8,Apartment,Poor,Unfurnished,0,0,210918.01
920.5,1,1,2,19.5,5.82,6.4,5.07,0,362.5,Apartment,Premium,Unfurnished,1,1,493016.03
1578.4,3,3,3,28.9,4.01,7.48,2.87,1,766.2,Apartment,Good,Unfurnished,0,0,420534.79
1229.3,3,1,1,5.8,6.09,3.72,3.87,2,619.3,Apartment,Average,Unfurnished,0,0,201653.04
1621.8,4,3,1,5.7,9.92,8.64,5.11,3,873.8,Apartment,Average,Unfurnished,0,0,408500.47
2734.1,3,3,2,15.5,3.72,6.63,4.6,3,4643.8,Villa,Average,Unfurnished,1,1,930712.98
1057.3,1,1,3,16.7,16.4,2.61,2.9,0,2165.2,Townhouse,Premium,Furnished,1,0,488525.22
856.1,1,1,12,26.5,9.97,6.95,5.44,0,519.2,Apartment,Average,Furnished,1,0,211437.81
1678.8,5,4,2,27.7,7.07,6.07,3.94,2,3722.7,Independent House,Average,Unfurnished,0,0,570154.81
1191.5,3,2,2,15.1,3.56,5.19,6.73,3,1503.6,Townhouse,Good,Furnished,1,0,445251.82
1539.0,3,3,3,28.8,17.49,9.54,1.87,2,2433.9,Villa,Premium,Semi-Furnished,1,1,943653.84
3767.1,5,4,3,13.1,22.28,7.91,3.38,2,4669.4,Independent House,Good,Furnished,0,1,1051277.34
866.6,1,1,3,13.2,0.65,6.47,1.6,1,1966.1,Townhouse,Good,Unfurnished,1,0,411397.34
3164.6,5,4,10,11.5,9.39,6.78,3.28,3,1443.4,Apartment,Average,Semi-Furnished,0,1,758193.6
2514.8,4,3,3,5.5,19.69,7.09,4.99,1,4538.6,Villa,Premium,Semi-Furnished,0,0,1172153.19
2796.4,4,4,2,3.6,13.17,4.34,4.16,1,5343.8,Independent House,Average,Unfurnished,0,1,785154.18
3207.8,5,4,2,15.3,1.95,10.0,1.4,1,7269.2,Villa,Average,Semi-Furnished,1,1,1195596.64
1753.2,2,2,1,25.3,6.73,6.76,4.05,2,886.2,Apartment,Premium,Semi-Furnished,0,0,708956.68
3713.9,5,4,3,8.4,3.19,9.32,1.95,2,6344.9,Independent House,Average,Semi-Furnished,1,1,1247486.67
1172.9,3,4,1,27.4,3.67,5.47,1.74,0,1397.3,Independent House,Average,Semi-Furnished,0,1,476224.2
1267.0,2,1,5,32.4,8.74,,0.8,2,537.0,Apartment,Good,Semi-Furnished,1,0,377903.92
1153.2,2,1,3,10.6,12.06,4.98,4.98,1,1667.1,Townhouse,Average,Semi-Furnished,0,0,275602.15
906.4,2,2,1,2.9,5.22,,1.38,0,2375.9,Independent House,Average,Unfurnished,1,1,431942.27
1024.9,2,2,13,11.4,8.12,8.01,5.11,1,485.9,Apartment,Good,Unfurnished,0,0,367980.71
3622.8,5,2,3,6.1,12.04,6.98,2.7,1,8797.3,Townhouse,Good,Semi-Furnished,1,0,1097176.95
1718.1,4,3,3,25.4,2.01,5.93,0.25,1,3218.1,Independent House,Good,Unfurnished,1,0,651996.4
3112.4,5,3,6,15.8,3.62,2.0,1.98,3,1408.6,Apartment,Average,Semi-Furnished,0,0,761831.58
3962.3,6,5,2,2.8,4.22,6.02,4.24,3,5209.6,Townhouse,Good,Unfurnished,0,0,1143602.98
5200.0,7,5,1,18.6,6.19,7.1,3.98,2,7983.6,Townhouse,Good,Semi-Furnished,1,1,1491763.32
3012.1,4,2,10,26.5,6.84,5.14,0.46,1,,Apartment,Average,Semi-Furnished,0,0,709303.21
5997.2,7,4,3,14.5,8.92,6.89,6.2,4,14000.0,Villa,Average,Furnished,1,0,1944717.36
2118.4,4,2,2,9.8,5.24,5.78,5.67,3,2478.6,Independent House,Poor,Semi-Furnished,1,1,666406.28
1489.2,3,3,8,17.7,12.69,4.96,2.14,1,749.1,Apartment,Average,Semi-Furnished,1,0,322437.72
2521.1,4,3,1,37.0,5.61,6.49,5.66,2,4580.1,Villa,Average,Furnished,1,1,953179.87
1848.0,5,3,1,29.3,2.82,3.55,4.71,2,4717.7,Independent House,Good,Semi-Furnished,0,1,666038.37
1440.8,2,2,4,4.9,4.72,7.43,1.58,1,880.6,Apartment,Premium,Semi-Furnished,0,0,659323.57
2534.6,4,2,1,15.7,3.17,6.84,1.96,2,3422.7,Independent House,Average,Unfurnished,1,0,753813.2
1112.6,2,3,1,6.3,0.88,7.58,5.29,1,415.6,Apartment,Good,Semi-Furnished,0,0,413757.89
1248.9,2,2,3,9.7,26.31,8.34,3.41,0,2319.0,Villa,Average,Semi-Furnished,1,1,558941.95
2152.9,4,3,1,30.7,0.87,6.33,3.65,2,5201.6,Independent House,Poor,Semi-Furnished,1,1,620696.21
1381.4,2,3,1,15.6,5.91,2.8,1.44,2,2536.6,Independent House,Good,Furnished,1,1,656577.5
1056.4,1,2,1,6.8,8.01,6.33,1.38,0,434.9,Apartment,Average,Furnished,0,0,305942.44
1740.5,3,2,1,11.3,7.78,5.04,3.08,0,2554.3,Independent House,Premium,Furnished,0,1,905267.93
1157.2,1,1,14,22.2,0.75,8.78,0.7,1,726.4,Apartment,Average,Semi-Furnished,0,0,322843.08
2156.6,4,4,10,9.2,8.7,6.16,2.82,1,1021.0,Apartment,Average,Furnished,1,0,550171.88
1261.5,2,2,2,16.2,17.45,7.92,2.47,0,550.7,Apartment,Average,Furnished,1,0,295578.53
3008.7,5,3,3,9.8,1.99,8.82,2.75,1,6705.7,Independent House,Average,Unfurnished,1,1,966569.86
1475.3,2,3,9,10.5,8.54,5.62,1.72,1,887.4,Apartment,Premium,Semi-Furnished,0,0,671244.15
2146.2,3,2,3,32.7,8.69,6.81,1.36,0,5532.9,Villa,Good,Unfurnished,1,0,857727.12
1975.0,3,1,3,15.3,7.17,6.76,2.88,0,3075.5,Independent House,Average,Unfurnished,1,1,603994.91
786.5,1,2,1,19.8,28.86,9.9,0.25,1,150.0,Apartment,Average,Unfurnished,1,0,224783.0
1559.4,3,2,11,15.1,7.01,8.54,2.74,0,821.3,Apartment,Good,Semi-Furnished,1,1,516497.41
1932.8,2,2,11,4.2,4.87,5.16,0.2,1,672.8,Apartment,Good,Unfurnished,0,0,546776.38
2801.8,5,5,1,5.8,1.45,5.81,2.58,3,6312.2,Independent House,Poor,Unfurnished,1,1,927255.87
1047.3,2,1,3,32.6,19.26,6.03,4.1,1,2498.1,Independent House,Poor,Unfurnished,1,1,275468.12
714.9,1,1,1,30.4,3.13,5.52,1.43,0,272.8,Apartment,Poor,Semi-Furnished,0,0,148423.99
1475.0,3,3,2,14.7,9.58,6.24,0.99,2,3124.7,Independent House,Average,Furnished,1,1,564255.89
2420.3,4,3,5,7.6,20.76,5.93,1.75,1,898.7,Apartment,Average,Furnished,0,0,550133.93
2027.7,3,2,1,3.4,11.32,6.75,2.31,2,4818.7,Independent House,Average,Semi-Furnished,1,1,671426.8
1608.8,3,4,1,48.4,1.84,6.53,3.77,1,2265.1,Villa,Average,Unfurnished,1,1,586691.2
1003.9,2,2,2,5.6,13.18,8.37,1.1,1,2180.9,Independent House,Average,Furnished,1,0,492179.11
1386.6,2,2,2,8.1,4.6,5.6,3.84,1,2232.1,Independent House,Poor,Unfurnished,1,0,383318.72
1347.8,3,3,2,9.1,12.43,4.28,1.74,2,1808.2,Independent House,Premium,Furnished,1,1,825843.07
2004.3,1,2,10,7.5,26.17,5.98,1.67,1,990.7,Apartment,Good,Semi-Furnished,0,0,510155.0
2070.1,2,3,13,13.9,11.64,5.81,5.86,0,747.3,Apartment,Average,Semi-Furnished,1,0,427327.46
870.5,2,1,9,45.0,7.64,8.84,2.75,1,552.7,Apartment,Average,Unfurnished,0,0,189103.05
2263.9,3,3,2,12.5,4.11,7.93,1.17,2,2947.7,Townhouse,Average,Unfurnished,1,0,702373.95
2428.9,3,2,2,17.0,2.97,8.58,,2,6070.3,Independent House,Good,Semi-Furnished,0,0,779526.55
1126.0,2,1,1,20.8,11.51,8.1,2.29,1,1792.1,Independent House,Good,Semi-Furnished,1,0,499847.51
1784.1,3,2,1,24.1,19.9,3.84,0.36,1,2140.6,Independent House,Average,Furnished,0,1,580015.8
1561.2,2,2,10,14.7,10.65,5.46,5.9,1,506.3,Apartment,Premium,Semi-Furnished,0,0,572976.39
1979.1,2,3,2,7.0,8.59,4.53,2.29,2,3501.8,Independent House,Good,Semi-Furnished,1,1,825180.61
659.6,1,1,4,20.9,8.5,8.97,2.53,0,277.3,Apartment,Good,Unfurnished,1,0,352579.21
1429.6,3,2,6,36.9,7.4,7.92,0.44,1,578.9,Apartment,Average,Semi-Furnished,0,1,336979.0
2414.1,4,2,1,3.3,18.37,7.28,2.9,2,2782.3,Independent House,Average,Unfurnished,1,0,666565.74
4324.6,7,5,2,8.8,13.83,5.88,5.56,2,10216.0,Villa,Good,Semi-Furnished,1,0,1470104.15
1395.4,2,1,1,17.6,22.18,6.04,4.67,0,1800.0,Independent House,Average,Semi-Furnished,1,0,457769.84
1076.0,2,1,4,21.4,20.7,5.45,5.12,2,334.2,Apartment,Good,Furnished,0,0,328687.9
1692.8,3,2,3,10.3,31.98,7.64,1.74,3,2736.5,Independent House,Good,Semi-Furnished,1,1,671634.38
1529.0,3,2,11,23.9,15.72,6.85,0.86,1,505.6,Apartment,Average,Unfurnished,1,0,361163.36
1924.9,3,3,3,28.8,14.09,7.71,2.4,1,3276.1,Independent House,Average,Furnished,0,1,645913.53
2381.9,4,3,3,17.7,7.75,7.31,5.58,1,4169.7,Independent House,Average,Semi-Furnished,0,1,709502.47
843.5,1,1,7,23.4,8.81,7.9,4.5,0,232.7,Apartment,Average,Semi-Furnished,1,1,238398.78
1598.4,3,1,7,12.5,16.97,7.45,1.88,3,759.7,Apartment,Good,Semi-Furnished,1,0,494314.1
990.6,3,2,10,5.3,6.3,8.3,2.06,1,449.8,Apartment,Good,Furnished,0,0,452186.06
2097.4,5,3,1,6.8,18.92,7.77,0.86,1,3117.8,Villa,Average,Unfurnished,0,1,787325.6
3380.9,5,3,2,41.3,7.68,5.95,0.41,2,8028.1,Townhouse,Good,Semi-Furnished,1,0,1055624.74
1027.2,1,2,2,29.0,9.21,7.41,1.91,0,1370.4,Independent House,Average,Furnished,0,0,422823.55
1643.3,2,2,3,6.4,24.9,7.15,2.34,3,4026.5,Independent House,Good,Unfurnished,0,1,630991.15
966.0,2,2,3,5.9,14.34,6.42,2.35,1,2403.0,Townhouse,Average,Furnished,1,1,514434.55
1442.8,2,2,12,,9.45,6.67,,2,565.5,Apartment,Good,Semi-Furnished,1,0,382323.24
3459.5,5,3,3,60.0,29.49,8.16,4.6,3,8156.0,Villa,Good,Unfurnished,0,1,1036558.4
1452.9,1,1,1,15.1,5.24,7.48,4.79,0,,Apartment,Average,Unfurnished,1,0,320561.93
1571.1,3,3,2,7.8,4.27,8.05,2.71,3,1958.2,Townhouse,Good,Furnished,1,0,674621.21
3228.5,3,3,2,24.8,4.05,6.76,,3,4706.4,Independent House,Good,Furnished,0,0,1047413.12
2123.2,3,1,3,31.7,10.36,8.37,2.84,2,3249.6,Independent House,Average,,1,1,642507.8
3142.7,4,3,2,21.2,9.0,7.82,1.42,3,7546.5,Villa,Good,Unfurnished,0,1,1162741.24
1827.1,4,3,12,19.3,11.72,5.53,5.5,2,1114.9,Apartment,Premium,Unfurnished,1,0,646370.98
493.0,2,2,1,6.3,1.56,6.18,2.13,1,1107.7,Townhouse,Good,Unfurnished,0,0,404177.0
1310.1,3,4,8,25.1,1.73,5.47,1.67,2,222.0,Apartment,Average,Semi-Furnished,0,0,344378.19
1049.2,2,3,1,21.5,4.26,5.13,5.22,3,2428.6,Townhouse,Good,Unfurnished,1,0,444202.89
955.1,1,1,11,11.1,10.38,10.0,1.85,1,632.2,Apartment,Premium,Unfurnished,0,0,550619.2
2513.4,3,2,3,4.9,6.19,9.12,2.86,1,943.9,Apartment,Good,Unfurnished,1,0,606795.14
1155.9,2,2,4,10.4,3.03,8.38,2.31,1,597.2,Apartment,Poor,Semi-Furnished,0,0,268792.03
2995.8,4,3,5,14.3,3.74,7.35,5.04,0,1176.2,Apartment,Poor,Semi-Furnished,0,0,515457.68
913.5,3,2,3,22.4,14.73,5.91,1.75,1,1077.6,Townhouse,Good,Semi-Furnished,1,0,409290.63
1172.3,2,2,2,25.1,22.21,5.09,3.1,1,2979.6,Independent House,Average,Semi-Furnished,0,1,302813.12
2545.4,4,4,3,13.3,6.62,6.4,1.58,2,6887.4,Independent House,Average,Furnished,1,0,908510.67
1172.3,1,2,6,12.5,3.13,5.66,1.82,1,843.1,Apartment,Average,Semi-Furnished,1,0,317960.47
1539.4,2,2,1,27.9,10.78,7.74,2.49,0,439.6,Apartment,Good,Furnished,0,0,430277.41
1290.7,1,1,7,18.1,27.2,6.92,2.14,1,595.8,Apartment,Average,,0,0,334627.58
1554.1,3,1,3,21.3,9.54,7.94,0.95,2,3888.8,Townhouse,Good,Unfurnished,0,0,547467.26
1190.7,2,2,4,11.2,10.16,7.05,3.39,1,620.7,Apartment,Good,Furnished,1,0,486723.44
1458.9,3,3,9,27.5,7.87,4.25,,1,642.5,Apartment,Premium,Semi-Furnished,1,0,582168.34
1771.5,3,3,10,9.2,12.4,6.45,4.23,1,1095.3,Apartment,Premium,Semi-Furnished,1,0,688503.73
3250.6,6,4,2,44.8,10.17,7.26,3.86,3,6569.1,Townhouse,Average,Unfurnished,1,1,848799.11
1242.7,2,3,6,5.8,12.17,7.1,,1,389.4,Apartment,Good,Semi-Furnished,0,0,416303.9
1398.6,2,2,3,15.0,9.62,5.9,2.5,0,2601.4,Townhouse,Poor,Furnished,1,0,363970.39
1324.9,2,2,3,5.4,3.41,5.99,1.5,0,2572.1,Townhouse,Premium,Unfurnished,1,0,716344.63
3426.1,6,3,1,20.4,4.99,5.74,1.91,2,7742.8,Independent House,Average,Unfurnished,0,0,922955.14
2469.6,4,3,2,29.7,2.1,4.28,2.05,1,2957.7,Independent House,Good,Unfurnished,1,0,700189.79
832.4,3,3,1,21.4,13.57,6.66,6.56,2,2074.9,Independent House,Good,Semi-Furnished,1,1,495036.92
598.2,2,2,9,,16.15,7.83,4.47,0,469.2,Apartment,Average,Furnished,1,0,218169.86
1304.1,1,2,3,5.3,10.83,6.01,1.43,0,2183.2,Independent House,Good,Semi-Furnished,1,0,551889.5
1817.5,3,2,2,10.7,6.39,4.9,2.98,0,4565.7,Townhouse,Poor,Furnished,1,1,599241.32
1627.0,2,2,3,21.8,8.81,8.14,3.65,1,3143.7,Townhouse,Average,Semi-Furnished,1,1,543510.5
2294.0,5,4,3,6.8,10.64,8.68,1.03,3,4844.1,Independent House,Average,Semi-Furnished,0,1,794714.66
1256.9,2,1,11,3.9,10.48,6.06,4.7,1,370.0,Apartment,Average,Unfurnished,0,0,254127.5
2967.4,5,3,1,12.3,14.53,5.34,6.7,1,4579.3,Townhouse,Good,,1,1,739095.15
2555.9,2,1,3,5.5,5.19,6.49,2.41,0,6657.8,Independent House,Premium,Semi-Furnished,1,1,1066393.99
1909.2,2,2,2,17.5,9.59,7.11,0.59,2,4511.9,Independent House,Average,Unfurnished,1,1,653551.99
3603.6,7,4,3,,4.17,6.05,2.25,3,8229.6,Villa,Good,Unfurnished,1,1,1383442.34
825.5,2,2,3,12.0,13.57,4.42,4.65,0,1155.3,Townhouse,Premium,Furnished,1,0,530231.53
1592.1,2,2,3,48.2,4.52,8.09,1.65,0,3137.2,Townhouse,Good,Semi-Furnished,1,1,555433.23
1957.9,3,3,2,19.3,29.51,7.05,0.81,0,3867.7,Independent House,Poor,Unfurnished,0,0,461493.42
1742.3,2,1,13,1.4,8.96,8.95,2.83,0,484.2,Apartment,Premium,Semi-Furnished,1,0,749103.28
899.2,1,2,1,44.2,6.33,6.76,3.77,1,1823.8,Independent House,Poor,Semi-Furnished,1,1,237826.19
1479.1,1,2,3,14.9,5.37,8.83,1.87,0,2385.4,Townhouse,Good,Furnished,0,0,533620.87
1600.8,2,2,2,11.2,8.86,6.37,1.36,1,596.5,Apartment,Good,Semi-Furnished,0,0,597672.92
1653.2,2,2,10,16.7,25.15,5.82,5.01,3,663.3,Apartment,Good,Unfurnished,1,0,340031.35
3041.3,6,5,3,6.0,3.52,5.97,5.34,3,6269.2,Independent House,Average,Unfurnished,1,1,1005214.21
1862.9,3,3,2,13.0,13.75,9.35,4.39,1,1006.2,Apartment,Average,Unfurnished,0,0,443854.68
1318.9,3,3,6,27.0,4.31,6.43,1.88,2,540.7,Apartment,Good,Semi-Furnished,0,0,443495.12
1796.5,3,3,14,11.7,3.04,8.99,3.36,2,464.1,Apartment,Average,Semi-Furnished,1,0,516994.7
1243.3,3,3,15,9.8,11.77,6.03,1.53,2,901.7,Apartment,Average,Semi-Furnished,0,1,459769.03
1439.0,2,2,7,8.3,6.51,4.69,2.49,3,929.7,Apartment,Good,Semi-Furnished,0,0,469918.47
2580.3,4,2,1,24.5,8.39,7.71,2.59,1,3599.4,Independent House,Good,Unfurnished,1,1,856080.41
1327.5,3,3,5,17.8,11.07,5.77,1.43,2,435.4,Apartment,Average,Unfurnished,0,1,426555.16
2151.4,3,2,2,44.3,25.14,7.14,1.44,2,2804.8,Independent House,Average,Unfurnished,1,1,600019.62
2767.2,4,3,2,40.1,13.42,6.99,2.74,1,4406.1,Independent House,Premium,Semi-Furnished,1,1,1012651.6
1824.7,3,2,9,12.3,6.5,6.97,4.2,2,784.4,Apartment,Average,Semi-Furnished,0,0,364800.31
2271.4,5,4,2,21.0,14.55,9.09,5.11,1,1438.3,Apartment,Poor,Furnished,1,0,523052.23
4913.8,7,5,1,10.9,2.63,7.07,1.71,3,8920.0,Independent House,Average,Unfurnished,1,0,1394295.9
1817.7,3,2,1,9.7,7.39,6.87,1.63,2,,Apartment,Average,Semi-Furnished,0,0,470181.62
1114.7,1,2,11,9.3,5.73,6.19,2.68,1,512.7,Apartment,Premium,Unfurnished,0,0,562165.6
2761.7,4,3,1,8.5,33.1,7.48,4.34,0,3377.7,Villa,Average,Semi-Furnished,1,0,910676.14
2712.3,4,4,3,27.2,4.23,7.35,1.71,2,6927.8,Villa,Poor,Unfurnished,0,1,874845.47
2391.2,4,3,2,9.6,13.32,6.12,3.2,0,3508.0,Independent House,Average,Semi-Furnished,1,1,720616.03
2535.1,5,3,3,11.1,5.43,8.07,3.78,2,1198.5,Apartment,Poor,Unfurnished,0,1,513555.11
911.0,1,2,1,17.6,3.99,6.4,3.81,1,1731.0,Independent House,Average,Unfurnished,1,1,390364.93
3490.0,5,3,3,16.6,4.7,7.54,0.72,1,5180.0,Independent House,Premium,Semi-Furnished,0,1,1307856.77
2943.2,4,3,5,15.5,9.47,4.78,1.96,2,1340.0,Apartment,Good,Semi-Furnished,0,0,778105.75
2346.0,4,2,2,30.1,8.1,8.02,4.72,1,5723.3,Independent House,Poor,Semi-Furnished,0,1,604370.02
1735.0,3,3,2,9.4,6.45,5.66,2.8,0,777.2,Apartment,Average,Unfurnished,1,0,411943.7
1222.4,3,3,15,8.5,16.6,7.68,3.45,1,378.7,Apartment,Average,Furnished,1,0,408330.79
1654.4,3,3,1,0.8,7.01,8.56,3.79,1,3209.6,Townhouse,Average,Unfurnished,1,0,544645.59
1813.9,3,2,8,21.3,15.69,7.29,3.48,0,1106.0,Apartment,Good,Semi-Furnished,1,0,535799.36
1765.5,2,2,11,20.9,8.55,8.37,3.17,1,354.4,Apartment,Average,Furnished,0,0,403612.94
2501.3,4,3,1,28.4,3.42,5.14,3.03,2,4774.4,Independent House,Good,Semi-Furnished,1,0,858230.01
2898.2,5,3,1,12.2,9.21,6.58,2.34,2,5586.2,Villa,Premium,Unfurnished,1,0,1243524.87
2406.3,4,3,3,13.6,9.14,5.76,3.28,1,5492.6,Townhouse,Average,Semi-Furnished,1,1,749032.94
2571.5,3,3,1,26.4,37.64,5.74,2.8,2,5574.8,Independent House,Premium,Unfurnished,0,1,919456.26
1448.7,3,2,1,10.6,20.65,4.41,6.16,0,3149.4,Villa,Average,Semi-Furnished,1,0,504807.34
1919.1,3,3,14,14.7,23.23,6.82,3.44,2,781.9,Apartment,Average,Semi-Furnished,1,0,445338.28
3601.6,6,3,3,29.8,8.08,8.06,4.44,2,9159.3,Townhouse,Good,Semi-Furnished,0,0,1115354.41
1338.0,2,3,13,20.4,5.37,8.54,1.38,1,504.2,Apartment,Poor,Furnished,1,0,358630.03
2539.9,4,3,12,11.9,7.12,5.17,1.64,1,1062.5,Apartment,Good,,0,0,666407.37
1257.1,3,3,2,26.1,6.79,6.0,2.32,0,2066.4,Independent House,Good,Unfurnished,0,1,484464.19
1629.5,2,2,3,13.8,16.03,5.63,1.79,2,3343.4,Townhouse,Average,Semi-Furnished,0,1,600933.82
1260.5,3,3,3,26.4,5.66,5.53,3.56,1,2509.2,Townhouse,Good,Semi-Furnished,1,0,453807.63
2414.8,3,2,5,17.8,14.69,6.27,4.01,2,575.3,Apartment,Average,Semi-Furnished,0,0,509715.19
2694.8,4,3,12,10.3,17.76,6.73,5.69,2,927.7,Apartment,Good,Semi-Furnished,1,0,704314.58
2136.6,4,3,1,6.4,12.39,6.28,,2,2813.4,Villa,Poor,Semi-Furnished,1,1,759731.44
2212.6,3,2,4,23.6,2.84,4.68,2.03,2,466.0,Apartment,Average,Furnished,0,0,537631.01
2706.3,4,4,15,25.1,11.81,8.11,2.41,2,1097.0,Apartment,Average,,1,0,684738.75
1334.4,2,2,11,32.3,2.55,6.96,0.44,0,964.6,Apartment,Good,Unfurnished,0,0,328116.56
1742.4,2,1,3,21.8,8.99,7.27,3.26,0,2119.2,Townhouse,Average,Unfurnished,1,0,510916.29
2245.4,5,4,2,12.9,7.26,7.35,3.46,4,4753.8,Townhouse,Premium,Semi-Furnished,0,1,990287.78
1158.2,2,2,3,17.3,12.87,7.59,5.23,1,1911.1,Townhouse,Average,Unfurnished,0,0,299303.78
1417.0,3,2,10,15.3,6.13,6.92,0.61,1,754.0,Apartment,Average,Unfurnished,0,0,330800.59
3327.7,6,4,3,12.6,5.55,5.49,0.28,3,1341.0,Apartment,Average,Unfurnished,0,0,753373.77
1498.0,3,3,1,5.8,6.21,,0.89,2,1922.7,Independent House,Poor,Semi-Furnished,0,0,571273.23
2645.1,4,3,3,6.5,6.61,7.63,2.27,1,4337.9,Independent House,Premium,Furnished,1,1,1177854.99
2302.7,4,3,3,24.2,2.49,5.4,4.02,2,4562.1,Independent House,Average,Semi-Furnished,1,1,761313.56
1725.2,3,3,3,8.2,18.31,5.42,2.74,1,3959.4,Independent House,Good,Unfurnished,1,1,706477.94
2028.3,3,3,1,12.1,6.95,9.59,3.87,0,4367.1,Independent House,Good,Semi-Furnished,1,1,865448.66
2824.8,3,3,1,4.0,14.71,6.46,4.65,1,1133.5,Apartment,Average,Semi-Furnished,0,0,564349.37
1707.2,2,3,9,4.3,11.55,5.72,3.34,1,516.9,Apartment,Good,Furnished,0,0,507630.96
2223.1,5,3,2,8.3,7.21,5.93,3.72,2,5233.5,Townhouse,Premium,Semi-Furnished,0,1,1005641.8
2650.3,2,2,3,23.6,5.89,7.35,3.01,3,891.8,Apartment,Good,Semi-Furnished,0,0,720455.41
1636.5,3,2,2,24.5,2.3,6.01,1.89,2,3639.4,Independent House,Average,Furnished,1,1,587693.46
1063.0,2,1,2,16.7,5.09,6.89,,1,1650.1,Townhouse,Good,Semi-Furnished,0,1,411082.08
3883.8,6,4,3,9.2,2.93,10.0,3.65,3,5289.3,Independent House,Good,Unfurnished,1,1,1282384.52
1957.1,2,2,2,34.3,3.74,4.42,3.36,1,3585.8,Independent House,Average,Semi-Furnished,1,1,583439.38
2401.5,4,3,3,12.0,14.46,6.11,2.31,2,3014.8,Townhouse,Good,Semi-Furnished,0,0,704222.43
1617.2,3,2,1,36.3,5.96,6.79,,0,3091.8,Villa,Average,Semi-Furnished,0,1,593843.85
1942.5,5,4,1,19.0,4.56,4.14,0.45,1,3876.2,Townhouse,Good,Furnished,1,1,726465.73
1165.8,2,3,2,27.2,6.14,7.45,0.81,1,1570.6,Independent House,Premium,Unfurnished,1,1,773922.19
1389.7,3,1,9,27.3,2.9,8.0,0.85,2,333.6,Apartment,Premium,Semi-Furnished,1,1,740064.36
1256.9,1,2,2,3.1,3.28,4.69,0.55,0,2339.0,Townhouse,Good,Unfurnished,1,1,594673.67
1141.3,3,2,3,6.3,15.78,6.58,4.02,2,1537.1,Townhouse,Good,Unfurnished,1,0,419777.2
1191.3,2,1,13,11.4,21.85,6.97,1.07,1,265.8,Apartment,Good,Semi-Furnished,0,1,445829.94
516.4,1,1,3,8.3,8.19,7.53,2.55,1,162.2,Apartment,Average,,0,0,240148.45
1368.5,3,3,1,19.8,1.5,10.0,4.34,0,2627.8,Villa,Average,Semi-Furnished,1,1,710989.75
2566.9,5,3,2,20.8,20.89,5.63,2.83,1,5413.4,Independent House,Average,Unfurnished,1,0,703946.55
1565.7,3,3,6,10.7,28.07,7.48,2.73,3,722.9,Apartment,Poor,Unfurnished,1,0,323774.11
861.7,1,2,1,9.8,10.37,6.52,1.17,0,150.0,Apartment,Premium,Semi-Furnished,1,0,469011.11
1703.1,2,1,12,26.0,4.84,6.27,2.48,1,723.4,Apartment,Good,Semi-Furnished,1,0,410529.71
935.6,2,2,12,10.0,14.7,6.72,0.82,2,160.7,Apartment,Average,Furnished,0,0,301597.75
3016.5,5,4,3,29.0,7.85,7.3,0.72,3,5560.1,Villa,Average,Semi-Furnished,1,1,1055314.5
1571.8,2,1,1,17.0,13.57,6.71,1.23,2,,Townhouse,Good,Furnished,0,1,489320.03
1180.3,2,1,13,17.0,1.96,7.1,1.59,2,330.6,Apartment,Average,Furnished,0,0,362989.75
1588.1,2,2,2,7.1,5.7,6.58,1.48,2,3272.2,Townhouse,Good,Semi-Furnished,0,0,649928.69
3964.3,7,5,7,22.7,2.79,5.34,6.5,3,1652.0,Apartment,Premium,Semi-Furnished,1,0,1342088.73
983.8,1,1,15,6.2,3.77,7.9,2.53,0,489.4,Apartment,Average,Semi-Furnished,0,0,300621.95
2032.5,3,2,3,22.6,1.87,8.19,1.86,0,3178.0,Independent House,Average,Furnished,1,1,683670.4
2565.8,4,3,3,20.8,3.8,8.12,6.38,2,3541.1,Independent House,Average,Semi-Furnished,1,0,791411.81
1486.9,4,4,2,21.1,18.09,7.68,4.96,0,3063.0,Villa,Poor,Semi-Furnished,1,1,639767.38
946.0,2,1,1,20.7,4.23,5.57,0.61,1,2057.2,Independent House,Average,Semi-Furnished,1,1,447240.58
1281.9,3,3,3,25.9,1.82,5.32,3.95,3,3152.3,Townhouse,Poor,Semi-Furnished,1,1,433855.32
2542.3,6,5,1,19.4,4.19,8.03,2.99,3,5523.0,Independent House,Poor,Furnished,1,0,840471.62
1929.5,3,3,2,3.2,1.98,4.95,6.07,2,3770.8,Villa,Average,Furnished,1,0,872674.69
1677.1,4,4,3,18.1,8.45,5.71,2.1,1,3332.2,Independent House,Average,Unfurnished,1,1,461611.02
3265.5,5,4,3,7.8,4.33,9.81,1.35,2,8401.9,Villa,Good,Unfurnished,0,0,1271524.62
1317.1,3,2,1,4.9,6.71,7.44,2.24,1,2809.8,Independent House,Poor,Semi-Furnished,1,1,489014.11
1780.4,2,2,1,6.9,4.87,6.93,1.36,1,3337.4,Independent House,Good,Semi-Furnished,0,1,726787.17
716.4,1,1,7,9.3,6.68,4.01,5.76,1,377.4,Apartment,Average,Furnished,0,0,217422.87
2114.5,4,4,3,21.5,1.72,5.73,0.24,1,4743.1,Independent House,Poor,Unfurnished,1,1,659289.6
1817.0,3,1,2,12.1,3.98,7.91,2.64,1,4535.1,Townhouse,Poor,Furnished,0,0,520333.34
2304.6,3,2,2,25.6,11.8,4.55,2.43,2,3219.6,Townhouse,Good,Semi-Furnished,1,1,698577.3
1142.4,1,1,3,8.7,12.57,7.28,7.21,2,1458.1,Independent House,Average,Unfurnished,0,1,391408.39
2055.0,4,3,3,12.4,7.01,4.7,1.3,2,3697.4,Villa,Average,Unfurnished,0,1,799298.23
1302.0,2,2,3,9.0,7.43,,1.8,0,2890.5,Villa,Poor,Semi-Furnished,1,1,540736.79
1220.1,1,2,9,2.4,1.27,4.42,1.43,0,,Apartment,Premium,Unfurnished,1,0,626900.98
3443.4,5,4,3,14.9,10.17,6.84,7.1,3,8408.4,Independent House,Average,Furnished,1,0,1041150.68
1615.1,3,2,3,57.5,17.94,4.23,0.66,1,4153.4,Independent House,Average,Semi-Furnished,1,1,479108.58
762.3,1,1,7,5.0,1.99,6.58,2.63,0,248.4,Apartment,Good,Semi-Furnished,0,0,384255.94
1016.9,2,2,6,22.8,13.96,7.63,1.74,1,460.8,Apartment,Average,Unfurnished,1,0,254916.16
687.8,2,2,15,26.0,1.93,6.99,1.87,0,181.0,Apartment,Average,Furnished,0,0,202132.19
1072.4,1,1,1,15.4,8.31,7.37,3.33,0,1897.1,Independent House,Good,Semi-Furnished,1,0,503587.52
2187.1,3,2,3,5.5,1.66,7.03,5.52,1,5232.0,Townhouse,Average,Furnished,1,1,702183.87
1213.4,3,3,2,47.4,2.25,6.57,3.66,2,1561.6,Villa,Poor,Semi-Furnished,1,1,448271.09
1881.3,3,2,1,20.5,3.7,6.6,2.77,1,3191.5,Townhouse,Average,Semi-Furnished,1,1,610597.9
2251.7,3,2,3,36.2,3.18,7.12,3.34,1,5631.7,Villa,Poor,Furnished,1,1,861079.47
1082.3,1,1,12,3.7,16.68,5.12,4.28,0,470.4,Apartment,Premium,Semi-Furnished,0,0,490259.07
2033.2,3,1,1,9.6,8.77,6.13,1.88,1,4584.2,Independent House,Good,Semi-Furnished,1,1,741194.33
912.6,2,2,6,5.1,3.32,9.65,1.46,0,286.4,Apartment,Good,Unfurnished,0,0,312397.26
2348.9,2,3,2,27.7,11.86,7.4,4.2,0,2679.9,Townhouse,Average,Unfurnished,0,1,582439.07
1378.2,2,1,3,3.7,13.32,8.51,4.92,0,2044.2,Independent House,Good,Semi-Furnished,1,1,637285.73
1893.8,2,1,1,13.3,10.55,7.19,2.86,0,2699.4,Villa,Good,Unfurnished,0,1,756069.81
1494.6,3,2,3,12.3,9.51,5.64,4.24,2,2245.7,Independent House,Poor,Semi-Furnished,1,1,458369.23
1807.4,2,2,4,2.8,9.57,6.26,4.87,0,729.5,Apartment,Premium,Furnished,1,0,673352.87
1700.6,3,3,7,21.7,3.15,4.17,1.91,0,456.7,Apartment,Good,Semi-Furnished,0,0,501354.33
450.0,1,1,11,19.2,8.24,8.69,2.2,0,158.6,Apartment,Good,Unfurnished,1,0,203814.24
1505.5,3,2,5,9.2,16.76,8.0,2.53,2,606.1,Apartment,Average,Semi-Furnished,0,0,405518.1
888.1,1,1,2,36.2,24.06,5.49,3.54,0,1249.6,Independent House,Average,Unfurnished,0,1,236166.42
1601.2,3,3,3,3.4,7.41,7.81,2.48,1,2729.9,Independent House,Good,Furnished,0,0,696160.41
1765.9,4,3,2,2.0,4.62,7.68,5.06,3,4187.3,Independent House,Good,Semi-Furnished,1,1,831049.55
1594.0,3,2,3,,3.62,6.81,1.79,1,3356.6,Independent House,Average,Semi-Furnished,0,0,506060.87
2280.6,2,2,1,6.9,15.88,7.39,,1,2673.7,Independent House,Poor,Semi-Furnished,1,0,688683.56
2500.6,5,3,2,13.6,3.63,7.53,0.49,1,4644.8,Independent House,Good,Semi-Furnished,1,1,958926.79
977.7,2,2,14,30.3,6.49,7.26,3.9,0,708.6,Apartment,Average,Unfurnished,1,0,227416.33
962.9,2,2,13,4.8,6.39,6.92,1.4,2,574.6,Apartment,Average,Unfurnished,0,0,272634.33
1820.3,2,1,1,28.0,13.0,6.82,2.58,1,3442.2,Independent House,Good,Semi-Furnished,1,0,662889.36
966.3,1,1,2,5.2,10.06,5.88,2.54,1,1949.0,Independent House,Poor,Furnished,1,0,340926.19
1107.4,1,1,15,10.5,27.94,8.02,3.01,1,427.1,Apartment,Poor,Unfurnished,0,0,184239.02
2906.6,4,3,1,31.8,9.85,9.57,4.69,2,3512.3,Townhouse,Poor,Unfurnished,0,1,719413.75
981.6,2,1,3,22.0,16.26,5.08,2.59,1,1200.7,Independent House,Premium,Unfurnished,1,1,577746.76
1172.9,2,2,6,7.3,5.29,6.75,0.9,0,274.2,Apartment,Average,Semi-Furnished,0,0,360185.15
1055.0,1,1,2,18.0,9.9,5.75,3.15,0,586.4,Apartment,Good,Unfurnished,0,1,265723.8
4290.1,7,5,1,9.9,16.95,7.5,3.02,3,6787.3,Independent House,Premium,Semi-Furnished,1,1,1660469.88
1474.3,3,3,2,10.9,15.42,7.32,5.11,0,2385.9,Independent House,Good,Unfurnished,0,1,591735.25
1106.1,2,2,12,12.4,2.38,6.9,0.77,1,342.6,Apartment,Average,Semi-Furnished,0,0,330202.11
1198.6,2,2,1,20.0,3.25,5.84,4.47,2,1754.6,Independent House,Average,Unfurnished,0,0,313291.28
1358.3,2,2,9,15.3,10.15,6.01,2.08,1,717.0,Apartment,Average,Semi-Furnished,0,1,387826.81
2070.1,3,2,3,12.6,6.6,5.6,0.26,1,3089.4,Independent House,Good,Unfurnished,1,1,758911.22
932.7,2,2,10,12.9,7.94,4.2,2.32,1,380.7,Apartment,Premium,Semi-Furnished,1,0,486486.43
2499.4,3,2,2,16.7,6.36,8.48,5.58,0,3891.7,Townhouse,Good,Furnished,1,0,791115.87
1516.1,4,4,12,14.7,14.6,7.67,3.97,0,461.8,Apartment,Average,Unfurnished,0,0,418313.77
1935.0,4,3,7,9.6,9.08,8.57,1.72,3,950.5,Apartment,Average,Furnished,0,0,622678.46
1610.1,1,2,1,17.0,7.03,6.19,3.51,0,2589.9,Independent House,Premium,Unfurnished,1,1,788120.38
1498.5,3,2,14,19.1,34.27,7.41,3.2,2,603.7,Apartment,Average,Semi-Furnished,0,0,241494.68
1237.2,3,3,14,17.3,16.71,5.47,3.14,2,690.9,Apartment,Good,Semi-Furnished,1,0,460022.61
2495.7,4,4,2,25.6,19.33,5.87,3.76,2,824.5,Apartment,Average,Unfurnished,1,0,463319.76
1940.5,3,2,3,9.0,2.97,9.67,3.89,1,5084.1,Independent House,Good,Semi-Furnished,1,1,767426.73
1854.8,3,2,3,8.7,35.99,6.16,1.68,1,3163.0,Independent House,Good,Unfurnished,1,0,630835.38
1837.5,3,2,2,,33.04,8.07,2.16,0,3640.6,Villa,Average,Semi-Furnished,1,1,700208.23
1089.4,2,2,14,7.6,14.4,7.06,5.12,0,564.7,Apartment,Average,Semi-Furnished,0,0,286877.34
1495.1,2,2,4,11.7,8.87,4.68,,2,711.8,Apartment,Good,Furnished,0,0,483603.84
1908.9,3,2,15,2.3,4.4,6.5,5.63,1,1049.6,Apartment,Average,Unfurnished,1,0,481549.88
1237.7,3,2,3,5.2,15.49,7.25,1.98,1,2026.5,Townhouse,Average,Furnished,1,1,543748.15
2349.1,4,4,3,10.5,28.64,7.73,2.23,2,3076.8,Villa,Average,Unfurnished,0,1,825311.31
1996.6,4,3,2,10.2,9.14,4.11,3.14,1,2819.7,Independent House,Average,Semi-Furnished,1,1,559654.97
1918.0,5,3,3,12.1,3.27,5.3,4.66,1,3139.9,Townhouse,Good,Unfurnished,1,1,652227.26
660.5,1,2,6,38.5,8.11,7.15,2.22,1,215.9,Apartment,Average,Unfurnished,0,0,177706.32
1510.6,2,2,1,3.1,5.53,5.34,5.63,0,1724.7,Villa,Average,Unfurnished,1,1,595554.94
929.7,1,2,3,14.1,3.74,8.47,2.44,2,1233.7,Townhouse,Premium,,0,1,702707.28
1371.8,3,4,2,13.0,1.8,6.61,2.64,1,315.4,Apartment,Poor,Unfurnished,1,0,347073.3
926.7,2,2,10,42.5,26.4,7.41,0.62,1,566.0,Apartment,Average,Semi-Furnished,0,0,189632.48
1098.5,3,2,2,24.1,20.51,8.58,5.24,3,368.8,Apartment,Good,Furnished,0,0,423144.74
819.3,1,1,10,10.0,6.15,4.94,4.96,1,413.6,Apartment,Premium,Unfurnished,1,0,444190.52
1142.2,2,1,2,32.9,0.75,7.37,3.93,0,427.8,Apartment,Good,Unfurnished,0,0,355736.91
1029.1,1,1,2,9.4,11.47,6.9,2.91,0,1819.5,Townhouse,Good,Unfurnished,1,1,442371.26
2540.7,2,1,2,25.4,21.76,6.94,6.29,0,5627.6,Independent House,Average,Unfurnished,1,0,613703.2
1654.7,3,1,14,36.1,28.27,6.38,1.08,1,534.0,Apartment,Average,Semi-Furnished,1,0,349227.7
1757.5,2,2,1,15.3,11.34,6.93,4.5,0,3815.9,Townhouse,Premium,Semi-Furnished,1,1,778327.07
1962.2,4,3,2,6.2,4.45,2.46,1.78,2,4618.4,Villa,Premium,Unfurnished,1,1,1096454.23
785.3,1,1,2,2.8,10.16,8.5,1.29,2,2122.7,Independent House,Good,Unfurnished,1,0,453186.55
1361.1,2,2,3,15.7,7.27,4.76,2.8,2,2666.9,Townhouse,Average,Semi-Furnished,1,0,417440.9
982.7,2,2,7,24.7,6.46,9.27,6.64,0,150.0,Apartment,Average,Unfurnished,0,0,186355.24
2050.2,4,4,2,60.0,18.63,5.32,2.24,0,3482.7,Independent House,Poor,Semi-Furnished,1,1,457882.13
1755.2,3,4,9,30.7,11.79,5.26,5.45,1,862.4,Apartment,Premium,Furnished,1,0,739004.13
1550.6,4,5,14,14.5,2.47,7.29,2.77,2,552.8,Apartment,Good,Unfurnished,0,0,538200.3
3786.2,7,5,1,5.9,18.77,7.09,1.83,2,,Villa,Average,Semi-Furnished,1,1,1386127.21
1299.6,2,1,3,12.9,26.45,7.35,4.98,1,1872.0,Townhouse,Average,Furnished,1,0,371545.38
1430.5,4,3,2,38.2,4.2,7.22,2.88,2,2055.2,Independent House,Average,Semi-Furnished,0,0,459946.99
2551.5,5,5,3,47.4,11.52,6.5,1.62,2,3342.6,Townhouse,Average,Semi-Furnished,1,1,740412.32
1981.6,3,2,2,9.3,7.09,6.17,1.69,2,4272.1,Independent House,Good,Furnished,1,1,835091.88
1219.7,2,3,15,12.0,1.63,7.54,2.6,2,587.4,Apartment,Good,Semi-Furnished,0,0,511217.88
2938.4,5,3,14,34.3,10.15,5.7,1.16,2,864.0,Apartment,Average,Semi-Furnished,0,0,621082.2
1724.6,2,2,8,33.0,14.94,6.87,1.85,2,1162.7,Apartment,Good,Semi-Furnished,0,0,447373.83
1248.9,2,1,1,9.6,10.2,4.24,0.89,2,408.1,Apartment,Premium,Semi-Furnished,0,0,594000.2
1385.4,3,2,3,22.7,21.02,7.07,1.31,1,2445.4,Independent House,Average,Semi-Furnished,1,1,492043.74
2361.9,4,3,14,10.1,9.67,6.84,2.53,0,691.7,Apartment,Average,Semi-Furnished,1,0,624673.37
1799.9,3,3,2,28.8,1.66,6.64,6.35,0,2116.6,Townhouse,Average,Furnished,0,1,471793.31
1867.1,2,1,1,14.4,4.8,9.17,0.9,0,3700.5,Independent House,Average,Unfurnished,1,1,674311.74
2455.0,3,3,1,11.2,17.31,8.87,3.64,2,3399.6,Independent House,Average,Unfurnished,1,0,786791.9
2387.9,4,3,2,24.0,0.39,8.03,3.79,1,5104.4,Townhouse,Good,Unfurnished,1,1,836489.22
2078.7,4,2,2,15.2,5.08,7.99,1.54,3,3515.8,Townhouse,Average,Unfurnished,1,1,695946.46
3228.9,5,4,2,23.6,9.92,6.85,2.84,3,4897.0,Villa,Average,Semi-Furnished,1,1,1079164.22
2233.7,4,3,3,6.5,17.45,7.15,3.83,2,,Independent House,Good,Unfurnished,1,0,720183.73
2333.0,4,3,1,7.6,22.61,7.33,2.37,2,4982.9,Independent House,Average,Semi-Furnished,0,0,607812.0
1638.2,3,2,3,13.5,6.97,7.57,2.27,2,2863.4,Villa,Good,Semi-Furnished,1,0,823384.15
3952.9,7,5,1,8.3,8.45,6.8,1.95,3,6680.6,Independent House,Good,Unfurnished,1,1,1276927.36
805.9,2,2,11,10.5,5.39,7.49,2.43,1,400.8,Apartment,Good,Unfurnished,1,0,310000.24
1879.0,2,1,1,13.8,8.98,6.79,0.41,1,2392.4,Townhouse,Good,Semi-Furnished,1,0,709646.18
771.7,1,1,15,9.1,2.86,7.31,3.59,1,150.0,Apartment,Good,Semi-Furnished,1,0,330950.37
1773.4,3,3,1,37.4,12.02,8.03,1.29,2,2649.7,Independent House,Good,Semi-Furnished,1,1,697132.84
1752.3,3,2,2,7.9,0.53,5.75,1.8,0,2546.4,Villa,Average,Unfurnished,1,0,711175.31
1746.8,4,3,1,13.2,11.17,6.89,0.71,2,2459.3,Townhouse,Average,Unfurnished,1,0,575882.62
1904.7,3,3,2,13.5,7.2,6.81,1.61,2,4440.8,Townhouse,Average,Unfurnished,1,0,609938.02
905.4,3,4,13,15.6,17.82,5.22,7.02,0,535.0,Apartment,Average,Unfurnished,1,0,155992.09
2200.2,3,3,3,11.2,14.67,8.72,3.52,2,2512.6,Villa,Average,Furnished,0,1,774404.18
2429.5,4,3,15,25.4,6.22,5.5,1.62,2,1359.0,Apartment,Average,Unfurnished,0,0,534429.64
779.7,1,1,2,26.4,14.01,8.78,0.55,2,588.1,Apartment,Average,Unfurnished,1,0,204516.22
945.2,1,1,11,9.3,3.1,4.75,1.64,1,513.5,Apartment,Poor,Furnished,0,0,250001.17
1942.2,4,3,7,27.8,1.9,4.53,6.39,2,1085.2,Apartment,Average,Semi-Furnished,1,0,408317.24
1704.6,1,1,3,9.0,10.97,6.21,2.79,1,4018.5,Townhouse,Good,Semi-Furnished,0,0,581139.29
1758.1,3,3,1,13.3,1.75,7.28,1.62,1,1962.2,Townhouse,Good,Semi-Furnished,1,1,737092.61
2078.6,4,3,8,14.4,24.04,7.27,1.85,0,714.8,Apartment,Good,Furnished,1,0,544951.34
969.3,1,2,4,5.7,1.25,8.57,4.97,0,394.8,Apartment,Average,Unfurnished,1,0,304521.6
1087.9,3,2,10,8.6,16.8,5.58,4.98,0,588.8,Apartment,Good,Unfurnished,0,0,321142.26
1032.9,3,2,14,4.3,7.17,8.04,5.56,1,372.2,Apartment,Good,Furnished,0,0,398327.9
1168.9,2,3,1,15.6,12.37,4.3,3.36,1,513.5,Apartment,Poor,Furnished,0,0,162834.96
3243.7,6,4,3,6.0,9.14,5.3,1.36,2,5572.4,Independent House,Premium,Furnished,0,0,1212809.99
662.2,3,2,10,35.5,5.11,6.32,3.22,1,150.0,Apartment,Poor,Unfurnished,0,0,70000.0
819.3,2,2,1,10.2,4.42,5.1,0.87,2,160.4,Apartment,Good,Furnished,1,0,424376.93
762.4,1,2,9,23.2,13.01,7.49,4.37,0,263.6,Apartment,Good,Unfurnished,0,0,260322.87
2437.7,5,4,3,22.2,18.02,5.76,2.03,1,677.3,Apartment,Average,Semi-Furnished,0,0,516960.13
1045.3,3,3,13,8.6,10.1,8.15,3.2,2,487.2,Apartment,Good,Furnished,1,0,526753.79
1179.5,2,2,5,10.4,12.04,7.96,4.42,1,554.1,Apartment,Average,Unfurnished,0,0,320801.4
938.0,1,2,3,10.3,9.59,5.72,2.57,0,2450.4,Independent House,Poor,Unfurnished,1,1,317662.73
1211.8,3,3,13,17.0,2.48,6.19,2.23,2,594.7,Apartment,Poor,Semi-Furnished,0,0,277568.53
2374.3,4,4,1,59.2,2.7,6.57,3.02,2,4369.4,Townhouse,Poor,Furnished,1,0,569692.52
1835.0,4,4,2,16.5,22.58,8.66,1.73,1,4361.0,Townhouse,Poor,Unfurnished,0,1,499006.44
1293.1,2,1,13,9.8,7.2,5.33,2.59,0,678.6,Apartment,Good,Furnished,0,0,447759.09
855.2,3,2,3,17.4,16.36,3.26,4.18,3,1612.4,Townhouse,Average,Unfurnished,1,1,359965.41
1610.2,2,2,1,6.1,5.9,6.09,3.45,1,2272.3,Independent House,Average,Semi-Furnished,1,1,533099.36
1965.6,3,3,1,7.9,3.94,5.37,3.27,3,2421.2,Independent House,Good,Unfurnished,1,1,730968.74
892.0,2,2,1,35.8,5.8,4.48,1.87,1,393.5,Apartment,Poor,Furnished,0,0,167752.64
1781.4,2,2,15,12.0,13.68,6.65,7.48,2,252.2,Apartment,Average,Unfurnished,0,0,293480.25
1962.2,3,3,15,7.7,4.35,5.0,3.89,1,898.8,Apartment,Good,Semi-Furnished,0,0,543371.41
1321.5,3,2,1,5.3,9.64,7.19,7.07,0,,Townhouse,Premium,Unfurnished,0,1,762553.55
2506.7,3,1,1,13.7,12.15,4.96,3.25,2,,Independent House,Average,Furnished,1,0,754930.72
1292.1,2,2,2,5.6,8.41,10.0,3.78,2,376.6,Apartment,Poor,Furnished,1,0,372934.5
2190.5,4,4,5,29.1,9.48,,3.45,3,971.1,Apartment,Good,Unfurnished,0,0,591554.44
5234.2,7,4,2,22.2,9.66,5.64,6.06,3,10301.8,Villa,Premium,Unfurnished,0,1,1886477.82
854.7,1,1,6,9.5,4.26,5.58,0.76,0,330.1,Apartment,Average,Semi-Furnished,1,0,303604.32
2279.5,4,2,3,40.8,6.67,6.42,5.28,2,3080.3,Townhouse,Average,Semi-Furnished,0,0,571018.52
3196.9,5,4,2,10.3,4.02,7.77,2.24,2,4780.4,Independent House,Poor,Furnished,1,1,925835.68
900.0,2,1,11,11.9,6.39,6.05,1.03,1,470.8,Apartment,Good,Semi-Furnished,0,0,382856.56
1062.7,2,2,10,8.1,14.52,5.02,2.39,0,437.8,Apartment,Premium,Semi-Furnished,0,0,463948.27
1057.6,1,1,14,21.0,14.41,4.6,4.22,0,282.0,Apartment,Good,Semi-Furnished,0,0,312676.53
2106.7,4,3,3,6.1,9.77,,4.13,2,2358.5,Villa,Average,Semi-Furnished,1,1,771744.82
1164.9,3,2,14,9.8,8.16,5.65,1.65,1,638.4,Apartment,Good,Unfurnished,0,0,435748.69
1244.9,2,2,12,8.7,11.6,7.11,1.79,0,825.7,Apartment,Good,Unfurnished,1,0,461270.72
1923.8,4,3,4,16.4,9.44,3.62,3.45,3,1097.4,Apartment,Average,Unfurnished,0,0,494660.04
610.2,2,2,7,4.8,6.34,7.39,3.34,0,150.0,Apartment,Good,Semi-Furnished,1,0,374134.95
1227.6,2,2,3,12.7,7.86,6.23,2.56,0,2937.5,Independent House,Average,Unfurnished,0,1,534493.72
1792.6,3,3,15,29.1,3.19,4.16,5.12,1,962.1,Apartment,Average,Semi-Furnished,1,1,391196.05
2081.2,3,3,2,5.5,2.83,7.23,3.05,2,4727.4,Townhouse,Good,Unfurnished,1,1,721573.15
1057.8,1,1,3,21.7,20.5,7.42,1.74,0,1364.0,Townhouse,Average,Semi-Furnished,1,1,347218.31
2337.7,4,2,3,24.7,13.6,5.53,3.7,1,4295.0,Independent House,Premium,Unfurnished,1,1,896868.75
2362.2,3,3,7,12.3,5.3,7.64,3.7,1,736.6,Apartment,Average,Semi-Furnished,0,0,667006.73
1810.3,3,3,3,2.2,7.85,4.72,0.87,1,3993.7,Independent House,Average,Unfurnished,1,0,674318.26
1210.2,1,1,1,21.2,6.0,3.37,1.75,2,1563.5,Independent House,Average,Unfurnished,1,0,352637.9
1953.9,3,2,5,28.5,7.74,6.45,3.3,0,860.5,Apartment,Average,Unfurnished,1,0,363686.89
3810.6,5,5,3,38.8,13.79,5.41,4.25,2,4661.4,Independent House,Average,Semi-Furnished,1,0,976032.4
1273.7,3,2,2,,0.54,4.89,1.78,1,2295.6,Independent House,Good,Semi-Furnished,0,1,600833.03
1375.5,2,2,13,3.3,11.17,7.53,0.82,1,727.2,Apartment,Average,Unfurnished,0,0,297964.63
3521.0,5,4,3,20.9,2.48,7.01,2.43,2,7338.1,Villa,Average,Semi-Furnished,1,1,1199621.31
1731.9,4,3,1,3.8,45.0,9.08,0.56,3,2185.1,Townhouse,Good,Semi-Furnished,1,1,644886.99
887.1,1,1,3,18.9,16.08,7.3,3.05,1,1537.2,Independent House,Poor,Semi-Furnished,1,0,358682.78
2683.5,4,3,2,23.3,2.12,7.5,2.72,3,6591.1,Villa,Good,Semi-Furnished,0,1,1084029.25
896.9,1,1,11,29.6,2.2,5.43,2.33,0,313.6,Apartment,Average,Unfurnished,0,0,220495.31
1083.7,2,2,1,9.9,4.65,3.6,2.79,1,2189.7,Independent House,Average,Semi-Furnished,1,0,455864.67
654.9,2,2,9,6.8,7.72,,3.03,1,331.3,Apartment,Good,Furnished,0,0,403478.32
3046.7,5,5,2,,4.38,,0.7,1,6106.9,Independent House,Good,Furnished,1,0,1057838.27
1301.5,2,1,3,4.8,4.93,9.03,2.41,1,1909.3,Independent House,Good,Unfurnished,1,1,577827.52
1556.3,3,3,8,10.7,0.74,4.99,3.1,2,783.7,Apartment,Average,Semi-Furnished,0,0,431423.57
1725.4,2,2,4,8.6,34.28,8.16,2.24,1,840.2,Apartment,Average,Unfurnished,1,0,339904.35
1448.2,2,2,9,26.2,7.56,7.12,2.19,1,376.7,Apartment,Good,Semi-Furnished,0,0,393702.43
1532.5,2,3,14,33.9,24.89,8.24,4.85,0,720.7,Apartment,Good,Unfurnished,1,0,379740.94
1587.8,3,1,14,20.0,4.89,7.54,4.89,1,852.4,Apartment,Good,Unfurnished,1,0,407887.27
1433.8,2,2,15,24.1,31.36,6.37,2.05,1,713.5,Apartment,Good,Semi-Furnished,0,0,422461.68
983.2,2,1,8,15.0,12.06,7.11,2.98,2,451.6,Apartment,Good,Furnished,1,1,404658.22
947.1,2,1,11,14.2,8.24,6.19,1.9,0,320.9,Apartment,Average,Unfurnished,0,0,108401.93
1768.3,3,2,1,3.9,22.15,7.91,4.85,3,4313.2,Independent House,Good,Semi-Furnished,1,1,749269.05
1752.6,4,2,1,17.7,2.23,5.55,0.84,0,4021.3,Independent House,Average,Semi-Furnished,1,1,708864.86
2213.2,3,1,3,,7.92,5.68,4.43,3,3113.6,Independent House,Average,Furnished,0,0,613056.17
2149.0,5,4,12,11.6,6.63,6.47,2.85,1,589.8,Apartment,Good,Semi-Furnished,0,0,636163.76
2135.2,3,2,3,12.0,16.16,7.59,0.84,2,3493.1,Independent House,Average,Unfurnished,1,0,627400.01
1173.8,2,2,2,2.4,1.22,6.78,5.08,0,2717.4,Townhouse,Average,Unfurnished,1,1,516793.78
541.3,2,2,7,12.2,5.52,6.23,5.59,2,235.9,Apartment,Premium,Semi-Furnished,0,0,426731.78
979.6,2,2,7,26.3,0.75,8.23,3.43,0,652.7,Apartment,Good,Unfurnished,0,0,292351.18
1050.7,3,2,2,17.1,5.81,7.55,1.96,2,2415.7,Independent House,Average,Furnished,0,1,482144.85
995.6,1,3,4,13.2,19.51,6.03,,1,465.9,Apartment,Premium,Furnished,0,0,586749.75
1826.7,3,3,2,5.8,5.82,5.19,1.86,2,3501.6,Townhouse,Average,Furnished,1,1,695167.96
2307.9,4,4,3,9.7,3.89,6.45,2.96,2,3410.4,Villa,Good,Unfurnished,1,0,979645.21
2952.8,5,3,2,8.4,13.45,5.8,5.97,3,1650.4,Apartment,Average,Semi-Furnished,0,0,640003.77
1657.3,3,3,2,6.4,4.16,5.58,1.61,1,563.7,Apartment,Average,Semi-Furnished,0,0,459906.01
4966.6,7,4,3,17.0,17.78,7.79,2.28,3,5940.5,Villa,Average,Unfurnished,1,1,1431807.15
2228.1,4,3,3,10.0,24.19,8.33,3.26,1,3264.3,Townhouse,Poor,Unfurnished,0,1,513062.2
2134.7,4,3,5,24.7,8.65,6.61,1.23,2,1006.5,Apartment,Average,Unfurnished,0,0,453358.79
1589.4,1,3,3,13.3,11.78,6.69,6.32,1,3897.4,Independent House,Average,Semi-Furnished,1,0,611521.97
1176.8,3,2,2,41.9,18.88,5.63,2.29,2,2365.3,Independent House,Good,Furnished,1,1,505899.62
1366.4,2,2,3,9.9,8.44,5.16,0.87,1,2750.7,Townhouse,Average,Furnished,1,1,550721.74
1838.8,3,1,2,28.7,1.72,7.85,2.43,1,3619.6,Independent House,Average,Unfurnished,1,0,619980.76
1039.2,2,2,8,32.5,20.25,4.86,1.42,0,604.1,Apartment,Premium,Semi-Furnished,0,0,501115.22
888.6,2,1,10,9.2,11.96,5.8,4.45,2,150.0,Apartment,Good,Unfurnished,0,0,261264.71
1965.7,2,2,2,12.6,6.29,5.76,1.77,0,3653.3,Townhouse,Premium,Unfurnished,0,1,937077.66
887.0,1,1,14,10.6,2.49,7.31,1.33,1,563.2,Apartment,Average,Unfurnished,1,0,255284.65
970.5,1,1,1,8.9,5.82,6.41,3.37,1,1868.8,Independent House,Poor,Semi-Furnished,1,0,323957.78
1153.5,3,1,2,20.6,10.34,5.87,3.36,2,2287.9,Independent House,Good,Semi-Furnished,1,0,591715.78
1226.2,1,1,8,22.1,11.33,8.67,1.56,0,695.8,Apartment,Good,Furnished,1,0,460039.68
1088.3,1,1,3,8.3,14.62,9.06,3.27,1,1724.4,Townhouse,Poor,Furnished,0,1,345657.49
1229.4,2,1,3,8.2,21.17,7.26,1.45,1,,Apartment,Good,Unfurnished,1,0,390036.75
2378.1,3,2,2,13.6,14.07,6.91,3.14,2,4675.5,Independent House,Good,Semi-Furnished,0,1,727012.19
1722.2,2,2,1,13.3,8.3,5.97,2.37,0,934.5,Apartment,Good,Unfurnished,1,0,412437.16
1400.1,2,3,3,3.9,4.93,6.67,0.64,0,1879.5,Independent House,Average,Semi-Furnished,1,1,610314.67
954.2,2,2,2,20.9,3.7,4.95,3.14,2,2470.3,Townhouse,Good,Semi-Furnished,1,1,470854.03
1062.4,1,1,6,3.5,15.53,8.13,0.39,1,442.4,Apartment,Average,Unfurnished,0,0,242936.9
2433.9,4,3,2,7.6,7.89,6.51,0.98,2,5692.4,Independent House,Premium,Unfurnished,0,1,1110104.14
2684.7,5,3,2,15.3,3.02,5.7,1.66,4,5513.1,Independent House,Average,Unfurnished,1,1,806001.97
1913.6,2,2,1,20.7,11.39,6.22,0.34,1,2445.3,Townhouse,Average,Unfurnished,0,1,521813.28
3060.9,5,4,2,7.3,10.95,7.72,3.46,2,4133.9,Independent House,Poor,Furnished,1,1,864642.29
4605.0,7,4,3,12.3,33.45,6.33,2.18,2,10080.8,Villa,Good,Unfurnished,1,0,1486992.47
1104.5,2,2,3,10.0,0.85,5.56,,0,464.5,Apartment,Premium,Semi-Furnished,0,0,549547.53
3080.6,5,4,2,1.1,1.88,3.67,0.7,2,4898.2,Townhouse,Premium,Furnished,0,1,1300574.36
1212.8,2,3,11,10.4,0.97,6.59,6.47,0,524.0,Apartment,Good,Semi-Furnished,1,0,410871.63
2836.1,5,3,2,6.2,3.88,7.24,3.12,2,6967.1,Independent House,Premium,Semi-Furnished,1,1,1209319.54
2221.9,4,3,1,13.4,7.75,5.99,4.21,2,2987.8,Townhouse,Good,Furnished,1,1,778108.04
589.8,2,1,10,5.5,6.25,5.55,1.17,1,219.5,Apartment,Average,Unfurnished,1,0,255515.4
901.7,2,2,8,9.8,22.67,5.07,3.51,2,161.0,Apartment,Good,Unfurnished,1,0,250486.54
1106.5,3,3,1,12.3,6.45,6.15,1.89,1,1854.4,Independent House,Poor,Semi-Furnished,1,1,393979.12
640.1,1,1,7,14.1,1.13,5.08,0.47,0,448.0,Apartment,Average,Semi-Furnished,0,0,173445.85
2673.6,3,3,2,11.4,29.84,5.07,2.17,1,5744.5,Independent House,Average,Furnished,1,1,852575.63
3225.9,5,4,10,27.9,15.6,6.01,1.37,2,1577.1,Apartment,Average,Unfurnished,0,1,696863.53
1999.0,3,2,3,16.0,14.95,9.43,2.34,1,4255.9,Villa,Premium,Semi-Furnished,1,1,1145185.78
1936.9,3,3,15,19.7,2.49,10.0,1.67,1,918.0,Apartment,Premium,Semi-Furnished,0,1,835903.32
2524.1,4,3,13,12.5,8.99,8.41,2.36,3,859.0,Apartment,Average,Furnished,1,0,650493.17
2017.0,3,2,3,0.4,19.8,7.63,1.6,2,4875.8,Independent House,Good,Unfurnished,1,1,801613.98
2203.9,5,3,2,5.1,17.24,3.89,2.83,3,3250.3,Villa,Average,Unfurnished,1,1,799253.4
1220.3,2,2,11,4.5,4.22,10.0,2.6,1,347.0,Apartment,Average,Furnished,1,0,478104.56
2067.9,3,2,2,11.3,7.78,7.27,1.1,1,3692.3,Townhouse,Average,Semi-Furnished,0,1,600487.65
2668.4,4,4,2,31.7,17.3,5.11,2.03,2,4364.9,Independent House,Average,Unfurnished,1,0,720230.75
2243.6,3,2,1,15.5,9.04,10.0,3.86,3,2849.2,Independent House,Average,Unfurnished,0,1,633262.28
1619.1,3,3,7,23.8,6.15,6.56,3.0,1,926.3,Apartment,Average,Furnished,0,0,356781.73
1614.9,3,1,1,6.8,2.91,7.91,2.36,2,3336.7,Townhouse,Poor,Semi-Furnished,1,1,485422.01
946.5,2,2,1,14.1,7.77,6.24,1.16,0,2239.1,Independent House,Average,Semi-Furnished,0,1,422659.91
2694.3,6,4,3,28.1,21.46,7.52,1.7,3,6816.5,Independent House,Premium,Furnished,1,0,1144091.88
1077.4,2,2,3,24.1,19.53,7.7,1.52,0,1248.2,Independent House,Poor,Unfurnished,1,1,269321.35
2140.2,3,2,1,8.8,10.73,,1.77,1,4397.1,Townhouse,Average,Unfurnished,0,1,611713.64
1858.4,4,2,2,12.5,9.81,8.56,3.69,0,489.4,Apartment,Average,Semi-Furnished,0,0,429253.27
1379.7,2,1,3,25.1,14.34,6.93,2.34,1,3147.9,Villa,Average,Furnished,0,1,678397.32
1431.7,3,2,2,8.2,10.08,,1.11,2,3168.9,Independent House,Average,Unfurnished,0,1,563682.82
4504.7,6,5,1,12.0,10.07,6.63,3.76,3,5303.3,Independent House,Poor,Semi-Furnished,1,1,1132975.07
1308.6,1,1,9,2.6,1.82,5.19,3.62,0,479.9,Apartment,Good,Unfurnished,1,0,382766.62
810.5,2,1,15,22.6,3.16,5.39,5.13,1,548.3,Apartment,Good,Unfurnished,0,0,280640.38
2586.9,4,4,1,21.7,13.09,6.25,1.47,3,,Independent House,Good,Furnished,1,0,864748.15
978.0,1,1,14,3.0,9.31,8.53,,0,603.5,Apartment,Good,Unfurnished,0,0,344608.34
994.3,2,1,3,12.0,8.41,7.38,2.11,2,2311.9,Villa,Average,Unfurnished,1,1,520677.47
1683.1,3,3,11,26.4,6.07,6.56,2.16,1,552.3,Apartment,Average,Furnished,0,0,434164.59
1257.5,2,2,3,5.7,21.32,6.32,1.96,0,1861.0,Independent House,Average,Semi-Furnished,1,1,548646.03
2114.9,3,2,2,16.6,13.35,5.01,4.96,1,5354.1,Independent House,Average,Semi-Furnished,0,1,577334.21
961.7,2,2,12,9.9,11.6,5.4,2.08,1,439.6,Apartment,Poor,Furnished,0,0,267092.92
1820.9,2,2,2,26.1,2.93,6.92,3.84,0,1069.8,Apartment,Average,Unfurnished,0,0,393364.67
1996.1,3,3,3,2.4,11.57,6.71,1.71,0,4787.2,Independent House,Good,Semi-Furnished,1,1,777316.27
556.2,1,1,2,2.7,38.66,7.83,2.27,1,1254.3,Townhouse,Poor,Unfurnished,1,0,139255.31
1588.5,3,3,6,8.1,1.36,6.39,0.75,2,835.1,Apartment,Poor,Unfurnished,0,0,307356.18
1636.3,2,2,3,13.8,15.5,7.52,0.56,1,3865.7,Independent House,Good,Semi-Furnished,1,0,691856.22
4038.6,6,4,1,14.0,8.42,4.48,2.0,3,6241.4,Villa,Average,Unfurnished,1,0,1225799.08
1947.9,2,3,1,3.3,8.27,5.32,0.6,1,2399.9,Townhouse,Good,Furnished,0,0,691411.4
1858.8,3,1,13,18.0,18.31,7.08,3.53,0,1013.5,Apartment,Premium,Furnished,0,0,694905.68
1003.9,3,3,13,20.5,4.16,6.72,3.75,0,448.7,Apartment,Premium,Furnished,1,0,637297.91
970.9,2,3,10,14.0,6.05,7.77,3.17,2,192.6,Apartment,Average,Unfurnished,0,0,244486.51
1338.5,1,1,4,26.5,7.05,8.4,5.41,1,710.1,Apartment,Average,Unfurnished,1,0,182896.26
1162.8,2,1,4,18.9,3.87,8.47,2.66,1,273.4,Apartment,Good,Furnished,1,0,351644.94
3241.6,5,5,2,9.8,6.83,9.0,0.83,1,4601.0,Independent House,Good,Semi-Furnished,1,0,1083259.03
1268.6,2,1,9,31.8,4.35,9.34,4.31,1,532.0,Apartment,Good,Semi-Furnished,1,0,502965.68
1331.7,2,2,2,35.0,8.64,6.18,3.21,2,3220.9,Villa,Average,Furnished,0,1,592608.42
955.7,3,3,6,16.8,15.84,10.0,4.74,1,190.1,Apartment,Poor,Unfurnished,0,0,238834.4
2029.2,3,3,13,6.9,3.72,10.0,2.79,1,877.9,Apartment,Average,Unfurnished,1,0,516546.84
1722.6,3,3,1,25.9,9.5,4.81,5.96,1,4060.1,Independent House,Average,Semi-Furnished,0,1,557032.22
1684.4,2,2,2,4.8,8.04,5.85,2.42,2,1988.1,Independent House,Average,Semi-Furnished,1,0,541997.28
2111.9,4,3,13,7.3,7.79,7.22,3.34,2,889.0,Apartment,Premium,Unfurnished,0,0,748892.29
921.4,2,1,6,23.8,3.5,7.04,0.9,0,259.4,Apartment,Poor,Semi-Furnished,0,0,183022.36
529.2,2,1,12,6.5,18.49,4.25,2.23,2,150.0,Apartment,Good,Furnished,0,0,277499.73
1153.2,2,2,3,30.0,18.49,5.32,2.31,1,2733.2,Townhouse,Premium,Semi-Furnished,1,1,646101.14
1826.6,3,1,1,6.9,7.63,7.01,,1,3092.2,Townhouse,Average,Unfurnished,1,1,612504.74
1218.4,4,3,13,11.0,14.8,6.38,2.09,1,501.0,Apartment,Average,Semi-Furnished,0,0,359216.67
702.5,2,1,7,10.2,4.91,7.6,0.53,1,307.8,Apartment,Good,Furnished,0,0,434599.45
2528.2,4,3,2,20.4,16.02,9.54,4.11,1,2924.8,Townhouse,Average,Furnished,1,1,782354.58
2385.8,4,3,2,20.2,3.65,4.9,1.17,0,5216.9,Villa,Average,Unfurnished,1,1,863604.06
2176.0,4,3,3,10.0,3.12,10.0,4.54,2,3846.7,Independent House,Good,Furnished,0,1,790788.52
1968.0,4,2,3,18.7,8.96,9.43,2.97,2,2645.4,Townhouse,Good,Semi-Furnished,1,0,667635.89
784.2,2,1,15,15.3,26.91,4.2,1.5,1,256.5,Apartment,Good,Semi-Furnished,0,0,261304.45
1536.5,3,3,13,21.4,2.89,4.97,4.55,0,671.4,Apartment,Premium,Unfurnished,1,0,637634.92
1980.7,4,3,11,19.5,1.47,6.11,2.53,1,822.3,Apartment,Average,Unfurnished,0,0,537765.37
2983.3,4,2,1,6.8,15.83,5.32,2.28,2,6385.1,Independent House,Good,Semi-Furnished,0,1,1008146.11
2501.9,6,4,1,30.1,9.34,7.54,1.7,3,5880.6,Independent House,Good,Unfurnished,1,1,929748.04
2763.2,6,4,3,2.9,10.13,7.62,2.22,3,4226.0,Villa,Good,Unfurnished,0,0,1071050.5
1073.8,2,2,3,10.9,6.24,6.91,0.84,2,2132.2,Villa,Good,Furnished,0,0,696185.26
2213.6,4,2,1,18.7,12.48,7.24,4.11,2,4327.9,Villa,Good,Unfurnished,0,1,895904.85
1490.5,3,2,1,13.1,14.84,6.51,1.82,2,2846.5,Villa,Premium,Furnished,1,1,989883.5
2318.3,4,4,3,12.2,2.25,7.28,4.07,1,764.4,Apartment,Average,Semi-Furnished,0,0,528616.88
2175.1,3,3,14,10.8,1.8,9.47,6.91,0,1119.7,Apartment,Good,Furnished,1,0,713081.21
907.6,1,1,15,9.8,3.24,3.24,4.73,1,312.0,Apartment,Average,Unfurnished,0,1,125437.07
1618.4,4,4,3,28.0,4.73,6.73,3.01,1,3418.1,Townhouse,Good,Semi-Furnished,1,1,622002.13
1501.9,3,2,13,12.3,7.13,7.37,4.18,0,647.5,Apartment,Good,Semi-Furnished,1,1,495290.97
2697.8,3,2,1,12.3,9.15,6.56,1.87,2,3734.2,Independent House,Good,Furnished,0,1,869081.07
914.2,2,1,2,8.0,13.33,7.15,3.58,2,,Independent House,Average,Unfurnished,1,1,366408.71
652.3,1,1,1,19.8,4.71,8.44,1.02,0,1540.4,Townhouse,Average,Unfurnished,0,1,303523.83
1374.9,2,1,7,4.6,15.31,5.95,5.3,0,678.1,Apartment,Average,Furnished,0,0,292382.38
467.3,1,1,13,39.0,9.3,9.9,3.04,2,150.0,Apartment,Average,Unfurnished,1,0,152650.3
1446.2,1,1,7,6.8,10.51,4.55,2.7,1,1100.3,Apartment,Average,Semi-Furnished,0,0,327335.57
2369.9,4,4,2,12.2,2.25,7.6,0.99,3,3507.3,Independent House,Premium,Unfurnished,1,1,1116074.17
2773.0,5,3,3,17.3,3.86,6.68,2.48,2,4228.6,Townhouse,Average,Unfurnished,1,1,813095.34
1422.8,2,2,2,24.6,5.92,7.08,3.58,1,3247.2,Independent House,Premium,Semi-Furnished,1,0,732869.87
1447.8,1,1,7,10.5,45.0,7.8,1.29,1,408.3,Apartment,Average,Semi-Furnished,1,0,187408.18
1778.8,3,2,8,9.1,15.07,5.8,1.0,2,916.7,Apartment,Good,Semi-Furnished,1,0,579013.22
825.7,2,2,15,14.6,7.48,8.3,1.6,1,664.6,Apartment,Good,Semi-Furnished,0,1,394050.54
2714.3,5,4,3,8.2,5.06,9.56,7.17,4,3447.6,Independent House,Good,Semi-Furnished,1,0,953491.06
2073.7,3,3,2,11.4,27.84,6.28,1.02,2,3041.3,Independent House,Good,Furnished,1,0,627288.17
1049.2,4,4,15,32.3,9.71,5.95,2.1,2,566.6,Apartment,Good,Unfurnished,0,0,340598.86
2363.8,3,4,3,6.8,3.96,8.53,2.65,1,3905.1,Villa,Premium,Unfurnished,1,1,1209423.11
1276.1,3,2,9,2.0,3.13,8.12,0.54,1,708.6,Apartment,Good,Unfurnished,0,1,522427.08
2564.4,4,3,1,7.7,11.88,4.43,2.73,2,3244.5,Independent House,Poor,Semi-Furnished,1,1,743492.81
1162.9,3,2,7,4.5,7.43,7.5,1.84,0,620.9,Apartment,Average,Unfurnished,1,0,319229.8
1488.4,3,2,5,19.3,17.54,7.82,2.9,0,373.0,Apartment,Good,Semi-Furnished,0,0,336825.13
1423.8,3,3,3,9.0,2.82,6.62,4.19,1,2434.5,Independent House,Average,Semi-Furnished,1,0,501104.08
912.5,2,2,14,26.3,15.45,8.88,2.5,1,339.1,Apartment,Average,Semi-Furnished,0,0,219835.44
1454.1,2,2,3,11.2,16.43,4.37,2.65,1,560.2,Apartment,Good,Furnished,1,0,475198.3
1132.2,1,1,3,4.6,20.26,3.58,,0,2527.0,Townhouse,Average,Semi-Furnished,1,0,326485.67
1893.8,3,2,5,24.3,4.42,8.24,2.2,1,410.5,Apartment,Good,Semi-Furnished,0,0,496582.64
2369.9,5,5,3,7.0,15.49,5.52,6.17,1,5788.6,Independent House,Good,Unfurnished,1,1,874057.21
1340.1,2,1,1,1.9,6.09,6.65,3.74,2,1830.2,Independent House,Good,Semi-Furnished,1,1,557544.87
2021.6,3,3,1,16.8,3.54,5.06,1.48,0,2700.3,Independent House,Good,Unfurnished,1,0,810149.64
979.3,3,3,15,7.9,7.58,7.94,3.1,2,231.3,Apartment,Premium,Furnished,0,0,611065.22
841.1,1,1,3,17.6,0.95,7.19,1.45,0,1093.7,Townhouse,Good,Semi-Furnished,1,0,383970.66
1052.8,1,1,14,22.0,10.48,6.51,4.11,1,357.5,Apartment,Premium,Unfurnished,0,0,444560.6
1324.7,1,1,8,15.5,7.82,4.91,2.26,2,765.6,Apartment,Poor,Unfurnished,0,0,167465.74
1684.2,4,3,10,8.2,2.04,6.47,4.78,2,708.8,Apartment,Good,,1,0,523977.09
2371.8,4,2,3,,10.68,7.18,2.25,1,5985.3,Villa,Good,Furnished,1,1,1021955.72
2705.6,5,5,2,6.5,14.86,5.93,1.78,2,4877.9,Independent House,Average,Unfurnished,1,1,895742.81
1223.9,2,2,1,17.6,7.11,5.98,1.59,1,2506.4,Independent House,Average,Unfurnished,0,0,409397.7
1408.6,3,3,1,20.0,5.54,6.72,3.93,0,1809.2,Townhouse,Good,Semi-Furnished,1,0,530701.46
3291.7,5,4,1,13.6,12.18,7.68,3.17,3,4831.9,Townhouse,Average,Furnished,1,0,879335.61
733.2,2,3,2,,22.1,7.31,2.64,3,1903.7,Townhouse,Premium,Furnished,1,1,668625.54
1364.7,2,1,2,15.6,6.81,8.41,4.33,2,3569.0,Townhouse,Average,Unfurnished,1,1,435757.05
1052.1,2,2,1,17.0,29.85,6.57,3.19,0,2133.4,Townhouse,Average,Semi-Furnished,1,0,339583.21
1246.4,3,2,3,21.8,18.39,8.17,5.11,3,702.0,Apartment,Good,Furnished,1,0,439531.86
1127.3,1,1,4,15.0,5.77,5.01,2.73,0,522.5,Apartment,Average,Semi-Furnished,1,0,254473.1
2868.5,5,4,2,23.4,4.07,7.28,0.61,2,6064.0,Villa,Poor,Semi-Furnished,1,0,907948.25
1836.9,3,2,3,29.2,12.51,7.2,,1,2712.4,Townhouse,Good,Semi-Furnished,0,0,620445.63
1287.3,2,3,3,18.0,2.9,10.0,4.49,1,2361.9,Villa,Average,Semi-Furnished,0,1,673759.57
1056.9,2,2,14,22.1,2.89,5.73,2.02,0,380.9,Apartment,Average,Unfurnished,0,0,246849.12
1649.9,2,1,1,13.6,6.05,4.96,2.63,0,4442.1,Townhouse,Good,Unfurnished,1,0,601581.82
1845.7,4,3,10,29.6,5.72,5.58,0.93,3,571.3,Apartment,Good,Semi-Furnished,0,0,555692.78
3759.0,6,3,11,16.4,26.04,5.78,2.23,4,1019.4,Apartment,Good,Unfurnished,1,0,894581.08
1817.6,5,3,3,20.9,16.18,7.29,1.29,0,1062.6,Apartment,Average,Semi-Furnished,0,0,378079.88
884.3,2,1,3,4.7,16.64,4.87,3.08,2,274.4,Apartment,Average,Furnished,0,0,189231.92
2141.4,3,2,1,19.8,12.18,7.2,1.6,0,2977.5,Villa,Premium,Furnished,0,0,1097224.33
1459.9,3,2,7,14.4,6.04,6.75,0.58,1,971.7,Apartment,Good,Unfurnished,0,0,445345.23
1485.8,3,3,3,19.3,7.01,8.03,3.58,0,2550.0,Independent House,Poor,Unfurnished,1,1,426657.86
2010.3,4,3,1,20.6,11.4,7.6,3.35,3,3068.7,Townhouse,Good,Semi-Furnished,1,1,746414.92
521.2,1,1,11,21.9,3.48,7.9,2.32,1,214.1,Apartment,Average,Semi-Furnished,1,0,185481.98
2081.5,2,3,1,19.9,3.46,7.41,2.19,1,5281.1,Townhouse,Good,Unfurnished,1,1,716463.08
1107.7,2,1,3,11.7,15.03,8.39,0.45,1,568.9,Apartment,Good,Furnished,0,0,369388.74
2127.2,4,3,1,36.2,13.15,4.54,2.39,2,4422.1,Villa,Premium,Unfurnished,0,0,938312.13
3420.2,6,4,3,26.4,3.22,4.59,3.37,2,5217.8,Independent House,Premium,Unfurnished,1,0,1262555.06
1087.9,2,2,2,12.5,3.13,6.67,,1,2740.7,Independent House,Average,Semi-Furnished,0,0,427997.8
1850.2,3,3,2,12.1,3.3,6.82,1.8,1,3164.7,Townhouse,Good,Semi-Furnished,1,1,701488.62
1888.5,2,2,3,0.7,14.78,5.22,1.77,0,1322.6,Apartment,Average,Semi-Furnished,0,0,501932.74
2392.7,4,3,3,5.9,17.88,7.51,1.84,2,3521.4,Villa,Good,Semi-Furnished,0,1,963726.18
686.9,2,1,10,7.7,3.58,4.81,0.81,2,364.9,Apartment,Good,Furnished,0,0,376814.74
2385.7,4,2,11,12.3,9.54,6.31,1.4,2,956.6,Apartment,Poor,Unfurnished,0,0,413673.05
1238.1,1,1,9,28.9,3.43,6.67,3.11,2,748.4,Apartment,Poor,Semi-Furnished,0,0,203312.91
1480.7,2,1,1,11.4,20.75,7.53,1.43,1,1719.1,Independent House,Poor,Unfurnished,1,0,375261.4
1622.1,3,2,1,5.8,1.62,5.97,1.44,0,2341.1,Independent House,Average,Semi-Furnished,1,1,589619.21
1574.0,4,4,1,19.1,10.46,8.46,0.67,1,2613.4,Independent House,Average,Semi-Furnished,1,1,720791.72
1121.0,1,2,3,20.0,5.99,9.14,1.78,0,2655.9,Independent House,Premium,Semi-Furnished,1,1,759863.03
1450.1,3,3,13,11.4,3.55,8.93,4.81,2,516.2,Apartment,Average,Unfurnished,0,0,393951.93
1733.3,2,2,3,26.8,2.18,9.32,5.37,2,2170.7,Villa,Good,Furnished,0,1,832946.49
2187.0,4,3,1,27.9,2.89,8.25,1.43,3,5024.9,Townhouse,Good,Semi-Furnished,0,1,780266.92
2296.7,4,4,2,3.1,6.96,7.59,1.22,2,4923.3,Independent House,Good,Furnished,0,1,928156.4
2678.1,4,3,2,20.1,4.74,5.61,1.24,3,671.6,Apartment,Average,Semi-Furnished,0,0,662494.22
2038.1,4,4,3,1.8,9.25,5.88,3.22,2,5017.4,Villa,Good,Furnished,0,0,877678.33
965.6,2,1,11,12.4,26.94,8.08,1.13,2,346.2,Apartment,Good,Semi-Furnished,1,0,418144.44
729.8,1,2,6,46.9,15.77,4.12,1.65,1,436.7,Apartment,Good,Semi-Furnished,1,0,239474.28
4145.3,6,3,3,19.5,14.94,8.62,2.41,2,9890.0,Townhouse,Premium,Semi-Furnished,0,1,1560707.72
1786.8,4,3,14,8.5,14.61,5.82,2.42,1,547.6,Apartment,Good,Furnished,0,0,582617.18
1011.6,2,1,9,20.8,11.84,5.93,1.22,1,384.9,Apartment,Average,Semi-Furnished,1,0,189270.6
3763.0,6,3,2,8.0,17.72,7.83,,1,4731.6,Independent House,Premium,Semi-Furnished,1,0,1337188.42
2391.5,3,2,9,16.4,5.35,7.11,1.12,1,1423.8,Apartment,Average,Semi-Furnished,0,0,550013.27
1262.8,3,3,2,6.8,11.85,6.09,0.65,1,2635.7,Villa,Good,Semi-Furnished,1,1,710278.39
986.0,3,3,1,10.3,1.48,5.38,2.19,2,452.3,Apartment,Poor,Semi-Furnished,0,0,246473.48
1748.1,3,4,2,26.5,14.75,4.52,5.26,1,4199.7,Independent House,Poor,Semi-Furnished,1,1,434295.5
1052.7,2,2,3,35.6,9.04,3.56,2.97,2,2527.2,Townhouse,Average,Semi-Furnished,0,1,307085.33
1774.5,2,2,1,16.4,7.96,8.82,2.23,1,2983.0,Independent House,Poor,Semi-Furnished,1,0,488348.17
2225.1,3,2,1,22.2,3.25,6.39,4.13,1,4466.3,Townhouse,Premium,Semi-Furnished,0,0,880606.87
926.8,1,2,1,9.3,2.43,5.41,0.78,2,1159.8,Townhouse,Poor,Furnished,1,1,423741.33
2519.2,4,3,1,6.2,5.71,7.79,1.75,3,4792.8,Villa,Good,Unfurnished,1,1,1018781.11
2210.2,3,3,9,15.3,9.02,5.57,0.46,1,1238.4,Apartment,Average,Unfurnished,0,0,512780.59
1600.7,3,2,4,14.7,15.99,5.6,4.44,1,896.2,Apartment,Premium,Unfurnished,0,0,560790.77
1790.2,2,1,3,48.3,17.75,8.43,1.06,3,4542.2,Independent House,Average,Semi-Furnished,1,0,546079.8
1395.8,2,2,2,12.1,16.34,7.78,2.35,1,2202.7,Independent House,Poor,Semi-Furnished,0,1,401116.02
1918.0,2,1,12,11.7,12.44,6.97,3.23,2,1089.2,Apartment,Poor,Semi-Furnished,0,1,401141.33
1006.5,2,3,1,19.4,2.33,5.9,3.72,2,1247.0,Townhouse,Good,Unfurnished,1,1,397536.17
2046.4,2,1,2,9.1,7.99,7.04,3.19,1,4161.3,Independent House,Premium,Furnished,0,1,906088.43
1867.9,3,2,1,7.6,22.31,7.54,3.07,0,4285.8,Independent House,Premium,Semi-Furnished,1,1,924084.35
3573.8,6,5,3,17.6,26.98,7.07,3.19,2,4739.0,Villa,Average,Semi-Furnished,1,0,1144403.42
1291.8,2,2,1,4.2,2.27,8.46,5.11,0,2548.7,Townhouse,Average,Unfurnished,0,1,483190.56
1499.4,1,1,2,18.7,5.98,5.25,1.89,0,3013.5,Independent House,Poor,Unfurnished,1,1,428651.25
803.1,2,2,3,9.9,23.24,6.33,0.67,1,150.0,Apartment,Average,Unfurnished,0,0,164788.11
2676.6,4,3,3,21.6,18.05,7.51,1.35,1,5691.0,Villa,Good,Semi-Furnished,0,0,925148.82
1132.4,2,2,8,30.0,8.6,5.87,4.52,1,477.7,Apartment,Average,Semi-Furnished,0,0,226751.26
1286.6,1,1,3,7.6,10.63,8.08,2.47,1,3205.1,Independent House,Good,Unfurnished,1,0,514737.21
980.5,1,1,11,11.6,11.98,8.65,2.1,0,560.4,Apartment,Premium,Unfurnished,0,0,484605.3
2067.5,3,2,2,25.4,18.48,6.79,2.4,1,3319.9,Townhouse,Poor,Unfurnished,1,1,488671.64
1162.8,3,2,2,16.4,18.13,7.26,0.89,2,1557.3,Independent House,Average,Semi-Furnished,0,1,435607.31
1077.7,2,2,3,36.1,6.55,6.4,1.15,1,2651.4,Townhouse,Average,Unfurnished,1,1,353204.47
3245.8,5,3,2,16.8,22.25,6.28,1.29,2,7017.7,Villa,Average,Unfurnished,1,0,1004078.75
1261.8,1,2,4,29.1,24.05,8.56,2.39,0,390.3,Apartment,Average,Unfurnished,0,0,238055.29
2760.4,4,3,3,5.4,7.33,5.49,2.12,1,3140.8,Independent House,Good,Semi-Furnished,1,1,915955.92
1163.5,2,1,6,7.4,23.17,7.9,1.63,0,347.9,Apartment,Poor,Furnished,0,0,279129.13
1352.4,3,2,2,33.2,7.25,5.99,0.79,0,,Apartment,Good,Semi-Furnished,0,0,439178.32
1761.9,3,2,2,7.3,14.4,5.47,0.73,1,3589.5,Townhouse,Premium,Unfurnished,0,1,863736.77
2422.9,5,4,8,33.5,25.55,8.16,1.41,3,1391.2,Apartment,Premium,Furnished,0,0,894627.19
2341.5,3,2,6,8.2,20.02,7.71,0.84,1,1076.9,Apartment,Good,Furnished,0,0,723275.17
2999.6,5,3,2,4.5,4.75,5.75,2.51,0,4930.4,Independent House,Average,Semi-Furnished,1,1,922386.15
1419.1,1,1,3,12.0,11.83,6.46,3.66,1,2398.3,Independent House,Poor,Unfurnished,1,1,416922.75
1221.0,2,1,1,5.4,13.31,6.52,1.65,1,3102.8,Independent House,Average,Semi-Furnished,0,1,413447.48
1862.4,4,3,9,20.4,10.43,7.04,2.72,1,767.0,Apartment,Premium,Furnished,0,0,780201.75
2412.3,3,2,15,1.8,5.16,5.99,2.42,1,794.2,Apartment,Premium,Furnished,0,0,931653.51
2205.0,4,2,15,41.5,4.88,9.22,2.54,2,772.2,Apartment,Average,,0,0,510645.34
1858.2,4,3,3,14.6,7.59,5.09,3.61,2,3888.7,Independent House,Average,Semi-Furnished,1,1,677732.14
2508.7,4,4,3,21.1,2.39,4.5,2.68,2,5690.4,Independent House,Average,Furnished,0,0,794112.53
1850.4,3,2,4,22.8,13.03,6.53,0.62,0,858.8,Apartment,Average,Unfurnished,0,0,386627.74
1967.3,4,3,1,15.7,28.52,3.82,2.69,2,3421.4,Independent House,Premium,Unfurnished,0,0,858879.47
1466.9,3,2,1,18.5,8.37,5.57,4.24,0,636.7,Apartment,Average,Furnished,0,0,303123.89
1410.0,3,2,3,10.9,4.89,5.78,0.81,0,487.0,Apartment,Average,Unfurnished,1,0,405466.81
971.7,1,2,12,22.8,2.95,6.72,1.88,0,455.7,Apartment,Average,Semi-Furnished,1,0,280166.38
1014.3,2,2,7,1.8,19.01,6.41,2.39,1,375.6,Apartment,Average,Unfurnished,0,0,263268.29
1376.4,3,1,2,37.0,11.92,7.04,1.62,1,1669.7,Independent House,Average,Unfurnished,1,0,386657.39
1137.9,1,2,1,10.6,10.4,5.57,3.34,0,1438.7,Villa,Good,Unfurnished,1,0,629712.98
1436.7,2,2,2,24.6,12.01,6.15,2.61,0,901.4,Apartment,Average,Semi-Furnished,1,0,289791.39
1622.1,3,3,3,27.3,12.18,7.54,4.12,0,3257.7,Townhouse,Good,Semi-Furnished,0,1,554448.29
2545.0,4,1,1,10.2,13.1,3.41,3.5,2,4862.6,Independent House,Average,Semi-Furnished,1,0,706831.65
3782.5,7,5,2,13.6,11.37,7.31,5.28,3,7327.6,Villa,Average,Unfurnished,1,0,1164634.07
3223.0,5,4,2,13.2,14.66,3.59,1.71,2,5830.8,Independent House,Poor,Furnished,0,1,918730.8
2454.9,4,3,14,12.2,12.47,6.72,2.12,1,1657.6,Apartment,Average,Semi-Furnished,0,0,621841.19
1344.6,2,2,1,8.3,1.4,7.45,2.37,1,2928.0,Independent House,Poor,Furnished,1,0,474777.45
741.5,2,2,12,14.0,4.55,7.15,3.73,1,150.0,Apartment,Average,Semi-Furnished,1,0,282592.77
3293.0,6,4,1,11.8,4.53,5.8,3.55,3,4478.3,Villa,Good,Unfurnished,1,1,1164596.4
2417.7,4,4,13,30.7,4.93,7.07,2.56,2,571.2,Apartment,Good,Furnished,0,0,750064.1
3552.4,5,4,2,16.5,3.28,5.33,1.99,2,6672.8,Independent House,Premium,Furnished,0,1,1313769.25
1658.7,4,3,3,8.9,11.07,8.7,0.8,2,700.5,Apartment,Average,Unfurnished,1,0,508061.42
584.9,2,2,8,31.9,15.09,7.91,1.52,1,150.0,Apartment,Good,Semi-Furnished,0,1,324028.15
2154.7,4,3,3,28.2,1.87,5.32,1.74,0,4825.1,Independent House,Good,Semi-Furnished,1,1,769504.89
2333.5,4,2,1,12.1,3.68,8.7,2.95,2,5034.7,Independent House,Average,Unfurnished,1,1,783299.05
2791.7,5,4,3,15.9,2.25,6.98,2.91,1,4646.8,Townhouse,Average,Semi-Furnished,1,0,778431.47
4060.6,5,4,3,30.9,1.07,5.06,3.77,3,7969.6,Villa,Average,Unfurnished,0,1,1203987.74
2707.8,5,4,3,23.9,9.08,8.39,2.35,3,5918.5,Independent House,Good,Unfurnished,0,0,940667.64
1057.2,3,3,2,3.8,1.35,9.08,2.96,0,508.0,Apartment,Average,Furnished,0,0,459011.02
1070.9,2,2,2,6.9,8.73,6.33,4.5,1,1867.0,Townhouse,Average,Semi-Furnished,1,1,370974.28
2064.8,3,2,2,9.6,10.44,7.23,4.14,1,4783.0,Townhouse,Premium,Furnished,1,1,997386.25
1324.8,2,1,2,10.4,8.41,6.68,4.99,1,1953.5,Independent House,Poor,Semi-Furnished,1,1,448684.5
2514.0,4,3,15,13.4,8.53,7.54,2.92,3,990.7,Apartment,Premium,Furnished,0,0,881441.86
661.3,1,1,3,18.1,7.61,7.85,4.36,1,277.5,Apartment,Good,Semi-Furnished,1,0,267234.58
2826.3,5,4,2,13.4,15.99,8.13,1.62,2,4464.0,Villa,Good,Semi-Furnished,0,0,1012881.68
2547.4,4,5,2,27.6,24.22,4.02,4.74,1,4567.4,Villa,Good,Unfurnished,1,1,898414.45
1694.3,2,1,3,10.5,11.05,5.95,2.82,0,4310.6,Independent House,Average,Semi-Furnished,1,1,540959.24
1510.3,2,2,2,27.6,4.7,8.1,1.94,2,3179.7,Villa,Good,Semi-Furnished,0,0,738724.37
777.4,3,3,2,16.6,3.63,5.69,3.63,2,1737.1,Independent House,Good,,1,0,536915.25
1478.3,2,2,2,15.9,1.26,,4.91,1,3375.5,Independent House,Good,Semi-Furnished,1,0,641036.94
1489.3,2,1,2,22.4,20.96,5.37,3.67,0,3026.5,Independent House,Average,Unfurnished,1,0,367509.81
2631.9,3,3,2,20.3,6.9,7.68,6.1,2,3214.5,Townhouse,Average,Furnished,1,1,777306.54
1187.6,1,1,1,,7.3,6.75,0.84,0,2567.5,Townhouse,Average,Furnished,1,0,475471.08
1636.4,3,2,9,8.2,8.92,7.58,4.31,3,591.0,Apartment,Average,Semi-Furnished,1,0,477739.97
1074.0,2,2,2,31.2,5.72,7.27,6.57,2,2691.4,Independent House,Good,Semi-Furnished,1,0,521489.08
1655.4,2,2,12,15.3,10.25,4.66,3.79,0,920.8,Apartment,Good,Semi-Furnished,0,0,391645.7
528.6,1,1,10,15.4,10.67,9.74,0.66,0,336.0,Apartment,Good,Semi-Furnished,0,0,332172.33
3978.1,7,5,2,53.6,11.78,4.8,0.76,3,5618.7,Townhouse,Good,Semi-Furnished,1,1,1115154.99
1275.2,4,3,11,27.8,2.24,10.0,6.62,3,477.3,Apartment,Average,Semi-Furnished,0,0,338425.31
450.0,2,1,9,12.6,0.78,3.57,4.59,2,150.0,Apartment,Average,Unfurnished,0,0,116583.17
1367.0,3,3,2,14.5,15.52,6.8,2.61,0,2733.6,Independent House,Average,Unfurnished,1,1,502159.38
1279.3,3,3,3,7.6,7.11,4.66,,2,1652.4,Independent House,Average,Furnished,1,1,464663.86
1027.2,3,2,2,5.8,4.18,9.04,3.7,2,672.4,Apartment,Poor,Semi-Furnished,1,0,315934.32
1160.9,2,2,10,12.6,16.86,5.23,2.77,1,,Apartment,Average,Unfurnished,0,1,272543.2
1024.3,1,1,6,19.4,4.34,5.11,0.8,1,755.9,Apartment,Average,Unfurnished,1,0,269020.77
1311.6,4,3,1,8.0,3.94,6.75,1.39,3,2994.7,Independent House,Good,Semi-Furnished,1,1,644884.59
1135.9,1,1,3,24.0,5.36,8.77,2.18,2,2102.7,Independent House,Poor,Semi-Furnished,1,0,343830.31
1910.7,2,2,13,6.7,4.63,8.49,,1,1196.6,Apartment,Average,Semi-Furnished,0,0,447748.68
3060.5,4,2,3,12.7,4.73,6.38,1.17,2,5953.6,Independent House,Poor,Semi-Furnished,0,0,827051.08
1215.8,2,2,1,22.6,14.39,6.24,1.7,1,348.2,Apartment,Good,Furnished,0,0,437399.75
1343.0,1,1,6,43.3,21.97,7.46,3.99,1,340.8,Apartment,Good,Unfurnished,0,0,239614.23
1387.9,1,1,2,33.9,3.39,6.62,2.34,0,1887.5,Villa,Average,Furnished,1,0,621542.12
1394.0,2,2,8,29.4,8.64,6.82,3.56,2,322.6,Apartment,Average,Unfurnished,0,0,256342.74
1490.2,2,2,12,15.7,4.82,6.49,,0,628.5,Apartment,Premium,Semi-Furnished,1,0,636353.83
1504.8,3,2,3,24.8,18.02,7.59,0.64,1,2725.4,Townhouse,Good,Unfurnished,1,0,522914.04
2182.5,4,2,3,12.0,11.0,7.35,3.43,1,4143.7,Independent House,Good,Unfurnished,1,1,751822.67
2535.9,5,4,1,21.7,8.81,8.91,8.64,3,6665.5,Villa,Average,Unfurnished,0,0,863362.8
1430.7,3,3,3,5.3,13.91,5.78,0.89,2,1936.1,Villa,Good,Unfurnished,1,1,739505.57
2233.1,3,3,14,18.1,16.74,5.76,1.71,2,893.7,Apartment,Premium,Furnished,0,0,846319.59
1240.0,3,2,4,5.3,13.66,6.57,4.64,2,776.2,Apartment,Average,Semi-Furnished,1,0,343000.27
3735.4,6,4,2,28.2,13.31,6.41,3.21,1,6512.0,Independent House,Good,Furnished,1,1,1112706.23
1614.3,2,1,1,24.0,23.84,7.95,4.9,1,631.5,Apartment,Average,Semi-Furnished,1,0,348132.41
4228.7,6,3,3,35.9,11.59,5.17,1.0,2,9843.3,Independent House,Good,Semi-Furnished,1,1,1297379.2
3027.4,5,4,1,6.0,4.06,8.54,5.74,2,6672.8,Independent House,Average,Unfurnished,0,0,900312.75
1488.5,2,2,14,53.3,9.57,6.29,3.47,3,455.4,Apartment,Poor,Semi-Furnished,1,0,201511.66
1364.0,3,2,3,14.4,5.98,8.41,3.89,2,2081.9,Independent House,Premium,Semi-Furnished,0,0,710788.65
1007.7,2,2,4,28.0,22.77,10.0,1.52,1,406.5,Apartment,Good,Furnished,1,0,407135.77
2064.0,2,2,1,7.4,6.42,8.19,1.9,1,4644.8,Townhouse,Average,Furnished,0,1,786773.21
1752.2,3,3,1,19.0,6.6,7.61,3.74,2,3431.3,Townhouse,Premium,Unfurnished,1,0,705383.93
1288.4,2,2,2,13.3,7.53,8.32,1.2,0,3113.6,Townhouse,Average,Semi-Furnished,0,1,515700.25
2622.1,4,2,1,24.0,10.36,6.27,1.94,1,5097.5,Independent House,Average,Semi-Furnished,1,1,730685.05
1878.3,3,3,3,3.2,5.03,7.08,1.81,2,4383.7,Independent House,Good,Semi-Furnished,1,0,807086.67
3168.5,5,4,3,6.9,5.04,,1.29,2,4113.5,Villa,Average,Unfurnished,1,0,1004901.97
1478.7,3,2,3,29.9,4.01,5.82,3.57,2,2278.9,Villa,Average,Semi-Furnished,0,1,648415.07
2510.7,4,3,2,6.8,21.21,7.15,1.7,1,6100.1,Townhouse,Good,Furnished,1,1,922058.77
1669.9,2,2,6,13.5,12.78,6.84,3.15,1,548.2,Apartment,Average,Unfurnished,1,0,377925.67
3055.9,5,3,2,12.2,7.1,7.33,3.36,2,3889.7,Independent House,Average,Semi-Furnished,1,1,933576.94
3358.2,6,4,1,17.8,5.64,6.89,2.28,1,8528.4,Villa,Average,Unfurnished,1,1,1158577.59
1305.6,3,2,2,7.9,3.84,6.29,0.05,2,619.7,Apartment,Good,Furnished,0,0,488926.02
1539.3,2,1,3,31.6,6.32,8.04,6.45,0,3144.7,Townhouse,Average,Unfurnished,1,1,403999.25
3489.1,4,4,1,18.0,7.16,5.8,1.87,1,6578.1,Townhouse,Average,Unfurnished,1,1,970761.78
1197.6,3,2,10,33.7,18.27,7.06,2.83,0,274.8,Apartment,Good,Unfurnished,0,0,362485.8
2530.6,3,4,1,23.9,3.65,8.36,3.05,1,5203.5,Independent House,Average,Furnished,1,1,818400.87
1152.7,2,2,5,17.3,10.06,7.73,0.75,0,583.3,Apartment,Average,Semi-Furnished,0,0,334579.57
845.4,3,3,1,1.3,12.43,6.66,1.25,3,1995.3,Independent House,Good,Unfurnished,1,1,554152.59
1103.6,2,1,3,21.6,4.6,4.1,4.43,2,1930.0,Independent House,Good,Unfurnished,1,1,511649.19
2191.5,4,3,3,21.4,1.74,6.21,3.66,2,4713.0,Independent House,Poor,Semi-Furnished,1,1,687679.88
1816.3,3,2,15,33.3,9.79,9.78,0.57,1,897.3,Apartment,Good,Semi-Furnished,0,0,529712.2
1606.7,3,2,13,16.3,3.79,6.34,7.25,2,703.1,Apartment,Good,Unfurnished,1,0,468603.8
2990.4,6,4,3,0.6,10.85,6.69,2.51,3,3723.6,Independent House,Average,Furnished,0,1,889082.56
2178.1,3,3,2,15.4,9.9,6.95,,1,3940.9,Independent House,Good,Unfurnished,1,1,807763.05
1191.5,1,1,2,22.4,15.68,7.32,0.54,1,2371.2,Townhouse,Good,Semi-Furnished,0,1,496590.86
2371.9,4,2,3,15.3,16.59,5.75,0.76,2,4503.0,Independent House,Good,Unfurnished,1,0,821044.48
1452.9,4,3,12,10.7,2.06,7.8,2.58,1,442.7,Apartment,Good,Semi-Furnished,1,1,496331.61
1451.2,2,2,3,25.0,12.47,7.29,0.73,0,3613.9,Independent House,Good,Furnished,0,1,633165.41
1650.0,3,2,1,2.7,10.76,4.2,4.28,2,403.5,Apartment,Premium,Semi-Furnished,1,0,636269.04
1398.9,3,2,11,15.1,10.5,3.01,2.68,2,794.1,Apartment,Good,Semi-Furnished,0,0,363415.49
1279.8,3,3,2,11.3,16.84,5.92,2.28,1,2906.3,Townhouse,Good,Furnished,1,1,504459.13
1255.6,3,1,12,6.7,3.97,4.94,3.22,2,507.1,Apartment,Good,Furnished,0,0,460530.22
2449.8,5,4,10,17.6,16.64,7.15,1.12,3,904.2,Apartment,Good,Semi-Furnished,0,0,668654.69
2416.4,4,4,1,36.1,12.42,6.16,4.31,1,803.7,Apartment,Premium,Semi-Furnished,0,0,808390.47
1785.7,3,1,3,7.7,1.74,7.38,3.47,1,2372.4,Townhouse,Average,Furnished,0,0,555615.66
1893.0,3,3,3,21.6,5.41,7.4,1.0,3,3731.2,Independent House,Average,Unfurnished,0,1,661345.0
741.1,1,1,8,19.5,8.58,5.24,0.98,0,304.9,Apartment,Good,Unfurnished,0,0,283795.47
3804.7,7,4,3,5.8,1.97,6.17,2.89,4,8956.7,Independent House,Average,Unfurnished,1,1,1235246.46
2855.8,4,3,1,19.4,12.2,5.9,0.9,4,3316.7,Independent House,Good,Furnished,1,0,941792.88
1855.5,3,3,14,11.7,16.76,8.05,1.26,2,798.1,Apartment,Good,Unfurnished,0,0,525189.12
520.4,1,1,7,9.2,14.71,6.45,5.95,0,335.9,Apartment,Premium,Unfurnished,1,0,316457.86
1880.0,3,2,3,9.0,13.65,8.51,2.31,1,4044.4,Independent House,Average,Semi-Furnished,1,0,651389.89
1751.9,3,2,3,55.8,5.87,8.59,2.62,1,3404.6,Independent House,Good,Unfurnished,1,1,586579.79
2198.0,4,4,3,3.7,12.14,6.5,3.56,2,5372.4,Townhouse,Average,Unfurnished,1,0,666852.36
1529.1,3,2,1,29.1,23.21,5.84,2.43,2,3784.7,Independent House,Average,Semi-Furnished,1,0,554130.46
1227.5,3,2,3,12.8,2.96,5.43,1.77,1,565.3,Apartment,Poor,Unfurnished,1,0,204292.56
1755.0,4,3,6,7.2,2.58,7.73,4.05,2,577.3,Apartment,Average,Furnished,1,0,480797.41
1335.4,2,2,3,11.1,3.88,6.55,5.53,1,2175.2,Independent House,Average,Unfurnished,1,1,485656.6
1063.1,1,2,8,30.5,8.15,5.64,0.68,1,655.0,Apartment,Good,Furnished,0,0,330570.06
2004.3,3,2,1,31.3,3.65,8.0,4.89,1,2407.9,Independent House,Good,Semi-Furnished,1,1,758179.61
2894.9,5,3,3,7.0,13.98,,4.51,3,5528.1,Townhouse,Average,Unfurnished,1,1,777038.14
2595.2,4,3,3,19.1,8.76,5.32,1.86,1,3057.9,Independent House,Poor,Unfurnished,1,1,672473.27
2592.0,4,2,1,18.2,8.55,7.22,4.28,2,3367.3,Townhouse,Poor,Semi-Furnished,1,1,659942.7
1389.5,2,1,14,12.4,16.8,7.55,2.93,1,667.4,Apartment,Premium,Semi-Furnished,0,0,536602.53
2535.2,5,4,9,20.3,2.14,9.17,1.93,1,1625.8,Apartment,Premium,Unfurnished,1,0,971006.99
651.2,1,2,8,23.6,10.59,6.46,2.52,0,480.4,Apartment,Average,Furnished,0,0,254746.54
4320.8,6,3,2,6.7,10.99,6.7,3.84,2,,Independent House,Average,Semi-Furnished,0,0,1208749.97
3340.3,5,4,14,3.5,20.66,7.66,1.53,3,1684.9,Apartment,Average,Furnished,0,0,818651.9
1639.0,3,3,10,5.8,31.75,8.54,0.95,2,904.0,Apartment,Good,Unfurnished,1,0,528992.33
1919.1,4,2,13,10.8,2.8,7.28,5.0,3,756.6,Apartment,Average,Unfurnished,0,0,356947.57
1331.6,2,1,13,12.4,5.64,7.03,3.23,2,432.3,Apartment,Poor,Semi-Furnished,0,0,240508.1
1692.3,3,2,2,25.0,1.27,5.89,3.4,2,2094.2,Independent House,Average,Unfurnished,1,1,488178.64
1046.8,2,3,9,13.8,3.48,6.23,2.56,1,650.5,Apartment,Average,Unfurnished,0,1,328703.39
2182.1,3,3,1,10.8,21.66,6.48,5.68,0,2991.4,Villa,Average,Unfurnished,1,0,698744.87
1708.8,3,2,14,3.3,14.55,7.72,4.89,2,628.3,Apartment,Average,Unfurnished,1,0,369047.19
2204.4,4,2,2,29.8,7.01,7.35,4.93,4,5451.0,Independent House,Good,Semi-Furnished,1,0,809904.41
3800.6,5,4,3,7.0,7.99,5.7,7.71,2,4967.2,Townhouse,Average,Unfurnished,0,1,866872.54
1411.2,2,2,15,31.4,2.74,7.93,2.34,1,421.4,Apartment,Average,Furnished,0,0,438473.18
988.9,2,2,2,10.1,3.11,6.45,1.6,2,2462.2,Independent House,Good,Unfurnished,1,0,583306.47
4443.7,7,4,1,6.1,8.34,6.48,2.62,3,7666.8,Villa,Average,Semi-Furnished,1,1,1443346.76
1106.6,3,3,3,14.7,5.2,7.81,3.13,2,1343.1,Independent House,Good,Semi-Furnished,0,1,563542.08
1069.7,3,2,7,7.9,14.06,7.99,3.72,1,326.0,Apartment,Premium,Semi-Furnished,0,0,551317.59
1516.6,3,3,14,11.8,16.05,7.2,1.67,2,882.4,Apartment,Average,Furnished,1,0,461520.52
2201.9,3,2,1,14.4,5.6,9.41,3.13,1,4019.1,Independent House,Premium,Furnished,1,1,1033958.02
737.3,1,2,8,23.4,11.0,3.98,2.24,1,319.4,Apartment,Good,Unfurnished,0,1,260650.05
1350.6,2,2,3,42.1,8.0,8.1,4.14,0,3327.8,Independent House,Good,Semi-Furnished,1,1,572198.53
885.9,1,1,3,9.2,7.79,5.25,0.97,2,1988.1,Townhouse,Average,Furnished,1,1,435820.48
2142.3,4,3,1,15.6,21.1,6.68,0.7,2,3604.7,Townhouse,Average,Unfurnished,1,0,645867.2
3037.8,5,4,2,5.0,2.32,6.74,3.22,1,5556.4,Independent House,Poor,Semi-Furnished,1,0,924056.72
1106.2,1,1,1,20.9,20.66,6.63,2.64,0,2010.9,Independent House,Premium,Unfurnished,1,0,602174.62
2055.5,4,4,11,16.4,14.95,5.39,0.71,1,256.5,Apartment,Good,Semi-Furnished,0,0,516004.03
2000.2,2,3,9,3.2,10.59,4.74,0.47,1,637.8,Apartment,Average,Semi-Furnished,1,0,508450.26
1401.2,2,2,3,17.0,13.8,3.92,2.99,1,2116.5,Independent House,Average,Semi-Furnished,1,1,526350.57
717.6,2,2,1,7.6,7.59,,1.83,2,1104.8,Townhouse,Poor,Furnished,0,1,306398.38
862.8,2,3,2,11.7,5.4,6.91,1.1,0,260.8,Apartment,Average,Semi-Furnished,0,0,356425.95
1053.7,2,2,9,35.9,3.92,7.57,3.76,0,317.6,Apartment,Good,Furnished,0,0,309664.7
3531.1,7,5,3,3.8,15.26,8.4,1.69,1,5846.3,Independent House,Average,Semi-Furnished,1,0,1086437.31
1758.4,3,2,3,22.1,9.85,7.93,5.71,2,2376.1,Independent House,Good,Semi-Furnished,1,0,649743.1
1081.0,1,1,2,6.8,25.58,8.15,4.72,1,1508.2,Townhouse,Good,Semi-Furnished,1,0,483410.29
1439.7,3,3,1,5.8,14.31,5.26,4.02,0,507.7,Apartment,Good,Semi-Furnished,0,0,436900.52
785.3,1,2,15,8.9,10.59,8.31,4.2,1,150.0,Apartment,Good,Furnished,1,0,393888.45
2047.9,3,3,2,5.4,5.2,7.26,3.62,1,5037.2,Townhouse,Poor,Unfurnished,1,1,609636.78
897.4,2,2,13,48.3,5.96,4.83,4.12,2,369.5,Apartment,Good,Furnished,1,0,260466.39
1163.1,2,2,2,3.5,4.82,8.27,1.71,2,2038.2,Townhouse,Good,Semi-Furnished,1,0,543227.17
2163.7,4,2,2,5.0,11.74,5.43,5.51,0,3950.0,Independent House,Average,Semi-Furnished,1,1,674022.04
2821.9,4,3,14,2.6,7.41,,3.39,1,1005.2,Apartment,Average,Semi-Furnished,0,0,658003.72
3405.5,6,4,2,7.5,5.36,8.95,2.04,3,1368.2,Apartment,Average,Semi-Furnished,1,0,881944.79
874.2,1,1,7,14.9,27.01,7.06,1.23,1,227.2,Apartment,Average,Semi-Furnished,0,0,202511.08
1438.4,3,2,3,16.0,18.02,5.2,3.38,1,3045.0,Independent House,Average,Semi-Furnished,0,1,480716.9
2294.8,3,3,3,17.4,8.53,5.93,4.5,2,,Independent House,Average,Unfurnished,0,1,702980.86
2210.5,5,4,15,18.2,9.12,8.25,3.45,3,706.5,Apartment,Good,Semi-Furnished,0,0,632605.93
744.7,1,1,3,26.3,14.8,4.97,3.99,1,895.9,Independent House,Poor,Semi-Furnished,0,1,215580.32
1711.6,4,3,1,36.4,7.59,6.51,,3,3136.5,Townhouse,Poor,Semi-Furnished,1,0,438995.17
1344.7,2,2,2,20.8,2.82,,4.99,1,2042.5,Townhouse,Average,Semi-Furnished,1,0,390727.4
992.8,1,2,3,14.4,4.98,10.0,1.19,1,1878.4,Villa,Average,Unfurnished,0,1,637010.65
771.6,1,1,2,6.9,9.24,4.6,4.44,0,207.8,Apartment,Premium,Semi-Furnished,0,0,474817.68
1065.9,3,3,9,15.5,9.15,4.66,4.7,2,780.8,Apartment,Average,Semi-Furnished,0,0,278143.78
1691.3,3,3,3,20.3,1.83,5.89,2.45,1,3386.8,Townhouse,Average,Semi-Furnished,1,1,544709.81
2066.2,4,3,3,11.4,14.69,5.78,2.8,2,1035.1,Apartment,Average,Semi-Furnished,1,0,562030.92
2144.6,4,2,1,23.2,1.96,6.76,1.75,2,3510.9,Independent House,Average,Semi-Furnished,1,1,786450.95
2014.3,3,2,9,18.0,3.56,6.03,4.18,2,936.2,Apartment,Good,Semi-Furnished,1,0,515034.42
1368.3,3,3,6,7.9,15.57,7.94,1.3,1,475.5,Apartment,Good,Unfurnished,0,0,427694.65
1006.3,2,1,15,9.0,7.2,6.84,3.12,0,150.0,Apartment,Average,Unfurnished,1,0,236226.14
1527.5,2,3,3,29.0,19.16,5.31,2.22,1,3801.9,Townhouse,Good,Semi-Furnished,0,1,522483.56
1812.0,3,3,6,2.5,16.97,6.37,3.23,0,783.8,Apartment,Average,Unfurnished,1,0,408394.16
2087.6,3,2,9,3.1,2.78,6.32,4.89,1,1106.4,Apartment,Good,Unfurnished,1,0,583837.43
1736.7,4,2,1,6.0,6.29,8.37,4.37,0,2174.0,Independent House,Good,Unfurnished,1,1,718697.68
915.8,1,1,11,50.4,5.24,7.97,1.52,0,150.0,Apartment,Average,Unfurnished,0,0,143606.72
1557.8,2,1,10,18.4,5.71,7.75,1.3,2,299.4,Apartment,Good,Furnished,1,0,514055.98
1653.8,2,3,13,8.9,5.06,5.66,2.13,2,523.4,Apartment,Good,Unfurnished,0,0,495888.14
2270.7,5,3,13,18.6,3.42,7.17,6.17,1,1036.8,Apartment,Average,Unfurnished,1,0,529797.44
1017.4,1,2,8,8.3,17.95,5.04,2.73,1,566.1,Apartment,Premium,Furnished,0,0,536692.94
1396.0,3,3,3,14.4,3.72,7.66,0.36,3,3649.5,Independent House,Premium,Furnished,0,1,929969.01
1858.8,2,2,3,9.7,6.97,8.48,4.15,0,641.2,Apartment,Average,Unfurnished,0,0,411578.08
1557.3,3,3,3,18.2,3.5,3.69,3.92,2,3404.2,Independent House,Good,Furnished,1,1,661583.8
1844.1,3,2,2,12.2,9.51,6.59,2.25,2,3693.6,Villa,Good,Unfurnished,1,1,852943.64
2291.2,5,5,6,9.0,6.77,6.59,1.66,1,916.1,Apartment,Average,Semi-Furnished,1,0,563849.76
760.7,2,2,8,14.3,5.46,8.04,0.1,1,373.4,Apartment,Average,Unfurnished,1,0,303346.2
3208.9,5,4,7,10.5,17.86,5.87,2.32,3,1046.3,Apartment,Good,Semi-Furnished,0,0,870018.17
1428.7,2,2,3,10.5,7.55,5.85,1.31,1,2453.6,Independent House,Good,Unfurnished,1,1,577219.54
1947.1,4,2,13,,8.1,6.96,0.9,1,972.8,Apartment,Average,Semi-Furnished,1,0,569046.17
1765.5,2,2,2,17.9,1.82,7.61,3.72,2,3553.7,Independent House,Poor,Unfurnished,0,1,571735.28
2071.1,2,2,2,60.0,9.14,7.03,4.21,0,4837.1,Independent House,Average,Semi-Furnished,0,1,496053.53
1654.9,1,1,3,,14.14,8.01,1.37,0,4194.4,Independent House,Premium,Semi-Furnished,1,0,840584.96
2364.4,3,2,2,11.0,4.32,7.73,3.51,0,5432.1,Townhouse,Good,Unfurnished,1,1,766701.39
1925.1,4,3,3,11.3,6.75,5.98,1.23,1,4344.2,Villa,Poor,Furnished,0,1,750897.75
1063.6,3,3,10,28.3,20.32,6.76,5.0,0,280.9,Apartment,Premium,Semi-Furnished,0,0,456154.44
2897.7,3,2,8,0.8,5.37,7.53,2.48,0,1209.2,Apartment,Good,Unfurnished,0,0,699898.75
1369.8,2,2,5,15.1,12.65,5.58,4.23,0,455.4,Apartment,Average,Unfurnished,1,0,346494.72
1677.1,3,2,2,12.7,7.1,5.75,2.84,2,2916.0,Villa,Poor,Unfurnished,0,1,602935.9
882.4,3,3,3,12.1,18.09,4.62,1.22,2,2140.4,Townhouse,Good,Unfurnished,1,0,431589.79
4045.7,6,5,3,14.0,10.42,8.44,2.84,3,7865.0,Independent House,Poor,Semi-Furnished,1,0,1154912.9
1073.1,2,3,13,,4.76,9.88,1.66,2,418.6,Apartment,Average,Semi-Furnished,0,0,404784.5
5295.5,7,4,1,6.6,2.64,5.75,2.39,4,12966.5,Villa,Good,Semi-Furnished,1,1,1808500.67
1950.9,5,5,2,3.8,23.25,7.57,3.6,1,3403.4,Townhouse,Premium,Semi-Furnished,1,0,882457.56
1752.1,3,2,2,18.2,11.78,8.55,0.8,0,2727.2,Townhouse,Average,Furnished,0,1,561839.8
2392.2,4,2,3,1.4,10.23,5.04,2.07,1,5445.8,Villa,Good,Unfurnished,1,1,1013796.41
3431.6,6,3,1,15.7,6.02,7.24,2.89,3,1773.6,Apartment,Premium,Semi-Furnished,1,0,1161149.0
538.8,1,1,8,8.9,2.17,8.66,1.78,2,150.0,Apartment,Poor,Furnished,1,0,190904.3
1805.4,4,3,3,6.2,10.82,6.36,4.57,1,4638.9,Townhouse,Average,Unfurnished,0,0,496952.94
1210.4,1,1,9,14.5,10.47,6.63,4.82,0,650.1,Apartment,Good,Semi-Furnished,0,0,348938.24
1237.2,1,1,5,10.0,12.57,8.75,0.59,0,346.1,Apartment,Good,Furnished,0,0,460263.05
1440.6,2,1,15,14.2,19.24,6.13,4.46,2,342.5,Apartment,Average,Semi-Furnished,1,1,449067.27
1209.9,3,2,2,6.7,9.77,5.91,1.08,2,576.4,Apartment,Good,Furnished,0,1,454796.35
1999.9,3,2,2,16.8,1.91,6.48,3.33,0,4913.3,Independent House,Good,Unfurnished,1,1,696556.18
1633.7,3,3,2,12.4,13.22,9.39,5.22,2,2667.2,Townhouse,Good,Semi-Furnished,1,1,706947.11
779.3,1,2,15,22.5,23.79,7.91,4.72,0,601.0,Apartment,Good,Unfurnished,0,0,125995.76
1588.0,3,3,5,4.4,7.86,7.54,0.92,2,693.3,Apartment,Poor,Unfurnished,1,0,431702.33
2228.9,4,3,2,9.9,7.56,7.52,1.14,1,5266.6,Townhouse,Average,Furnished,1,1,728798.25
1471.7,2,1,2,9.0,7.03,5.14,4.76,0,2003.1,Independent House,Average,Unfurnished,1,0,432573.23
4881.2,7,4,3,19.6,8.8,7.58,1.16,3,5851.7,Villa,Premium,Furnished,1,0,1889023.17
3903.3,5,4,2,26.1,10.78,6.15,2.59,1,9102.8,Villa,Premium,Semi-Furnished,0,1,1634451.42
1928.6,2,2,11,15.0,12.48,6.5,2.6,1,636.2,Apartment,Good,Furnished,0,0,532454.57
1918.8,3,3,12,12.1,5.29,6.42,2.99,1,1265.6,Apartment,Poor,Furnished,0,0,469638.43
1671.0,3,4,1,22.5,5.56,8.15,2.59,1,3290.7,Townhouse,Good,Semi-Furnished,1,1,660337.15
2664.9,5,4,1,10.6,0.43,9.44,3.85,2,5048.1,Townhouse,Average,Furnished,1,1,850660.9
3191.5,5,5,1,36.2,1.9,5.47,3.42,3,7015.8,Townhouse,Average,Semi-Furnished,0,0,831756.2
2594.7,5,3,1,7.8,6.47,8.35,5.09,3,5653.0,Independent House,Average,Semi-Furnished,0,1,812689.78
1298.6,3,3,1,2.2,10.91,6.58,1.87,2,1570.4,Townhouse,Good,Semi-Furnished,0,1,527660.16
1330.6,2,2,13,4.3,6.14,7.95,2.07,1,383.7,Apartment,Average,Unfurnished,0,0,344081.47
1721.6,3,2,7,10.2,14.04,7.29,1.71,0,700.2,Apartment,Good,Unfurnished,1,0,561508.83
1923.6,3,3,14,47.2,4.96,5.96,3.0,2,740.0,Apartment,Premium,Unfurnished,1,0,721777.63
1309.7,2,3,10,6.6,5.21,5.94,0.93,1,535.0,Apartment,Good,Semi-Furnished,1,0,497922.41
1066.4,2,3,11,35.9,17.05,6.54,1.8,2,494.4,Apartment,Poor,Unfurnished,1,0,187608.09
3594.7,7,5,3,14.9,10.65,7.38,6.7,4,5028.4,Independent House,Premium,Semi-Furnished,1,0,1347982.48
862.4,2,1,13,6.5,15.5,7.58,0.42,1,527.0,Apartment,Good,Semi-Furnished,0,0,362450.73
911.2,2,2,13,10.9,11.02,10.0,4.02,1,408.8,Apartment,Average,Semi-Furnished,0,0,294210.84
945.0,1,2,2,24.1,9.13,7.65,2.6,2,2008.1,Townhouse,Good,Furnished,0,1,426254.87
1243.4,1,1,3,11.8,10.79,4.98,1.63,0,1799.4,Independent House,Premium,Furnished,1,1,777891.01
2284.6,4,3,11,6.7,3.18,8.69,2.31,1,904.3,Apartment,Average,Furnished,0,0,645357.25
3164.7,6,4,1,10.3,1.11,7.73,1.39,3,7889.8,Independent House,Average,Semi-Furnished,1,1,1035201.43
2159.3,5,4,1,27.6,2.89,6.63,4.79,2,3232.3,Villa,Average,Unfurnished,1,1,782750.95
2032.4,2,2,3,56.1,1.86,5.26,2.14,0,,Townhouse,Poor,Furnished,1,0,499175.57
1839.9,5,4,3,23.3,10.49,6.46,3.88,3,1838.1,Independent House,Good,Unfurnished,1,0,719447.22
820.1,2,1,3,37.5,17.28,8.57,3.68,2,249.4,Apartment,Average,Unfurnished,1,0,144959.98
5654.7,7,5,3,22.9,3.08,7.59,,3,6989.9,Villa,Average,Unfurnished,1,0,1741631.49
2410.2,3,1,11,22.7,10.03,8.84,1.53,0,1299.7,Apartment,Average,Semi-Furnished,0,0,595419.86
2585.0,4,4,3,19.5,21.62,8.76,5.59,2,4929.0,Villa,Average,Semi-Furnished,1,1,902772.87
1151.8,3,3,3,17.4,14.91,7.17,0.43,2,1938.0,Townhouse,Average,Unfurnished,1,1,387393.52
1231.0,1,1,2,8.0,11.3,2.3,1.48,0,596.0,Apartment,Good,Furnished,0,0,360036.89
1011.6,1,1,6,14.0,8.52,5.56,3.72,2,546.2,Apartment,Average,Unfurnished,0,0,153312.18
1925.3,3,2,2,23.2,10.66,4.63,2.85,2,4104.8,Independent House,Average,Unfurnished,0,1,615127.51
1879.4,3,2,2,17.4,9.41,8.92,2.48,1,4052.2,Townhouse,Good,Unfurnished,1,1,764675.18
1172.4,3,3,7,3.8,7.53,7.61,3.23,2,361.3,Apartment,Premium,Unfurnished,1,0,652392.35
1003.3,2,2,1,27.4,3.61,6.55,0.21,1,2245.8,Independent House,Average,Semi-Furnished,1,0,402086.42
4524.8,7,5,1,20.2,5.17,6.11,0.54,3,10607.4,Independent House,Average,Unfurnished,0,0,1343398.9
1823.1,3,2,1,26.5,10.13,8.44,1.46,0,2551.1,Townhouse,Poor,Unfurnished,1,1,424731.0
1998.8,4,3,1,6.4,16.34,5.56,0.59,2,2716.4,Townhouse,Poor,Unfurnished,1,1,617678.76
1133.0,1,1,5,3.8,3.18,4.99,3.58,0,698.8,Apartment,Average,Furnished,0,0,275155.38
958.9,2,1,1,11.8,28.6,4.87,3.65,1,2330.7,Independent House,Premium,Furnished,1,0,621930.39
1306.5,2,2,9,18.0,1.72,7.02,4.2,1,756.5,Apartment,Good,Semi-Furnished,0,0,464821.62
1613.4,3,3,3,33.9,4.09,5.68,0.67,2,3329.7,Independent House,Average,Semi-Furnished,1,1,597684.7
1822.7,3,1,15,16.5,10.43,8.31,5.81,1,457.1,Apartment,Premium,Furnished,0,0,628998.22
2414.1,5,3,2,43.2,13.22,6.84,5.57,3,5321.0,Townhouse,Average,Unfurnished,1,1,641496.98
1865.7,3,2,13,9.9,5.24,4.82,4.06,2,628.8,Apartment,Average,Unfurnished,0,0,371571.29
2049.1,3,3,11,19.5,8.71,6.49,1.96,2,973.5,Apartment,Average,Semi-Furnished,0,0,499779.78
3941.8,5,4,2,3.0,7.53,5.41,1.48,1,6579.5,Independent House,Average,Unfurnished,0,1,1065328.23
1943.5,3,2,2,24.3,6.55,6.64,2.51,2,4669.1,Townhouse,Premium,Semi-Furnished,1,0,877413.51
2618.1,5,4,3,32.6,4.04,8.4,4.14,4,5633.7,Townhouse,Average,Semi-Furnished,0,1,799346.08
2740.9,5,4,2,17.3,10.26,6.59,0.52,3,5930.4,Villa,Good,Unfurnished,1,1,1138645.4
1002.9,2,2,1,5.4,10.65,5.84,2.11,0,1582.3,Villa,Average,Semi-Furnished,1,1,613456.66
1731.9,3,3,1,13.9,8.48,7.45,5.19,3,3708.3,Independent House,Premium,Semi-Furnished,1,0,946729.32
939.8,2,3,7,9.7,14.06,6.18,2.85,2,570.0,Apartment,Good,Unfurnished,0,0,371800.47
1818.4,2,1,1,10.5,10.24,7.58,2.76,2,3931.7,Townhouse,Average,Furnished,1,0,561244.21
1325.6,3,2,1,13.8,4.65,7.27,2.32,1,3442.9,Independent House,Average,Semi-Furnished,1,1,566429.76
1744.9,3,3,4,5.2,21.79,5.27,2.71,0,693.3,Apartment,Premium,Unfurnished,0,0,683954.55
2042.9,3,3,5,16.2,12.13,4.89,4.79,3,947.4,Apartment,Average,Unfurnished,0,1,385185.99
3063.6,5,5,3,10.2,6.71,6.26,2.01,2,5938.2,Independent House,Average,Unfurnished,0,0,819439.95
3257.2,4,2,3,18.5,5.96,7.39,2.72,1,8224.0,Townhouse,Premium,Unfurnished,1,1,1242902.53
816.2,2,2,1,18.5,5.88,9.3,1.35,0,1435.5,Townhouse,Poor,Unfurnished,1,1,394513.34
1346.2,2,2,3,6.4,3.41,5.15,2.29,0,2451.8,Villa,Average,Unfurnished,1,1,682281.2
5824.0,7,5,3,11.3,5.04,5.32,4.18,3,8766.7,Independent House,Average,Furnished,1,1,1681287.8
2521.3,4,4,2,11.0,9.41,,1.6,2,5629.7,Townhouse,Average,Furnished,1,1,877990.69
1486.7,3,3,15,13.4,12.4,7.05,1.01,2,718.2,Apartment,Average,Furnished,0,0,421634.05
1371.3,2,1,8,30.2,20.05,6.51,3.85,1,150.0,Apartment,Average,Semi-Furnished,1,0,223776.66
1321.1,1,2,3,8.6,6.81,7.74,1.66,2,344.6,Apartment,Average,Semi-Furnished,1,0,335698.65
820.3,1,2,1,11.3,10.04,8.57,2.1,2,1379.2,Independent House,Poor,Semi-Furnished,1,1,367658.79
1336.1,2,2,1,18.7,9.89,8.27,0.42,0,2858.9,Independent House,Average,Furnished,1,0,508195.66
1290.9,2,1,5,14.5,5.0,5.75,2.01,1,506.9,Apartment,Premium,Semi-Furnished,0,0,630731.37
1001.7,2,2,4,23.9,11.61,7.4,1.16,1,440.3,Apartment,Good,Semi-Furnished,0,1,327321.28
1445.3,2,2,1,18.3,2.59,8.41,3.85,1,2503.6,Independent House,Average,Furnished,1,0,580368.18
3963.0,6,5,6,11.2,7.87,6.35,6.43,3,2182.2,Apartment,Average,Semi-Furnished,1,0,917609.48
1484.5,2,1,2,15.3,6.76,7.31,2.05,2,3263.5,Townhouse,Good,Unfurnished,1,1,592113.91
1854.4,2,1,1,27.8,5.29,5.92,0.92,0,3438.9,Townhouse,Average,Unfurnished,1,1,487728.5
2046.2,3,3,1,5.6,10.64,5.39,5.66,1,4061.4,Independent House,Average,Semi-Furnished,1,1,695753.09
1733.1,2,3,5,6.1,20.12,7.37,3.45,1,702.0,Apartment,Good,Unfurnished,0,0,462506.55
1512.3,3,3,2,6.7,15.27,8.11,6.91,1,1815.7,Independent House,Average,Unfurnished,0,1,518652.32
2284.3,2,2,3,11.5,9.73,7.88,1.56,1,634.5,Apartment,Good,Unfurnished,0,1,642643.67
2226.4,4,3,1,12.5,14.49,4.83,3.83,2,5498.8,Independent House,Premium,Unfurnished,1,1,1026038.91
788.0,3,3,4,30.5,24.12,8.68,1.09,1,534.1,Apartment,Good,Furnished,1,0,339947.7
1577.2,2,2,2,9.7,4.71,7.62,1.54,2,,Townhouse,Average,Semi-Furnished,1,1,631365.47
1534.9,3,3,1,4.2,7.82,8.41,0.63,0,3091.3,Townhouse,Poor,Unfurnished,1,1,476620.74
1234.5,2,1,7,27.8,11.42,5.43,3.14,0,332.5,Apartment,Average,Semi-Furnished,0,1,268516.57
1675.7,3,3,12,9.3,12.06,8.0,3.96,1,701.5,Apartment,Good,Unfurnished,0,0,487256.97
1766.3,3,2,1,21.6,6.84,,1.73,3,828.5,Apartment,Premium,Semi-Furnished,1,0,789278.25
1680.9,2,2,12,25.0,9.85,4.95,4.01,1,555.2,Apartment,Premium,Semi-Furnished,0,0,683816.53
1560.0,3,2,7,16.1,7.13,7.43,2.56,0,974.7,Apartment,Average,Unfurnished,1,0,384875.04
2309.1,2,2,1,13.4,8.21,5.3,0.42,1,4096.3,Villa,Good,Semi-Furnished,1,0,954905.39
548.2,2,1,15,7.8,1.9,6.81,1.45,0,233.4,Apartment,Average,Unfurnished,1,0,171063.06
2562.1,4,3,2,7.6,20.1,10.0,1.7,2,6856.1,Independent House,Good,Semi-Furnished,1,1,964254.3
2734.6,4,3,3,25.6,1.52,7.21,4.05,1,3813.2,Villa,Average,Furnished,1,0,1002460.57
894.7,1,2,15,17.8,5.63,6.63,1.11,0,150.0,Apartment,Average,Furnished,0,0,285045.79
2079.1,4,4,3,25.7,12.41,4.64,2.17,2,5299.7,Independent House,Poor,Unfurnished,1,0,578670.7
2426.0,4,2,1,9.8,16.52,7.22,3.74,1,5810.0,Independent House,Premium,Semi-Furnished,1,1,1105995.44
3022.3,5,3,2,28.9,7.05,6.58,2.84,3,4986.2,Independent House,Average,Furnished,1,0,864161.0
2044.4,3,2,2,35.6,13.43,3.88,4.32,0,3526.7,Townhouse,Average,Furnished,0,0,562968.13
1888.6,3,2,3,,7.93,5.21,5.07,2,3747.2,Townhouse,Average,Unfurnished,1,1,544528.48
2013.7,5,5,7,5.5,10.51,8.09,1.3,2,866.3,Apartment,Average,Semi-Furnished,0,0,594635.75
1450.7,2,3,3,22.5,5.86,8.67,4.31,1,1919.6,Townhouse,Premium,Unfurnished,1,1,680916.95
2648.3,5,3,3,15.5,12.55,6.9,3.1,2,4476.0,Villa,Poor,Unfurnished,1,1,890411.81
1716.0,3,3,3,12.0,3.08,8.26,5.64,2,3189.5,Villa,Poor,Semi-Furnished,1,1,700710.24
2156.9,5,4,9,24.7,27.99,6.85,1.21,2,989.7,Apartment,Good,Semi-Furnished,1,1,624115.95
939.9,2,1,2,8.8,5.07,5.7,2.52,1,1958.2,Independent House,Average,Unfurnished,1,0,347245.32
1906.7,3,2,1,9.3,3.4,9.99,1.84,2,903.1,Apartment,Average,Furnished,0,0,635942.15
2244.1,4,2,3,5.8,8.33,4.75,1.24,2,4941.4,Villa,Poor,Semi-Furnished,1,0,796284.18
2029.5,3,2,3,26.7,6.51,7.41,2.97,1,1104.5,Apartment,Average,Furnished,0,0,555229.47
1604.9,3,2,1,4.9,19.9,5.85,1.61,1,2998.8,Villa,Average,Furnished,1,0,704609.88
1919.2,4,3,2,24.8,25.0,6.5,1.62,2,4088.1,Independent House,Poor,Furnished,1,1,587488.04
1387.9,2,1,12,20.2,5.21,9.1,3.27,2,680.6,Apartment,Average,Furnished,1,0,415628.68
1623.5,2,1,12,25.3,11.39,6.86,5.11,1,618.9,Apartment,Good,Unfurnished,1,0,381035.57
1190.2,2,2,1,6.2,10.56,6.33,4.84,2,2775.1,Independent House,Good,Unfurnished,1,1,541866.02
1767.4,3,3,14,13.1,11.13,6.01,1.84,2,1061.4,Apartment,Premium,Furnished,0,0,764903.95
760.0,1,1,3,7.8,4.06,7.61,1.64,0,1761.7,Townhouse,Average,Unfurnished,0,1,407115.71
1682.7,3,2,1,33.6,3.96,5.42,2.96,2,4143.3,Villa,Average,Semi-Furnished,1,0,573184.37
855.9,1,2,2,14.8,8.95,6.93,3.34,0,2018.7,Townhouse,Premium,Semi-Furnished,1,1,673815.38
1915.9,4,2,4,9.6,10.77,6.6,1.7,1,921.4,Apartment,Good,Unfurnished,0,0,501755.11
1952.0,3,2,3,7.5,2.78,5.66,2.69,1,5088.1,Townhouse,Average,Unfurnished,1,1,611537.11
1638.6,2,1,10,15.9,5.67,4.72,4.73,0,958.3,Apartment,Average,Semi-Furnished,0,0,310692.39
4135.5,6,5,2,9.6,7.61,6.85,2.81,3,8203.4,Villa,Average,Semi-Furnished,1,0,1375616.8
1184.9,2,1,6,10.4,17.05,6.26,2.32,1,369.0,Apartment,Average,Semi-Furnished,1,0,354969.95
1747.8,3,2,5,12.6,14.19,7.12,6.26,2,817.9,Apartment,Average,Unfurnished,0,0,385325.16
1391.0,3,3,5,46.0,19.59,3.65,3.79,2,551.7,Apartment,Poor,Semi-Furnished,1,1,175899.08
2148.3,3,3,3,14.3,8.31,6.13,3.38,3,4712.1,Villa,Premium,Unfurnished,1,1,1127670.01
2342.2,4,3,6,9.3,6.18,8.03,,0,972.4,Apartment,Good,Semi-Furnished,0,0,724904.53
4430.4,7,4,1,14.3,18.79,4.41,2.26,3,8739.1,Independent House,Good,Unfurnished,1,1,1342304.65
1541.7,3,2,3,8.2,8.1,9.52,4.84,1,3648.2,Independent House,Average,Unfurnished,1,1,608028.34
2622.9,3,2,1,33.4,12.49,7.32,0.1,1,6229.2,Independent House,Good,Furnished,1,1,955143.36
2547.0,3,2,1,22.0,1.42,6.59,3.14,1,4746.4,Villa,Good,Unfurnished,0,1,925759.33
2123.7,4,3,1,5.1,7.85,6.95,3.78,2,3812.8,Independent House,Poor,Semi-Furnished,1,1,659029.16
2471.2,4,3,2,21.9,8.18,5.56,3.35,0,5880.3,Villa,Good,Unfurnished,1,1,967892.71
1176.4,3,3,7,16.2,8.02,8.85,,0,950.1,Apartment,Good,Unfurnished,0,0,457967.07
504.0,1,1,2,19.4,8.85,7.05,3.3,0,696.9,Independent House,Good,Unfurnished,0,0,331555.88
3143.7,5,3,3,27.2,18.42,6.89,4.44,1,4233.7,Townhouse,Average,Furnished,1,1,758431.55
1232.4,2,1,1,6.6,5.78,8.25,1.47,1,2259.3,Townhouse,Premium,Semi-Furnished,1,0,734459.4
1669.7,3,2,1,13.0,14.09,7.36,3.59,1,2209.7,Independent House,Average,Unfurnished,1,0,504613.55
2030.7,3,2,2,18.8,2.45,5.81,4.63,1,5161.1,Villa,Poor,Semi-Furnished,1,1,691561.39
1329.6,3,2,2,25.4,2.73,6.75,3.4,2,3014.9,Independent House,Poor,Semi-Furnished,1,0,387136.48
1825.2,3,2,2,20.9,4.16,7.62,3.45,1,2817.5,Townhouse,Average,Furnished,1,1,550700.14
1619.6,4,2,2,12.7,5.0,6.88,1.44,2,2528.4,Townhouse,Average,Furnished,0,1,560931.15
1001.4,3,2,14,26.6,13.99,4.84,6.53,1,448.2,Apartment,Average,Semi-Furnished,1,0,174587.07
1440.6,2,1,4,12.0,8.95,8.82,2.37,1,1209.7,Apartment,Good,Semi-Furnished,1,0,479581.68
1334.4,2,2,5,10.6,1.95,7.03,0.62,0,210.5,Apartment,Average,Unfurnished,0,0,339365.29
1997.7,4,3,8,2.6,9.6,6.22,4.79,2,786.4,Apartment,Premium,Furnished,1,0,785947.23
770.6,2,1,3,5.8,9.58,7.74,0.5,0,195.4,Apartment,Average,Semi-Furnished,0,0,163368.08
1317.6,2,2,1,12.1,0.3,6.08,1.64,1,1643.0,Independent House,Good,Unfurnished,0,0,614833.32
2237.6,4,3,2,6.1,19.58,4.57,6.05,3,3446.4,Townhouse,Premium,Furnished,1,1,958344.58
1702.7,2,1,3,3.6,4.52,6.78,1.81,1,3697.6,Villa,Good,Furnished,1,0,817301.17
1264.5,2,1,2,6.9,13.94,7.76,2.81,0,2166.1,Independent House,Good,Semi-Furnished,1,1,584643.18
1055.9,1,1,12,35.5,11.93,6.4,2.85,1,469.2,Apartment,Good,Unfurnished,0,0,335294.74
1296.8,3,3,8,5.0,3.3,6.45,4.2,1,361.6,Apartment,Average,Semi-Furnished,0,0,426401.26
1298.9,1,2,1,5.4,17.23,6.52,2.45,1,609.0,Apartment,Poor,Furnished,0,0,203265.91
2039.5,3,1,1,24.5,10.72,6.64,2.57,2,3075.0,Villa,Average,Semi-Furnished,0,1,717842.87
878.4,2,2,7,18.5,17.15,7.0,,1,410.4,Apartment,Poor,Unfurnished,1,1,209509.68
2283.0,4,3,2,13.1,22.89,7.94,6.04,3,4550.7,Townhouse,Average,Unfurnished,1,1,680973.08
3888.0,6,5,1,23.3,4.03,7.85,5.41,3,7735.3,Villa,Average,Unfurnished,1,1,1212056.52
998.5,2,2,3,14.7,10.17,9.73,1.56,0,1075.7,Villa,Premium,Unfurnished,1,0,810875.16
704.6,2,3,2,0.2,2.47,9.31,1.11,1,365.4,Apartment,Premium,Furnished,1,0,603042.03
2061.7,3,3,13,8.8,17.04,5.54,3.72,1,875.2,Apartment,Good,Unfurnished,0,1,538062.53
2616.0,4,3,11,51.2,1.88,6.45,4.45,2,953.2,Apartment,Good,Semi-Furnished,0,0,627110.67
553.3,1,1,5,14.7,3.07,7.83,,1,274.6,Apartment,Average,Furnished,1,0,200172.97
1905.6,4,3,13,28.5,5.48,4.19,3.76,2,746.6,Apartment,Poor,Semi-Furnished,1,0,352516.12
3282.8,5,3,3,29.8,8.12,7.24,1.63,1,8118.6,Townhouse,Good,Unfurnished,0,0,951790.96
1550.6,2,2,2,20.7,14.36,5.54,1.9,1,2902.5,Villa,Good,Furnished,0,0,759306.67
3203.5,5,4,2,13.6,2.08,6.71,2.41,2,7734.5,Townhouse,Average,Unfurnished,1,1,913642.6
1714.9,3,3,2,7.3,10.06,6.8,3.06,1,2882.0,Independent House,Average,Furnished,0,1,643911.54
1544.1,4,3,10,5.0,5.25,4.22,1.22,2,801.0,Apartment,Average,Unfurnished,0,0,405153.42
1366.2,2,2,3,29.2,7.91,10.0,1.41,1,1920.2,Independent House,Average,Semi-Furnished,0,1,545239.65
2813.8,4,3,1,17.8,19.15,,3.72,1,5205.9,Independent House,Average,Semi-Furnished,1,1,729498.57
2623.7,5,4,1,17.9,8.85,8.87,2.13,2,6249.7,Independent House,Average,Semi-Furnished,1,0,810835.38
4596.3,7,4,1,20.6,11.85,4.41,3.76,4,8613.4,Villa,Good,Semi-Furnished,0,1,1461504.4
2477.8,5,4,14,10.7,1.37,5.83,4.17,1,1701.7,Apartment,Premium,Unfurnished,0,0,845056.81
1347.8,2,2,10,25.8,4.51,7.92,2.85,2,457.4,Apartment,Average,Semi-Furnished,0,0,345890.66
4264.0,7,4,2,15.4,8.17,6.41,1.56,2,2483.2,Apartment,Good,Unfurnished,0,0,1100514.31
2909.9,5,4,3,11.6,2.56,7.92,3.03,2,5837.3,Townhouse,Good,Furnished,0,1,1012377.36
2795.2,4,4,3,18.1,1.77,7.68,2.49,1,6949.6,Villa,Poor,Semi-Furnished,1,0,943582.6
890.0,2,1,9,26.4,4.61,5.55,1.45,1,471.6,Apartment,Good,Semi-Furnished,0,0,402986.76
971.9,1,1,2,11.2,8.16,8.53,4.77,1,1972.2,Independent House,Average,Unfurnished,1,0,406864.78
899.3,1,1,3,50.9,13.78,7.59,3.74,1,1457.6,Townhouse,Good,Semi-Furnished,1,1,376678.64
914.1,2,1,15,4.8,13.83,4.66,3.32,2,658.1,Apartment,Poor,Semi-Furnished,0,0,152643.18
2412.8,3,3,4,19.7,7.41,6.9,2.69,0,601.4,Apartment,Premium,Unfurnished,1,0,912484.75
2267.5,3,3,1,8.1,8.93,7.7,2.59,1,5628.5,Independent House,Premium,Semi-Furnished,1,1,1062257.93
1428.3,2,2,1,15.6,2.26,6.6,4.36,0,3142.8,Independent House,Poor,Unfurnished,1,0,434451.95
1558.5,3,2,2,22.6,26.36,6.82,0.6,1,2366.3,Townhouse,Average,Unfurnished,1,1,427879.14
1214.2,2,3,15,60.0,20.69,7.45,3.17,1,305.1,Apartment,Average,Semi-Furnished,0,0,199954.37
2586.0,5,4,1,3.3,10.56,4.38,3.38,3,3425.6,Independent House,Good,Unfurnished,0,1,884844.06
935.4,1,1,14,6.4,6.57,6.46,4.45,0,599.5,Apartment,Good,Unfurnished,0,0,345128.14
2579.9,3,3,2,20.3,16.67,6.21,0.95,0,5545.4,Villa,Average,Semi-Furnished,1,0,823049.04
1534.7,2,1,4,26.8,26.69,7.84,0.2,1,470.5,Apartment,Good,Semi-Furnished,0,0,408383.21
947.2,2,2,13,10.3,11.59,5.93,5.94,1,308.9,Apartment,Average,Unfurnished,1,1,207807.2
3214.7,5,3,1,6.0,13.95,9.57,2.74,3,5734.8,Townhouse,Average,Unfurnished,1,0,879508.86
1457.4,1,1,3,20.7,5.4,5.9,3.75,0,2633.5,Townhouse,Average,Semi-Furnished,0,1,418962.32
1087.4,2,2,1,9.0,2.72,5.11,1.73,0,2387.7,Townhouse,Average,Semi-Furnished,0,0,400189.33
2360.8,3,2,1,32.2,7.59,8.53,3.82,2,3173.8,Townhouse,Average,Semi-Furnished,1,1,645880.98
2279.1,3,2,2,19.2,12.6,7.61,1.73,1,5056.9,Villa,Average,Semi-Furnished,0,0,755696.55
1958.8,4,3,1,20.4,2.19,7.3,3.15,2,3816.4,Townhouse,Average,Semi-Furnished,1,0,645184.68
1003.2,1,1,2,29.7,25.25,6.38,4.47,0,1078.0,Townhouse,Premium,Furnished,0,1,460034.09
2321.0,4,4,1,43.9,11.97,6.22,2.61,1,4500.4,Townhouse,Average,Unfurnished,1,0,596333.99
3369.4,6,4,15,7.0,13.88,7.4,1.71,3,1355.2,Apartment,Premium,Unfurnished,0,0,1141737.65
970.8,1,2,2,11.9,1.35,5.91,4.61,0,1710.7,Townhouse,Good,Unfurnished,1,1,452851.46
1570.0,2,2,10,32.2,5.72,9.31,2.54,0,911.3,Apartment,Good,Unfurnished,0,0,497855.11
1328.8,3,3,2,15.1,8.97,7.08,3.44,2,2547.7,Independent House,Average,Semi-Furnished,1,1,552294.8
4186.9,7,5,10,9.9,3.22,6.34,0.07,2,2004.4,Apartment,Good,Furnished,0,0,1262922.76
3749.1,7,4,2,13.9,32.2,6.13,4.12,4,6525.7,Villa,Average,Unfurnished,0,1,1178914.81
1857.6,4,3,1,41.7,19.78,4.97,2.38,1,3097.0,Townhouse,Poor,Unfurnished,1,1,371909.7
1103.4,1,1,1,14.4,9.32,7.76,1.23,0,2512.2,Independent House,Average,Semi-Furnished,1,0,442436.81
1090.5,1,1,3,22.0,15.17,5.59,1.53,1,1884.3,Townhouse,Poor,Furnished,0,1,276142.51
1851.1,3,2,5,11.7,6.6,6.51,1.56,1,539.8,Apartment,Premium,Unfurnished,0,1,806648.24
1042.7,2,2,3,4.1,17.59,10.0,1.11,1,2715.4,Independent House,Premium,Furnished,1,1,836687.37
1056.6,1,2,1,26.3,7.64,4.08,1.94,0,2163.4,Independent House,Good,Furnished,1,0,455094.74
1854.9,2,2,1,11.7,24.19,6.56,1.1,0,2665.9,Independent House,Poor,Semi-Furnished,1,1,544217.25
1745.1,2,2,3,28.2,5.11,4.72,0.56,2,3784.6,Townhouse,Premium,Semi-Furnished,0,1,817211.83
2167.8,4,3,2,21.3,2.6,5.92,2.59,2,4472.5,Independent House,Good,Semi-Furnished,0,0,807036.41
1536.5,3,2,1,,8.26,6.49,1.04,2,2918.6,Independent House,Average,Unfurnished,1,0,476016.22
2719.8,4,3,1,33.7,4.72,4.81,3.73,2,5251.3,Independent House,Average,Semi-Furnished,0,1,757669.83
942.1,2,1,5,11.7,11.66,7.29,1.16,1,451.1,Apartment,Good,Unfurnished,0,0,355451.45
2404.4,3,2,1,25.9,4.03,8.83,2.75,3,4450.3,Independent House,Poor,Semi-Furnished,1,1,674743.55
2021.9,3,2,3,14.5,32.27,7.18,2.38,2,2652.0,Independent House,Average,Furnished,1,0,610550.62
2866.7,4,3,3,11.0,2.5,7.92,5.55,3,5005.8,Villa,Good,Unfurnished,1,1,1062102.34
2222.8,4,3,15,20.0,12.04,9.06,2.95,1,1103.7,Apartment,Average,Semi-Furnished,1,0,559461.51
1362.8,2,1,1,10.1,6.49,7.58,2.12,1,3382.7,Townhouse,Average,Unfurnished,1,1,510459.72
1400.0,3,2,2,12.0,21.89,3.28,5.8,1,3687.5,Independent House,Average,Unfurnished,1,1,439653.08
811.9,1,2,3,,6.8,6.96,2.12,1,1898.9,Townhouse,Good,Semi-Furnished,1,0,377378.72
791.5,1,1,1,,6.75,3.07,3.37,0,1823.3,Independent House,Premium,Unfurnished,1,1,603543.14
1532.4,4,3,3,34.8,6.31,5.65,0.17,3,2307.0,Townhouse,Good,Furnished,0,1,663559.43
1293.3,2,2,15,6.2,12.33,4.53,1.0,0,556.4,Apartment,Good,Unfurnished,1,0,427073.07
1171.1,2,1,3,10.7,6.22,7.1,0.58,1,2183.2,Independent House,Good,Furnished,0,0,662498.32
938.4,1,2,6,23.1,5.51,5.4,3.5,0,535.4,Apartment,Good,Semi-Furnished,0,0,309406.9
2565.6,3,2,10,9.6,2.43,7.14,2.85,1,1402.9,Apartment,Average,Semi-Furnished,0,0,640479.34
2669.7,4,3,2,10.5,4.29,7.83,5.61,1,4053.3,Independent House,Poor,Semi-Furnished,1,1,667893.05
1087.9,2,1,1,14.1,14.85,5.31,1.11,1,2000.0,Independent House,Good,Semi-Furnished,1,1,596443.8
1534.7,1,1,3,22.4,4.78,7.06,2.85,1,3303.7,Independent House,Good,Unfurnished,1,0,608653.52
1604.6,2,1,7,17.8,9.66,2.9,0.73,1,759.6,Apartment,Average,Furnished,0,0,431346.35
1040.0,1,1,5,35.1,1.5,4.54,0.25,2,600.5,Apartment,Premium,Unfurnished,0,0,465952.26
1586.0,2,2,3,16.2,14.37,8.54,1.47,1,3004.8,Villa,Good,Unfurnished,0,1,843105.75
1173.8,2,1,7,,36.9,5.42,2.8,1,713.6,Apartment,Average,Semi-Furnished,0,0,215065.11
2139.1,4,3,12,14.5,3.12,5.94,1.96,2,1276.2,Apartment,Poor,Semi-Furnished,0,0,507250.19
2222.2,4,3,1,19.4,3.89,5.51,3.66,1,523.8,Apartment,Poor,Semi-Furnished,0,0,398374.02
1211.5,2,3,1,11.1,6.96,4.19,5.8,2,2865.2,Townhouse,Average,Furnished,1,0,448571.85
2242.4,3,2,3,20.1,1.81,5.2,3.72,0,3629.9,Independent House,Average,Semi-Furnished,1,1,690970.29
1843.0,3,3,1,9.4,3.42,6.69,2.91,2,2505.3,Independent House,Average,Unfurnished,0,1,624466.25
1210.0,1,1,2,30.9,13.78,6.14,,0,2917.9,Independent House,Average,Unfurnished,1,0,398917.14
1194.3,2,2,11,15.1,8.45,8.26,0.94,0,799.5,Apartment,Average,Unfurnished,0,0,248693.39
795.6,1,1,6,39.1,8.48,5.8,3.05,0,213.7,Apartment,Good,Semi-Furnished,1,0,295182.67
2689.2,3,3,1,30.5,1.49,6.68,1.08,2,4883.1,Townhouse,Good,Unfurnished,1,0,785696.2
2597.0,4,2,14,18.3,2.45,5.91,3.12,3,904.2,Apartment,Average,Semi-Furnished,0,0,595830.47
1138.7,2,1,4,23.7,5.79,8.05,1.97,1,527.5,Apartment,Average,Semi-Furnished,0,0,284118.96
1030.2,2,2,1,20.3,19.71,4.62,4.54,0,,Apartment,Poor,Furnished,1,0,165126.22
2107.0,4,4,5,6.3,5.56,7.39,1.93,1,847.8,Apartment,Poor,Unfurnished,0,0,412856.64
2749.9,4,4,1,17.8,9.9,7.29,5.81,1,5346.7,Townhouse,Average,Unfurnished,0,0,633428.47
1157.3,3,1,2,17.2,4.76,5.51,0.92,2,1362.4,Independent House,Poor,Furnished,1,1,429750.82
1271.4,3,3,14,14.4,8.39,6.56,1.56,1,662.8,Apartment,Average,Semi-Furnished,0,0,289325.23
1609.7,2,1,2,21.4,26.16,7.26,2.04,0,2715.0,Townhouse,Premium,Semi-Furnished,1,1,682505.96
1336.9,1,1,1,18.1,11.11,5.7,1.53,0,1897.9,Independent House,Average,Semi-Furnished,1,0,459674.38
2173.2,3,2,3,18.9,6.87,5.67,2.77,1,,Independent House,Good,Furnished,0,1,772000.22
1377.3,1,1,2,37.9,13.17,4.92,5.55,1,2724.9,Independent House,Average,Unfurnished,1,1,355530.71
1315.0,2,1,2,16.3,12.91,9.63,0.97,1,1596.5,Townhouse,Average,Furnished,1,1,559975.37
1771.0,4,3,3,26.1,11.97,6.02,2.4,1,4168.0,Independent House,Premium,Unfurnished,1,0,738149.17
723.9,2,2,6,15.0,5.66,4.92,3.08,1,297.9,Apartment,Average,,0,0,216199.0
570.4,1,2,5,38.3,2.06,4.14,3.35,1,387.6,Apartment,Good,Unfurnished,0,0,200412.2
1989.7,4,3,3,23.1,7.57,5.54,3.62,2,623.4,Apartment,Premium,Unfurnished,1,0,762708.26
1209.1,2,2,1,18.3,3.49,7.09,4.93,0,1644.4,Townhouse,Good,Unfurnished,1,1,430453.77
3316.7,4,3,13,10.2,3.1,6.33,0.55,1,1515.5,Apartment,Average,Furnished,0,0,839619.51
3097.2,5,3,3,38.9,9.76,,0.46,0,1471.1,Apartment,Average,Furnished,0,1,718567.06
1493.9,2,2,3,29.3,8.19,7.74,6.92,1,3661.4,Independent House,Poor,Unfurnished,1,0,429746.97
3613.7,7,4,1,9.6,13.16,6.48,3.38,4,977.8,Apartment,Poor,Unfurnished,0,0,801796.18
2005.9,3,2,10,4.9,11.84,6.52,1.61,2,740.5,Apartment,Poor,Unfurnished,0,0,384776.15
1031.8,2,1,12,13.1,12.93,8.97,0.55,1,338.4,Apartment,Premium,Unfurnished,0,0,541733.72
557.9,1,1,2,8.0,33.59,7.77,4.85,0,1219.9,Townhouse,Good,Furnished,0,1,323936.59
1806.4,2,1,5,14.1,5.71,7.26,3.72,1,646.3,Apartment,Average,Unfurnished,1,0,411863.02
1370.9,2,1,2,25.1,11.36,6.2,2.34,1,277.7,Apartment,Average,Furnished,1,0,335095.22
1621.7,4,3,7,29.1,9.58,7.68,4.15,3,907.1,Apartment,Good,Furnished,0,0,508456.01
1678.7,3,2,2,4.5,1.41,7.21,3.74,2,2396.1,Independent House,Premium,Unfurnished,1,1,977313.39
1377.8,3,2,3,6.0,7.45,7.16,5.94,0,3200.5,Villa,Average,Semi-Furnished,1,0,659808.22
1379.1,3,1,2,7.9,3.16,7.74,0.97,2,2120.7,Townhouse,Average,Furnished,1,1,573713.09
2486.5,4,2,2,17.6,14.79,7.17,3.34,0,6378.9,Independent House,Good,Furnished,1,1,902435.83
1592.4,2,2,1,30.4,5.4,4.5,4.19,1,2730.0,Independent House,Premium,Semi-Furnished,0,1,735058.17
1914.6,2,2,2,15.1,4.27,6.78,2.48,2,2303.9,Villa,Premium,Unfurnished,1,0,996136.79
976.2,3,2,3,4.4,19.15,5.08,3.16,0,1836.5,Independent House,Average,Unfurnished,0,1,323482.26
1920.2,3,3,1,,10.43,7.62,4.34,1,4139.5,Independent House,Average,Furnished,1,1,668072.01
1396.4,1,1,2,11.6,12.18,4.43,7.62,0,2807.8,Villa,Average,Semi-Furnished,0,1,481750.02
2718.0,5,3,1,11.7,9.83,6.65,2.94,2,3355.1,Independent House,Average,Semi-Furnished,1,1,815222.48
1212.2,1,1,2,17.5,3.42,6.78,3.31,1,2970.7,Townhouse,Premium,Semi-Furnished,1,1,696625.82
1195.0,1,2,3,22.0,2.37,5.04,3.04,0,647.4,Apartment,Poor,Semi-Furnished,1,0,202118.0
3357.5,5,4,14,28.4,12.12,6.58,6.96,3,1436.5,Apartment,Good,Unfurnished,0,0,817493.86
1450.7,4,3,2,30.9,17.84,7.81,4.73,2,3173.9,Townhouse,Premium,Semi-Furnished,0,0,789001.12
1371.3,3,3,2,26.1,6.79,5.89,2.61,1,1560.9,Townhouse,Premium,Furnished,1,0,673168.33
1730.3,3,1,10,24.3,18.21,7.12,1.34,0,301.1,Apartment,Good,Unfurnished,0,0,456125.02
779.6,1,1,3,5.7,6.87,7.44,3.67,1,1274.9,Townhouse,Premium,Unfurnished,1,1,589133.06
2790.2,5,4,2,23.1,5.89,5.15,1.95,2,5534.6,Townhouse,Poor,Furnished,1,1,726275.33
2805.4,6,4,1,14.3,9.23,6.76,1.78,3,4347.0,Independent House,Average,Semi-Furnished,1,1,867008.79
1686.4,3,4,5,,4.03,6.39,2.9,2,693.9,Apartment,Poor,Semi-Furnished,1,0,374368.07
450.0,1,1,5,11.1,13.69,6.68,4.51,0,335.3,Apartment,Premium,Furnished,0,1,429860.47
1657.2,2,2,3,13.6,18.91,4.37,0.25,1,1831.6,Independent House,Premium,Semi-Furnished,0,0,787083.98
1082.7,2,2,1,10.1,3.47,4.66,1.77,0,2721.8,Independent House,Poor,Furnished,1,1,407006.67
3571.6,6,4,1,11.4,5.63,8.47,2.74,3,6408.4,Villa,Poor,Furnished,1,1,1115385.04
2875.4,3,3,3,34.5,18.86,7.8,1.23,2,5381.1,Independent House,Average,Unfurnished,1,1,799224.96
2175.1,3,2,1,10.4,4.69,7.02,3.32,1,3674.3,Independent House,Average,Semi-Furnished,0,0,700111.63
816.3,1,1,4,16.6,4.52,8.01,1.19,0,456.9,Apartment,Good,Unfurnished,1,0,290690.56
2534.3,4,3,6,11.1,23.65,4.78,3.63,2,862.5,Apartment,Average,Semi-Furnished,1,1,606033.01
1211.9,1,1,10,16.5,26.94,6.37,3.92,0,548.3,Apartment,Good,Semi-Furnished,1,0,326868.14
3944.6,5,4,2,19.0,9.96,6.23,5.84,2,6304.6,Independent House,Good,Semi-Furnished,1,0,1210351.11
2490.1,5,4,2,22.9,9.37,5.58,2.02,2,6239.1,Villa,Average,Furnished,0,1,960794.25
1673.9,3,3,8,15.5,27.51,5.06,1.38,2,480.8,Apartment,Average,Semi-Furnished,1,0,457773.07
1359.9,2,1,1,36.5,19.57,8.61,1.9,1,3380.8,Townhouse,Premium,Furnished,1,1,769825.65
2443.0,4,4,6,4.9,28.11,5.79,5.61,1,1168.8,Apartment,Good,Semi-Furnished,0,0,526082.12
1746.9,4,2,10,10.1,5.29,7.35,3.69,1,467.7,Apartment,Average,Semi-Furnished,0,0,413802.22
2480.2,4,3,12,9.8,6.45,7.18,3.59,2,1114.9,Apartment,Average,Unfurnished,0,0,502081.85
1457.7,2,2,15,8.3,1.27,8.22,0.41,1,725.6,Apartment,Premium,Semi-Furnished,0,0,768166.01
2183.9,3,2,2,21.8,1.55,7.76,3.97,1,2939.6,Villa,Good,Semi-Furnished,0,0,844451.61
1737.2,4,3,1,9.9,1.82,,4.37,1,747.1,Apartment,Good,Unfurnished,0,0,533540.34
3387.1,5,3,1,1.3,6.59,4.87,2.69,3,4836.9,Independent House,Good,Furnished,1,1,1057498.87
2832.4,4,3,2,17.9,4.05,7.99,6.15,3,4784.3,Independent House,Premium,Semi-Furnished,0,1,1079409.73
1433.9,3,2,13,37.0,9.81,8.47,2.92,2,556.9,Apartment,Average,Unfurnished,1,0,308055.28
620.2,2,1,2,1.9,4.99,10.0,2.67,2,267.7,Apartment,Good,Furnished,0,0,388075.47
2597.3,4,4,1,21.2,21.84,8.12,2.2,4,6306.3,Independent House,Average,Unfurnished,1,1,767768.49
739.4,1,1,1,27.5,3.76,5.77,3.11,0,413.1,Apartment,Good,Semi-Furnished,0,0,255286.02
2260.5,5,2,2,10.8,1.13,5.96,2.73,2,5096.3,Villa,Premium,Semi-Furnished,1,1,1204610.62
1288.8,3,2,14,19.3,2.35,3.69,2.31,0,296.3,Apartment,Premium,Unfurnished,0,0,573099.76
1018.8,3,2,2,0.3,19.88,5.52,5.56,1,1864.6,Independent House,Average,Semi-Furnished,1,0,374964.15
2161.0,3,2,2,17.0,3.79,4.86,4.98,0,3726.7,Independent House,Good,Unfurnished,1,1,752666.95
3343.9,5,4,8,22.7,14.37,7.55,5.5,3,949.1,Apartment,Premium,Unfurnished,0,0,1074600.24
1186.5,1,2,11,11.5,9.64,8.09,3.0,1,640.5,Apartment,Premium,Semi-Furnished,0,0,652544.26
3072.7,6,4,3,11.8,17.91,9.97,0.66,2,4231.4,Villa,Good,Unfurnished,1,1,1231276.59
3639.0,6,3,7,19.7,23.5,10.0,5.67,2,896.6,Apartment,Poor,Furnished,0,0,726169.19
2370.4,3,2,1,15.6,10.28,7.06,0.89,0,5050.6,Townhouse,Average,Semi-Furnished,1,1,649875.02
1258.5,3,2,2,29.6,10.49,5.85,4.22,1,2369.0,Townhouse,Premium,Unfurnished,1,1,636828.41
1494.6,2,1,2,16.4,0.64,6.13,1.21,2,500.7,Apartment,Good,Furnished,0,0,524242.82
2261.5,4,3,3,20.1,9.03,5.7,5.35,3,4490.0,Independent House,Good,Semi-Furnished,1,1,786823.83
3374.7,4,4,3,12.0,5.72,10.0,2.93,2,5762.5,Independent House,Good,Semi-Furnished,1,1,1132336.99
2252.9,4,3,15,12.0,13.1,2.68,2.33,0,1249.9,Apartment,Average,Semi-Furnished,0,0,487152.66
577.4,1,1,3,24.7,14.4,9.05,1.1,0,1638.7,Independent House,Average,Furnished,1,0,325669.27
944.3,2,1,10,26.4,2.65,5.35,3.05,1,581.5,Apartment,Good,Unfurnished,1,0,287585.87
1313.8,2,2,3,5.6,7.49,6.13,2.95,0,361.7,Apartment,Average,Unfurnished,1,0,290458.27
1077.2,4,3,1,13.7,20.88,2.96,1.35,2,2682.7,Townhouse,Good,Furnished,1,1,566569.64
607.5,1,1,2,20.2,14.45,,3.69,0,815.2,Villa,Good,Unfurnished,1,1,503826.75
997.6,1,2,8,2.2,11.25,7.85,3.16,0,385.2,Apartment,Good,Semi-Furnished,0,0,399776.13
1350.9,3,3,11,13.6,12.47,5.11,4.07,1,593.2,Apartment,Average,Semi-Furnished,1,0,340959.32
1323.3,2,2,2,47.4,0.5,8.31,2.66,0,2214.8,Townhouse,Good,Semi-Furnished,0,1,469105.99
1215.8,1,1,3,8.4,8.57,8.03,3.15,0,3108.7,Independent House,Poor,Furnished,0,0,384726.27
1376.8,3,2,6,8.2,4.84,5.93,3.45,1,588.3,Apartment,Average,Furnished,1,0,343929.68
1562.7,3,3,1,14.9,23.4,3.72,0.99,2,493.3,Apartment,Average,Unfurnished,1,0,352829.35
1517.8,3,2,1,15.7,33.49,6.38,3.26,1,2428.5,Independent House,Poor,Semi-Furnished,1,1,472669.79
2407.2,4,3,3,12.6,4.91,8.21,3.84,3,498.0,Apartment,Premium,Semi-Furnished,0,0,909034.55
1386.2,2,2,10,26.8,25.58,5.37,4.66,0,355.8,Apartment,Premium,Unfurnished,0,0,508904.09
938.3,1,1,2,3.6,13.76,8.27,2.23,0,470.6,Apartment,Poor,Furnished,0,0,167456.63
843.7,1,1,8,8.0,0.53,5.45,3.88,1,150.0,Apartment,Good,Semi-Furnished,0,0,245542.24
1508.8,3,2,2,13.6,21.22,6.57,5.7,1,2720.8,Townhouse,Average,Unfurnished,0,0,347984.19
2949.8,5,4,1,30.4,17.75,5.63,0.84,2,4969.7,Independent House,Good,Furnished,0,0,1033488.12
1307.5,2,1,2,10.2,8.6,6.93,2.59,0,3241.4,Independent House,Premium,Furnished,1,1,743987.7
2373.5,4,3,2,7.4,13.77,7.89,2.58,2,4735.1,Independent House,Good,Unfurnished,1,1,902305.79
2317.7,3,2,3,2.7,14.95,9.06,1.4,1,4035.7,Villa,Poor,Semi-Furnished,1,1,832711.43
3125.1,5,3,14,6.7,23.31,7.0,2.77,2,755.5,Apartment,Poor,Unfurnished,1,0,643803.35
1594.0,2,2,5,3.0,23.63,4.44,3.92,1,484.3,Apartment,Average,Unfurnished,0,0,304507.7
1661.3,2,2,3,9.7,6.12,7.62,1.78,1,3667.0,Villa,Premium,Unfurnished,0,1,968411.23
1843.4,4,3,2,21.6,4.41,6.27,3.9,2,640.0,Apartment,Good,Furnished,0,0,550631.41
2553.6,3,3,3,19.2,4.83,6.24,3.98,2,3966.7,Independent House,Average,Unfurnished,1,1,778479.05
1564.2,2,3,1,22.3,4.31,6.85,5.09,0,2607.2,Independent House,Poor,Unfurnished,0,0,431849.19
829.8,2,2,11,5.9,6.35,7.51,2.56,2,150.0,Apartment,Premium,Semi-Furnished,0,0,482497.08
2066.6,3,2,3,4.4,6.57,6.1,6.32,1,2471.4,Townhouse,Average,Semi-Furnished,1,0,562722.6
1389.6,2,2,11,18.6,3.98,7.54,0.91,0,437.5,Apartment,Good,Unfurnished,1,0,446564.89
715.6,2,2,2,25.4,7.52,7.29,2.89,1,466.5,Apartment,Good,Unfurnished,1,0,247092.44
1836.2,3,2,2,14.9,21.09,7.54,1.82,1,3142.9,Townhouse,Average,Furnished,1,1,630952.29
1035.4,1,1,5,19.5,8.99,7.98,4.59,1,637.3,Apartment,Poor,Semi-Furnished,0,0,153780.18
977.8,2,2,2,14.3,2.66,3.5,0.29,1,2287.8,Independent House,Average,Semi-Furnished,1,1,469707.26
1921.3,4,3,3,10.7,5.09,6.13,,2,4565.0,Villa,Average,Unfurnished,0,0,776913.49
3167.5,6,4,1,12.0,27.69,6.48,1.96,1,4285.2,Independent House,Good,Semi-Furnished,0,1,1009242.67
2247.3,4,3,3,25.2,20.33,6.34,1.73,2,1121.6,Apartment,Good,Furnished,0,0,666999.98
2013.7,4,4,13,14.1,4.01,5.44,6.01,1,708.8,Apartment,Average,Unfurnished,0,0,400041.26
1515.0,3,2,12,25.0,23.47,5.75,5.24,0,534.1,Apartment,Average,Unfurnished,0,0,301496.82
1737.7,3,3,5,16.5,15.28,7.46,1.4,2,800.9,Apartment,Poor,Semi-Furnished,0,0,340571.07
2321.7,3,2,2,9.6,26.05,7.37,,1,4076.7,Villa,Average,Unfurnished,1,1,739088.59
850.6,2,1,5,20.3,1.73,6.75,1.44,2,204.7,Apartment,Good,Unfurnished,0,0,352012.73
925.0,2,2,1,14.4,5.31,5.24,2.61,1,150.0,Apartment,Good,Furnished,0,0,357993.48
1432.0,1,1,1,28.7,16.0,7.95,2.82,0,2384.1,Independent House,Good,Semi-Furnished,1,0,556993.07
2437.3,3,3,2,8.1,12.09,7.84,2.33,2,920.8,Apartment,Average,Semi-Furnished,0,0,553760.9
2126.6,3,2,4,3.1,24.47,8.31,,1,955.4,Apartment,Good,Unfurnished,0,0,565285.88
859.7,1,2,5,21.6,18.06,5.57,5.96,0,377.9,Apartment,Average,Semi-Furnished,0,0,210514.41
1889.9,4,4,2,32.5,1.54,10.0,2.87,1,4024.3,Independent House,Premium,Semi-Furnished,0,1,989026.0
1560.5,5,3,3,25.4,13.46,7.02,2.93,2,3318.8,Independent House,Good,Furnished,1,1,697375.01
1267.7,1,1,12,34.2,18.91,5.6,2.63,1,750.6,Apartment,Premium,Semi-Furnished,1,1,554628.65
1778.4,3,2,3,38.8,3.36,10.0,1.41,1,2832.1,Villa,Average,Furnished,1,1,675451.79
3335.1,5,5,2,13.1,9.87,7.78,2.81,3,6678.1,Independent House,Average,Unfurnished,1,1,1009987.25
1833.4,3,2,1,7.0,3.82,6.99,1.1,1,3859.8,Independent House,Good,Semi-Furnished,1,1,724644.11
1481.6,3,2,6,1.3,11.61,7.17,4.32,2,805.8,Apartment,Average,Furnished,1,0,423199.58
1486.6,3,4,7,3.3,7.4,8.56,1.85,1,500.2,Apartment,Good,Semi-Furnished,0,0,501905.41
1200.1,2,1,3,21.0,8.91,,5.75,1,1868.1,Independent House,Average,Semi-Furnished,1,1,439415.36
1416.1,2,1,9,3.6,18.93,4.2,2.72,1,878.0,Apartment,Premium,Furnished,1,0,547341.63
2887.2,5,3,1,17.6,6.02,6.67,2.16,2,4732.6,Independent House,Average,Furnished,0,1,888607.22
3430.3,6,4,1,22.0,6.76,8.0,1.26,3,8137.6,Independent House,Premium,Unfurnished,0,0,1397851.35
835.5,2,2,3,15.3,7.17,6.63,3.26,0,458.7,Apartment,Average,Unfurnished,0,0,248993.65
976.6,1,1,3,11.9,10.74,5.27,4.98,2,2177.1,Independent House,Average,Semi-Furnished,1,1,391900.83
2286.4,6,4,3,7.8,6.14,6.65,2.36,3,3724.1,Villa,Average,Furnished,1,0,972684.25
2944.6,5,4,2,35.7,4.49,7.95,7.6,3,5448.8,Independent House,Average,Semi-Furnished,0,0,794474.36
1919.0,4,4,2,,16.23,8.55,1.37,3,3433.2,Townhouse,Premium,Unfurnished,1,0,924275.8
2459.2,4,3,1,7.8,6.73,5.09,0.54,2,5420.8,Independent House,Premium,Semi-Furnished,1,1,1091852.29
931.9,2,1,1,11.9,8.13,4.99,0.87,2,2068.8,Townhouse,Premium,Unfurnished,0,1,604480.51
1453.3,3,2,2,10.9,14.19,6.61,5.58,2,2764.2,Independent House,Premium,Unfurnished,1,1,817782.01
734.7,1,2,3,22.9,5.51,5.7,6.77,2,1367.3,Independent House,Good,Unfurnished,1,1,435266.27
1740.7,2,3,1,16.4,2.56,5.86,2.6,2,3617.2,Independent House,Average,Unfurnished,1,1,682525.13
545.2,1,1,5,5.4,23.01,6.31,5.25,0,190.3,Apartment,Good,Semi-Furnished,0,0,235029.8
2368.0,3,3,4,24.4,11.97,7.81,3.07,2,750.5,Apartment,Poor,Unfurnished,0,0,391013.11
2599.6,3,2,4,7.8,8.83,5.48,6.22,0,1184.3,Apartment,Good,Unfurnished,0,0,520604.4
1750.4,3,1,2,17.8,9.5,5.01,6.02,1,3725.1,Townhouse,Average,Semi-Furnished,1,1,508715.72
874.1,3,1,1,33.8,26.3,5.63,3.12,0,2197.5,Townhouse,Good,Unfurnished,1,1,355155.6
1932.0,3,3,3,9.2,14.34,4.51,1.4,1,4372.2,Townhouse,Average,Semi-Furnished,1,1,605425.17
2954.0,4,4,5,9.6,0.43,6.78,6.92,1,1649.7,Apartment,Average,Unfurnished,0,0,728796.0
2256.7,3,2,3,13.1,8.7,6.86,3.26,1,2998.8,Independent House,Poor,Unfurnished,1,0,580276.17
3664.1,6,4,1,13.4,9.53,8.16,4.47,2,8040.8,Villa,Average,Semi-Furnished,1,0,1238983.42
1103.6,1,1,14,16.9,8.87,5.17,0.43,0,464.7,Apartment,Average,Unfurnished,0,0,250366.66
1281.7,2,2,2,20.5,1.24,6.88,1.59,1,1472.8,Independent House,Average,Unfurnished,0,1,482786.69
1793.8,4,3,2,7.4,3.17,7.19,1.28,2,3164.8,Independent House,Average,Unfurnished,0,1,703101.26
734.6,1,1,3,14.5,1.68,4.46,0.28,0,1570.6,Townhouse,Good,Unfurnished,0,1,482885.74
3501.7,6,4,4,6.5,29.14,7.02,1.69,2,1015.4,Apartment,Average,Unfurnished,0,0,766673.52
1959.6,3,2,2,22.2,8.99,7.07,0.92,0,2891.8,Independent House,Good,Unfurnished,1,0,706307.4
3205.7,5,4,2,28.0,10.17,6.51,2.39,1,4619.8,Villa,Poor,Unfurnished,1,0,939269.61
1522.4,3,2,2,10.9,7.6,4.84,5.97,2,3603.3,Independent House,Good,Unfurnished,0,1,577305.16
1165.1,2,2,2,15.9,3.99,6.59,1.01,3,2570.6,Villa,Average,Furnished,1,0,623016.91
4054.1,6,4,2,32.6,4.48,3.86,1.81,3,8894.7,Villa,Average,Unfurnished,1,0,1281779.5
843.8,1,1,11,18.5,29.24,7.17,1.22,1,353.4,Apartment,Good,Unfurnished,1,0,325203.15
2139.6,4,4,2,6.5,7.77,7.78,1.48,2,5242.0,Independent House,Good,Semi-Furnished,1,1,890853.46
1987.5,4,4,2,4.1,5.41,6.38,0.52,0,4838.6,Townhouse,Average,Unfurnished,0,0,611407.66
2297.8,4,3,1,8.3,18.21,8.56,2.88,3,3684.1,Villa,Average,Furnished,1,1,951813.18
973.2,3,3,8,12.4,6.81,5.69,3.36,2,185.1,Apartment,Average,Unfurnished,0,0,228729.39
1270.6,2,2,12,,2.64,5.64,4.98,2,819.5,Apartment,Average,Semi-Furnished,0,0,313312.18
1240.0,3,3,2,11.6,3.91,6.3,1.14,0,2758.5,Independent House,Average,Furnished,0,0,548301.01
1900.6,2,3,2,6.2,18.09,9.98,3.41,1,,Apartment,Good,Unfurnished,1,0,567140.14
2349.4,4,3,2,12.1,5.72,6.29,0.74,2,3256.9,Independent House,Average,Unfurnished,0,1,779693.49
1340.9,3,2,15,12.6,10.87,9.81,2.84,1,843.3,Apartment,Good,Semi-Furnished,0,0,485856.08
1754.5,3,3,3,8.6,7.74,6.64,1.54,0,2796.4,Villa,Average,Furnished,1,1,793725.59
4478.0,7,5,1,11.7,15.04,,0.89,2,6334.0,Independent House,Average,Semi-Furnished,1,1,1269139.24
783.1,1,1,13,16.0,6.88,9.53,0.86,1,226.5,Apartment,Average,Semi-Furnished,0,0,254207.59
966.0,2,2,2,3.7,4.54,6.97,0.67,1,1605.2,Independent House,Poor,Unfurnished,0,0,342215.19
1307.2,2,2,7,12.6,3.82,6.27,5.82,0,362.4,Apartment,Average,Semi-Furnished,0,0,291141.26
1658.2,3,1,1,52.7,16.08,7.95,3.47,2,2563.6,Independent House,Good,Unfurnished,1,0,546402.88
2930.3,5,3,2,18.1,5.42,8.51,0.34,2,3719.3,Independent House,Good,Semi-Furnished,1,1,990890.46
2424.1,4,3,2,24.2,10.41,5.86,2.53,1,5415.9,Independent House,Average,Unfurnished,0,0,705593.94
1369.9,2,1,5,32.4,20.15,8.01,2.17,1,259.9,Apartment,Average,Semi-Furnished,0,0,304821.77
1669.4,2,1,7,36.2,8.89,6.37,2.15,0,655.0,Apartment,Good,Unfurnished,0,0,460665.79
2262.8,4,5,2,9.8,11.78,,4.63,2,2312.5,Independent House,Poor,Semi-Furnished,0,1,652452.07
3991.9,6,4,2,3.9,5.53,5.67,3.09,1,5506.7,Townhouse,Average,Semi-Furnished,1,0,1095994.24
1835.3,2,2,1,26.7,6.86,5.0,1.03,0,4787.8,Townhouse,Good,Furnished,1,1,712434.9
1016.4,1,2,4,12.5,20.51,6.83,2.05,0,366.3,Apartment,Average,Furnished,0,0,290366.71
1470.6,2,1,5,13.0,14.9,6.83,1.33,1,734.1,Apartment,Poor,Semi-Furnished,0,0,309748.79
615.2,1,1,1,20.3,7.52,,,0,1219.1,Independent House,Average,Semi-Furnished,1,0,235500.32
1334.6,2,3,14,14.6,8.98,7.96,1.39,1,399.9,Apartment,Good,Unfurnished,0,0,404473.91
2141.2,3,3,14,17.0,7.24,6.11,2.94,2,508.2,Apartment,Average,Furnished,0,0,493681.27
2868.5,5,5,1,18.0,13.67,6.42,7.88,2,7445.5,Villa,Good,Semi-Furnished,0,1,1120703.41
1533.8,2,1,8,26.9,5.27,5.76,1.74,1,575.9,Apartment,Average,Semi-Furnished,1,0,265422.33
2427.3,5,5,1,19.2,13.65,6.86,2.64,2,4353.8,Independent House,Average,Semi-Furnished,1,1,841568.67
2150.5,3,2,10,6.4,25.62,6.38,2.53,0,895.8,Apartment,Average,Semi-Furnished,1,0,464808.28
3362.6,6,4,3,6.3,9.72,6.77,1.58,3,4948.5,Independent House,Good,Furnished,1,1,1166258.3
2230.1,4,3,1,9.2,2.86,8.82,3.86,2,4203.3,Independent House,Average,Furnished,1,1,816805.16
1618.2,2,2,1,18.5,7.97,8.9,2.18,4,4167.1,Independent House,Good,Semi-Furnished,0,0,590953.82
512.0,1,1,15,6.8,24.19,5.79,6.78,1,216.9,Apartment,Average,Semi-Furnished,0,1,83331.71
2488.3,4,3,1,6.8,8.94,7.83,2.83,2,2749.8,Townhouse,Poor,Furnished,0,1,701688.82
2294.4,3,1,3,17.6,3.52,7.65,1.43,1,5178.5,Independent House,Average,Semi-Furnished,1,0,752498.83
1442.6,4,3,1,9.7,7.69,5.9,2.95,2,712.4,Apartment,Average,Semi-Furnished,0,0,432571.13
1013.4,1,2,11,34.4,21.61,8.75,0.72,0,316.6,Apartment,Average,Semi-Furnished,0,0,220388.73
2029.3,3,3,4,10.1,5.29,4.56,4.99,2,1059.6,Apartment,Good,Semi-Furnished,0,0,618926.8
1999.4,3,3,3,22.7,21.88,8.26,1.88,0,4798.7,Villa,Premium,Semi-Furnished,1,1,1063962.09
1821.5,4,3,2,13.2,7.23,6.53,2.47,0,3349.0,Independent House,Good,Semi-Furnished,0,1,734711.44
1805.1,3,3,3,5.8,37.6,5.15,4.21,2,3342.5,Independent House,Good,Furnished,1,1,688332.16
2232.3,5,4,3,9.9,5.74,6.43,3.19,2,2871.7,Independent House,Average,Furnished,1,1,763319.77
1018.5,2,1,2,13.9,4.24,9.42,2.72,1,2323.9,Townhouse,Good,Semi-Furnished,1,1,553319.34
2089.8,2,1,2,10.0,0.59,10.0,2.67,0,3567.4,Townhouse,Average,Unfurnished,1,1,628532.59
1219.0,1,1,3,32.1,8.2,5.57,1.23,1,2451.4,Townhouse,Good,Semi-Furnished,1,1,476825.63
1385.5,2,2,2,7.5,7.09,6.64,6.43,0,2639.9,Independent House,Good,Semi-Furnished,1,1,615751.7
1962.3,2,1,15,10.9,24.05,6.43,3.38,2,556.0,Apartment,Average,Semi-Furnished,1,0,433959.45
1216.8,2,1,3,19.0,16.38,6.67,1.18,1,2572.2,Independent House,Premium,Furnished,1,1,771857.84
2678.2,4,3,3,40.9,21.19,9.06,2.03,2,4354.7,Independent House,Good,Unfurnished,1,0,800156.97
1411.8,2,2,14,20.8,18.05,6.13,5.71,1,797.5,Apartment,Average,Unfurnished,0,0,265309.7
825.7,1,1,1,18.3,8.44,5.57,4.61,0,1255.3,Townhouse,Premium,Furnished,1,0,563300.12
2399.8,4,3,7,24.6,45.0,6.06,1.03,1,1315.8,Apartment,Average,Furnished,0,0,436334.55
2537.5,3,3,2,28.8,7.88,6.43,1.34,1,3506.8,Villa,Poor,Semi-Furnished,1,1,851032.67
2628.5,5,3,1,32.5,11.76,7.82,1.36,2,5291.4,Villa,Average,Unfurnished,1,1,883939.48
3400.5,6,5,1,20.7,29.34,6.88,2.97,3,4461.7,Villa,Good,Semi-Furnished,1,0,1186634.51
2539.6,4,3,11,16.7,16.76,7.66,1.34,3,1079.2,Apartment,Average,Semi-Furnished,1,0,646312.7
1472.2,1,1,11,7.7,9.73,8.23,3.71,2,524.7,Apartment,Premium,Semi-Furnished,1,0,684163.25
1753.4,3,3,9,17.5,13.28,6.29,1.42,2,908.9,Apartment,Average,Unfurnished,0,0,456522.96
1581.3,2,2,9,36.3,5.23,6.6,1.58,1,865.0,Apartment,Average,Unfurnished,0,0,345937.11
1171.5,1,1,2,2.0,6.48,7.41,3.05,0,700.9,Apartment,Good,Semi-Furnished,0,0,506263.7
695.8,3,3,14,30.5,11.73,5.81,3.02,1,419.6,Apartment,Poor,Semi-Furnished,0,0,116466.87
2437.9,3,2,1,16.6,3.54,6.76,1.86,1,5132.3,Villa,Good,Semi-Furnished,1,1,915931.55
2414.5,3,3,4,26.3,4.87,8.23,2.64,0,770.1,Apartment,Average,Semi-Furnished,0,0,535289.06
1728.6,3,2,4,21.3,1.38,6.88,0.96,2,1202.7,Apartment,Premium,Unfurnished,1,0,803224.94
1180.3,2,2,1,15.0,8.72,8.55,1.15,0,2725.7,Independent House,Good,Semi-Furnished,0,0,658204.98
2616.2,5,4,1,16.6,9.69,5.38,2.92,2,6656.0,Townhouse,Poor,Furnished,1,1,840509.9
1622.8,2,1,3,22.4,18.59,7.19,3.39,0,2266.3,Independent House,Poor,Semi-Furnished,1,1,487870.16
767.6,1,1,1,8.1,4.19,7.54,2.2,0,885.8,Independent House,Poor,Semi-Furnished,0,0,293646.73
2833.8,5,4,2,15.1,6.53,7.16,3.08,3,6954.7,Independent House,Premium,Semi-Furnished,0,0,1186761.7
1242.4,2,1,2,20.5,15.35,6.28,6.96,0,1707.2,Independent House,Good,Furnished,0,1,573371.91
3485.7,6,4,3,23.8,17.37,4.58,3.77,2,4208.4,Townhouse,Average,Semi-Furnished,1,1,918616.93
2992.7,5,4,3,22.4,16.79,8.32,1.2,3,6156.3,Independent House,Average,Semi-Furnished,1,0,891671.38
1499.5,3,2,2,12.3,4.51,4.65,1.14,2,2292.9,Townhouse,Premium,Furnished,1,1,875777.72
1640.9,2,1,1,15.8,1.75,4.76,2.95,1,554.7,Apartment,Average,Unfurnished,1,0,316488.48
4566.8,7,5,3,6.3,9.53,,4.08,2,5437.5,Townhouse,Good,Semi-Furnished,0,1,1307025.39
2059.2,3,3,10,29.5,8.48,6.16,2.0,1,980.9,Apartment,Good,Semi-Furnished,0,0,499225.17
2042.4,4,4,3,17.9,10.05,6.91,4.4,1,2670.6,Independent House,Average,Furnished,1,1,702905.88
4264.0,7,4,10,15.8,11.38,4.84,3.76,3,1497.3,Apartment,Average,Semi-Furnished,0,0,1016702.16
1421.5,2,1,11,15.8,12.81,7.12,6.93,0,599.9,Apartment,Average,Unfurnished,1,0,286931.1
1727.5,5,3,3,13.4,12.91,7.91,1.39,3,593.6,Apartment,Average,Furnished,0,0,448525.49
1247.2,2,3,3,24.1,6.66,4.44,1.08,1,1892.4,Independent House,Premium,Semi-Furnished,0,1,756714.43
669.6,1,2,15,16.0,7.54,7.07,2.94,0,196.8,Apartment,Good,Semi-Furnished,0,0,270237.82
1637.6,3,3,3,7.6,5.8,8.01,5.92,2,2108.5,Independent House,Good,Unfurnished,1,1,628053.22
1878.1,3,3,2,9.4,15.68,4.77,2.43,3,3820.9,Independent House,Average,Unfurnished,1,0,540456.88
1553.7,3,2,3,,3.49,6.91,2.37,2,650.9,Apartment,Average,Semi-Furnished,1,0,498741.79
1018.0,2,1,2,,27.99,6.77,1.57,0,2236.3,Independent House,Good,Semi-Furnished,0,1,431903.31
1785.7,3,2,1,,8.65,7.22,4.84,3,753.9,Apartment,Average,Furnished,1,0,514753.66
954.6,3,2,5,37.7,8.57,6.3,1.82,1,490.1,Apartment,Average,Unfurnished,0,0,296008.26
2386.4,4,3,3,17.1,7.4,4.59,3.81,2,5543.4,Independent House,Average,Semi-Furnished,1,0,726041.53
3298.8,5,3,3,11.9,16.05,6.12,5.09,2,7176.6,Villa,Good,Unfurnished,1,1,1195623.61
1145.9,2,2,9,13.6,9.27,5.89,3.39,0,285.4,Apartment,Good,Semi-Furnished,0,0,356057.83
1100.7,2,2,2,16.8,6.07,6.6,2.03,1,1501.7,Townhouse,Average,Unfurnished,0,1,375333.83
2587.4,5,4,3,7.8,15.5,8.45,4.93,1,1416.1,Apartment,Premium,Semi-Furnished,0,0,943554.51
2380.7,4,3,2,6.1,5.2,4.54,4.49,1,3716.7,Townhouse,Average,Unfurnished,1,1,672764.67
1969.8,3,2,2,27.7,16.3,8.09,2.28,1,4507.0,Independent House,Average,Semi-Furnished,0,1,625760.59
3424.1,6,4,2,11.5,2.29,9.26,0.69,4,7282.7,Independent House,Average,Unfurnished,0,1,1036034.57
1913.8,5,3,1,38.3,21.33,9.18,2.91,1,3223.2,Independent House,Good,Furnished,1,1,771572.63
1042.6,2,1,2,20.9,5.0,9.3,1.74,2,382.3,Apartment,Average,Unfurnished,0,1,289803.48
1213.4,3,3,1,10.9,3.01,6.98,3.21,2,2083.5,Independent House,Average,Semi-Furnished,1,0,520309.8
1766.2,4,4,1,47.0,7.02,6.8,2.64,2,3505.2,Independent House,Average,Semi-Furnished,1,0,579644.31
2555.4,6,4,1,28.5,6.26,4.08,4.26,3,3511.1,Independent House,Good,Unfurnished,1,1,893508.58
2425.5,4,3,10,4.8,11.45,6.38,1.51,1,841.5,Apartment,Good,Unfurnished,0,0,693235.16
1666.4,3,2,3,8.8,2.85,8.34,1.52,0,4097.7,Townhouse,Average,Unfurnished,0,1,547135.37
2252.0,4,4,2,0.6,11.2,4.64,2.68,0,662.2,Apartment,Premium,Semi-Furnished,0,0,760554.17
1236.6,2,2,1,12.8,6.96,5.45,2.26,1,835.3,Apartment,Poor,Furnished,1,0,330324.14
974.4,2,2,3,43.4,9.24,6.86,,1,596.7,Apartment,Average,Unfurnished,0,0,237173.62
953.3,3,2,3,3.5,3.47,4.3,2.38,1,1541.9,Townhouse,Good,Semi-Furnished,1,0,448112.16
1494.0,3,2,2,18.7,8.79,9.34,4.93,2,3314.3,Independent House,Good,Semi-Furnished,0,1,661343.84
794.1,1,1,4,53.4,5.08,7.55,0.63,0,353.4,Apartment,Average,Semi-Furnished,0,0,182729.87
4297.8,7,5,1,13.3,1.93,7.2,3.65,3,11041.2,Independent House,Good,Semi-Furnished,1,1,1483283.22
1984.3,4,3,1,18.0,13.64,7.87,3.42,2,4150.0,Townhouse,Average,Furnished,0,1,610302.45
1775.3,3,2,2,11.4,4.34,6.21,3.62,1,3021.2,Independent House,Good,Semi-Furnished,1,1,749028.06
3400.8,6,5,1,8.6,11.23,7.11,2.54,2,7213.3,Townhouse,Good,Furnished,1,1,1128770.67
954.9,2,2,1,23.6,4.39,5.28,3.44,2,2390.3,Townhouse,Premium,Unfurnished,1,1,583287.01
1744.6,2,1,3,24.0,8.59,3.34,4.22,1,3873.6,Independent House,Average,Furnished,1,1,519509.26
5159.0,7,5,3,19.9,34.85,6.65,1.4,2,7120.9,Villa,Good,Furnished,0,1,1622991.38
1553.1,3,2,3,10.2,18.17,8.99,3.56,1,2975.6,Townhouse,Good,Furnished,1,1,664575.8
4611.0,7,5,1,,26.05,9.13,2.25,3,8758.5,Townhouse,Average,Unfurnished,0,0,1215199.99
2570.4,5,3,3,4.6,18.88,6.43,3.66,1,4808.0,Independent House,Average,Furnished,1,1,803157.75
3198.2,5,4,2,21.4,8.41,6.3,,3,4036.7,Independent House,Premium,Unfurnished,0,0,1163907.61
2370.2,4,3,13,8.2,16.05,4.44,3.41,1,1373.8,Apartment,Average,Semi-Furnished,0,0,469039.0
1651.1,2,1,1,7.7,7.59,8.24,3.07,2,4018.4,Townhouse,Good,Unfurnished,1,0,530009.51
1344.1,1,1,3,36.6,2.83,7.31,2.49,1,1668.6,Townhouse,Average,Semi-Furnished,1,1,366781.11
2122.1,4,3,1,1.5,10.35,6.43,1.59,1,2942.2,Villa,Good,Semi-Furnished,1,1,890479.03
1090.1,3,2,2,13.1,2.1,3.84,5.31,0,1707.3,Townhouse,Average,Unfurnished,1,1,427370.36
1604.9,3,2,2,5.0,7.38,4.09,6.23,1,3836.0,Townhouse,Premium,Unfurnished,1,0,750664.76
2223.4,5,4,3,16.4,20.0,6.89,0.82,1,3493.8,Villa,Good,Unfurnished,1,1,957720.46
3354.3,5,4,3,8.9,17.43,4.46,,2,4908.2,Townhouse,Poor,Semi-Furnished,1,0,834940.04
1735.9,3,2,14,5.3,7.46,7.48,3.76,1,789.2,Apartment,Good,Furnished,0,0,536080.64
3649.6,5,4,11,11.5,25.96,7.55,1.59,2,1523.8,Apartment,Good,Semi-Furnished,0,1,939917.81
546.2,1,1,5,7.3,12.38,4.79,3.46,1,217.7,Apartment,Average,Furnished,1,0,115686.35
811.5,1,1,4,7.5,14.19,6.77,4.4,1,431.1,Apartment,Average,Furnished,1,0,221145.04
1421.2,1,3,3,21.8,6.25,5.34,0.74,1,2397.3,Townhouse,Good,Semi-Furnished,1,1,550486.31
3458.9,5,4,3,4.4,15.74,8.06,6.85,2,6181.2,Independent House,Good,Semi-Furnished,0,1,998991.95
1764.9,3,2,1,1.9,7.86,10.0,3.53,1,2900.1,Independent House,Average,Semi-Furnished,1,1,688835.05
730.4,1,1,5,17.1,3.84,6.53,1.13,0,398.1,Apartment,Premium,Unfurnished,0,0,444187.3
1488.6,2,1,3,13.0,12.46,8.84,1.86,0,2374.9,Townhouse,Average,Semi-Furnished,1,1,543376.09
818.2,2,2,8,8.6,8.84,8.19,1.51,1,150.0,Apartment,Poor,Semi-Furnished,0,0,256139.25
1240.6,1,1,3,21.7,8.38,6.59,1.28,0,1496.2,Villa,Good,Semi-Furnished,0,0,704140.22
3132.5,5,4,13,38.6,13.26,7.47,3.4,2,1466.8,Apartment,Poor,Semi-Furnished,1,0,677773.53
1594.3,3,3,3,14.2,2.16,4.86,3.01,0,2626.8,Independent House,Average,Unfurnished,1,1,569352.52
1455.1,3,3,7,14.5,5.35,6.9,,0,578.0,Apartment,Average,Semi-Furnished,0,0,388869.48
1777.2,3,2,1,5.9,11.36,6.26,2.92,1,2583.9,Independent House,Average,Unfurnished,1,0,532661.56
1217.4,2,2,11,4.6,3.52,8.67,3.2,3,298.2,Apartment,Average,Furnished,0,0,457159.29
1298.3,2,2,3,13.3,4.64,5.79,2.86,0,1778.9,Independent House,Good,Unfurnished,1,1,529514.75
1187.5,2,2,2,3.3,15.7,5.17,1.85,1,605.4,Apartment,Average,Semi-Furnished,0,0,302224.82
2566.4,5,3,1,2.8,2.87,5.23,1.81,2,6588.8,Villa,Good,Semi-Furnished,1,1,1100071.59
2994.0,5,3,3,18.8,18.13,7.94,2.76,3,5517.1,Townhouse,Good,Unfurnished,0,0,861645.68
2751.2,4,2,3,4.6,13.46,6.43,1.18,1,4013.0,Independent House,Average,Semi-Furnished,1,0,732496.12
1107.5,2,2,3,19.4,14.42,4.26,1.64,0,2060.7,Independent House,Average,Unfurnished,1,1,397608.32
3373.9,5,4,3,30.0,3.22,8.17,0.72,1,5489.7,Villa,Good,Semi-Furnished,1,0,1196271.13
1652.0,3,2,12,17.9,18.62,4.51,4.84,1,487.3,Apartment,Average,Furnished,0,0,388709.6
1040.7,2,2,3,3.9,10.11,5.9,2.47,2,,Apartment,Average,Unfurnished,0,0,321227.78
1460.5,2,1,3,47.2,26.31,6.39,4.87,0,1000.0,Apartment,Good,Semi-Furnished,1,0,266980.57
1720.6,4,3,9,15.1,13.69,5.11,0.86,2,945.6,Apartment,Good,Furnished,1,0,620598.79
1682.9,1,1,1,14.3,8.3,4.24,2.3,0,2770.3,Townhouse,Good,Semi-Furnished,1,1,546606.02
2725.3,5,3,2,12.8,2.34,7.88,3.38,2,5551.0,Villa,Poor,Furnished,1,0,917697.59
1550.3,2,2,1,8.4,11.71,7.65,4.12,0,2556.7,Villa,Average,Semi-Furnished,0,0,624500.52
3810.5,5,4,3,6.3,17.01,6.78,3.45,2,8384.8,Townhouse,Average,Semi-Furnished,1,1,1094788.18
821.9,1,1,1,,15.54,7.23,2.11,1,950.1,Independent House,Good,Unfurnished,0,1,405549.11
2355.6,4,3,1,4.9,3.71,,2.08,0,4346.9,Independent House,Average,Unfurnished,0,0,710501.76
2598.5,4,2,2,11.9,25.55,7.46,5.11,1,6570.7,Villa,Poor,Semi-Furnished,0,0,740697.13
1772.4,3,2,2,18.7,5.51,7.3,2.51,1,808.8,Apartment,Average,Furnished,0,0,432235.89
1225.4,3,1,2,6.9,17.91,7.34,5.98,2,2900.2,Townhouse,Good,Unfurnished,0,0,387264.02
3019.7,4,3,3,17.2,4.24,7.34,2.57,4,4238.7,Independent House,Good,Furnished,1,0,1030421.3
1293.0,2,2,9,11.3,4.21,8.14,1.86,0,636.8,Apartment,Poor,Semi-Furnished,0,0,330173.75
1002.6,2,2,3,13.3,4.43,6.53,2.97,0,2243.5,Townhouse,Poor,Semi-Furnished,1,1,279687.33
1406.4,3,2,1,25.1,4.51,6.79,3.16,1,3021.6,Villa,Average,Furnished,0,1,615904.55
2347.3,4,4,2,17.3,2.75,4.76,0.17,2,3416.4,Villa,Poor,Furnished,1,0,796622.09
1139.2,1,2,2,19.7,3.65,7.69,1.86,1,1601.6,Villa,Average,Semi-Furnished,0,1,609522.55
3936.6,6,4,2,50.2,0.88,5.73,1.34,2,8998.0,Independent House,Average,Unfurnished,0,0,1072678.39
2102.0,4,3,6,7.0,1.46,5.83,1.85,1,566.3,Apartment,Good,,0,0,616699.94
2914.2,4,2,8,23.8,29.75,6.11,0.94,2,1721.2,Apartment,Good,Unfurnished,0,0,598990.53
3400.0,7,5,3,19.4,11.03,5.15,3.91,3,6275.2,Townhouse,Premium,Furnished,0,0,1268912.78
1423.3,1,1,3,19.4,8.58,6.55,2.43,1,3699.1,Townhouse,Premium,Unfurnished,1,0,616483.26
1145.3,3,3,2,15.9,10.91,7.9,1.45,1,2373.6,Townhouse,Average,Semi-Furnished,0,1,460080.36
600.2,1,2,1,18.2,6.1,5.09,2.92,1,1190.2,Independent House,Poor,Unfurnished,1,0,255979.47
1140.8,3,2,15,11.5,8.17,6.68,1.13,1,473.7,Apartment,Average,Semi-Furnished,1,0,260414.25
3879.4,6,4,1,14.4,6.59,7.67,6.06,3,9546.5,Independent House,Good,Semi-Furnished,1,1,1187936.38
955.6,2,2,3,27.4,12.57,3.1,1.11,2,549.3,Apartment,Poor,Semi-Furnished,1,0,132597.62
1238.8,3,2,11,9.1,16.45,9.39,0.15,1,564.7,Apartment,Average,Semi-Furnished,1,1,392635.45
1071.9,1,1,7,9.9,4.74,6.03,1.2,1,258.5,Apartment,Average,Furnished,0,0,317640.25
1583.8,3,2,13,18.6,3.55,5.34,1.45,1,682.1,Apartment,Average,Furnished,0,0,487401.24
3171.7,5,4,3,17.5,5.6,6.82,0.23,1,7996.5,Independent House,Good,Semi-Furnished,1,1,1113801.66
864.4,2,2,2,11.2,4.89,5.72,4.72,1,1258.8,Townhouse,Good,Unfurnished,0,1,363041.29
768.2,1,1,10,18.9,12.73,6.6,4.99,0,296.0,Apartment,Average,Furnished,1,0,70357.46
3450.4,5,4,3,18.8,8.7,5.61,4.13,2,7505.8,Independent House,Premium,Furnished,1,1,1422390.66
2244.9,5,5,1,45.6,3.94,8.33,3.05,3,5638.0,Townhouse,Poor,Furnished,1,1,656467.19
1213.3,3,3,13,54.7,1.4,10.0,0.76,3,560.5,Apartment,Average,Semi-Furnished,0,0,378644.89
2771.3,5,4,11,60.0,14.34,7.75,2.38,3,1541.3,Apartment,Average,Unfurnished,1,0,578921.1
762.6,1,2,12,18.7,4.76,6.99,2.94,2,167.8,Apartment,Good,Semi-Furnished,1,0,336786.96
2732.5,6,4,1,25.3,6.45,5.9,3.21,3,3861.4,Independent House,Good,Semi-Furnished,1,1,908183.21
1314.8,2,1,15,18.4,11.59,8.24,4.79,2,786.5,Apartment,Poor,Unfurnished,0,0,225226.61
1745.6,2,1,3,13.4,11.78,5.59,1.72,1,446.0,Apartment,Premium,Semi-Furnished,0,0,706141.57
496.4,2,2,12,19.5,15.9,7.16,4.52,2,150.0,Apartment,Average,Semi-Furnished,0,0,181750.56
1478.9,3,2,3,13.2,19.01,5.95,4.07,0,3522.4,Townhouse,Average,Unfurnished,1,1,449884.66
1843.7,3,2,9,15.0,4.43,4.88,1.12,0,1012.0,Apartment,Good,Semi-Furnished,1,0,552338.13
1799.5,3,2,2,14.1,14.37,6.39,2.87,1,3567.0,Independent House,Premium,,1,0,892343.13
2292.3,4,3,10,14.3,17.24,5.27,2.08,2,1405.2,Apartment,Good,Semi-Furnished,1,0,604354.29
3087.2,6,5,3,9.3,16.76,8.84,3.13,3,4954.3,Independent House,Premium,Unfurnished,0,0,1263845.31
1103.2,2,2,2,23.8,9.91,5.61,6.23,0,2218.4,Townhouse,Average,Furnished,1,1,326864.97
2332.3,3,1,1,19.2,19.58,6.51,1.33,0,3042.3,Townhouse,Good,Semi-Furnished,1,1,732626.19
891.7,1,1,12,9.0,33.93,5.76,2.5,0,439.3,Apartment,Good,Semi-Furnished,1,0,303650.37
1890.4,3,3,1,13.9,8.38,4.91,0.73,1,4670.1,Independent House,Average,Semi-Furnished,0,0,625165.94
2434.3,3,2,2,6.7,4.69,7.69,2.55,1,3266.8,Independent House,Average,Semi-Furnished,0,0,732750.43
952.7,1,2,5,16.7,10.32,6.56,3.81,0,450.2,Apartment,Premium,Semi-Furnished,0,0,501966.1
1882.9,4,3,9,27.3,6.1,10.0,3.32,2,744.9,Apartment,Average,Unfurnished,0,0,441600.79
1801.5,2,2,1,11.7,5.51,8.22,4.63,2,2470.7,Villa,Average,Furnished,0,1,722668.09
1292.9,2,1,1,23.5,26.75,6.8,2.15,2,2323.2,Townhouse,Premium,Unfurnished,1,0,619431.52
1820.5,2,2,1,14.3,6.79,7.23,1.17,1,570.1,Apartment,Premium,Furnished,0,0,764251.09
952.4,2,2,1,12.0,6.59,6.57,2.88,1,355.4,Apartment,Premium,Semi-Furnished,1,0,570838.66
1273.3,2,2,2,8.6,5.58,5.21,3.83,2,3101.6,Independent House,Premium,Unfurnished,1,1,793492.6
2861.6,4,2,1,12.9,11.33,4.62,,2,5123.3,Independent House,Poor,Semi-Furnished,1,0,781563.38
1727.0,3,1,3,24.0,13.48,5.17,3.31,2,3048.1,Townhouse,Premium,Unfurnished,1,1,736396.39
1209.4,2,2,3,18.1,21.51,8.64,2.7,1,3068.0,Villa,Average,Furnished,1,1,598495.85
2363.5,4,3,1,7.5,3.51,7.07,3.65,2,4658.9,Townhouse,Good,Semi-Furnished,0,0,784287.22
1140.6,1,1,13,19.7,21.08,7.48,3.0,1,521.7,Apartment,Average,Semi-Furnished,0,0,221613.35
915.3,1,2,2,16.2,4.19,7.84,0.11,0,2237.0,Townhouse,Good,Semi-Furnished,1,1,456330.32
472.0,1,1,4,6.7,3.42,6.41,2.6,0,150.0,Apartment,Good,Furnished,0,0,285420.0
1977.4,3,3,1,5.4,7.63,5.82,3.31,2,1113.8,Apartment,Good,Semi-Furnished,1,0,578118.95
942.9,2,2,8,,3.78,9.63,5.6,2,518.5,Apartment,Average,Semi-Furnished,0,0,293715.97
802.4,2,2,4,25.0,11.37,7.47,5.96,1,159.9,Apartment,Average,Semi-Furnished,1,0,211379.95
2417.3,3,3,1,6.8,5.43,4.29,4.6,0,6215.4,Independent House,Average,Unfurnished,0,1,617070.84
1897.9,4,4,2,12.2,16.03,4.15,1.81,2,869.0,Apartment,Poor,Semi-Furnished,0,0,393237.86
1185.5,2,2,3,18.9,12.71,7.79,3.39,0,1704.7,Townhouse,Good,Semi-Furnished,1,1,534842.26
2711.3,6,5,2,18.2,13.59,5.42,3.74,3,5104.6,Independent House,Average,Furnished,1,1,893684.36
4380.5,7,5,1,18.2,10.65,6.51,3.15,3,5340.5,Independent House,Good,Semi-Furnished,1,1,1310325.72
3253.4,6,3,1,6.2,10.31,3.53,4.3,2,3937.3,Independent House,Poor,Semi-Furnished,0,1,901402.23
3047.6,5,4,2,19.1,5.06,6.03,1.57,3,6535.4,Independent House,Average,Semi-Furnished,0,1,895836.84
2108.6,4,4,2,11.9,5.61,8.02,3.14,2,3474.1,Independent House,Good,Semi-Furnished,1,0,819444.13
1123.0,2,2,9,15.3,5.8,5.92,1.34,1,608.8,Apartment,Average,Semi-Furnished,1,0,406257.37
1611.7,2,2,3,14.8,15.2,5.0,3.14,2,3610.1,Townhouse,Average,Furnished,1,0,472511.5
2223.8,3,2,1,13.3,11.28,6.35,4.91,1,3850.8,Independent House,Average,Unfurnished,0,0,582631.07
797.9,2,1,14,26.7,5.76,6.75,4.38,0,213.8,Apartment,Average,Semi-Furnished,0,0,182188.61
979.4,3,2,10,24.5,8.85,6.19,2.47,1,751.8,Apartment,Good,Furnished,1,0,425082.69
742.8,1,2,4,60.0,20.65,4.41,0.18,2,154.4,Apartment,Average,Semi-Furnished,0,0,196432.3
1821.3,2,3,3,33.9,0.3,7.27,3.86,0,3149.6,Townhouse,Average,Unfurnished,1,1,534755.86
1401.0,1,2,8,4.0,8.03,5.87,1.82,0,431.1,Apartment,Good,Semi-Furnished,0,0,448014.25
1028.6,2,1,11,14.2,9.06,6.95,7.0,0,456.6,Apartment,Average,Unfurnished,1,0,228440.31
2608.3,5,3,2,32.2,5.44,5.28,6.35,3,,Independent House,Good,Unfurnished,1,1,733513.81
1436.4,3,2,3,13.1,2.35,8.51,0.61,0,1605.0,Villa,Average,Furnished,0,1,770985.67
1012.7,3,2,9,11.2,5.11,7.73,4.25,1,365.9,Apartment,Premium,Furnished,1,0,708298.27
3091.6,5,3,2,6.0,4.35,6.18,3.92,4,3899.0,Villa,Average,Unfurnished,1,1,1139025.62
1998.6,3,2,11,5.5,9.25,7.14,3.63,0,652.6,Apartment,Average,Furnished,0,0,508477.57
1594.7,4,4,1,23.3,4.63,9.07,1.0,1,3123.4,Villa,Premium,Semi-Furnished,0,1,1005503.22
2455.5,3,2,3,15.5,8.86,8.4,1.46,1,5057.4,Villa,Good,Furnished,1,1,1012402.48
975.5,1,2,8,2.1,24.11,8.89,0.96,1,467.6,Apartment,Good,Furnished,0,0,401727.11
1701.0,4,4,1,27.9,3.56,7.58,2.07,2,2661.1,Independent House,Premium,Furnished,1,0,915035.19
2366.2,3,3,3,30.2,17.04,5.91,0.73,2,6006.6,Villa,Poor,Furnished,1,1,788003.28
2818.6,5,4,2,12.4,7.5,7.55,1.51,3,5091.0,Villa,Good,Furnished,1,1,1142726.18
2545.3,5,3,1,14.4,0.89,9.16,3.07,1,4545.0,Villa,Good,Semi-Furnished,1,1,1035996.37
1850.6,3,2,3,34.5,16.18,7.58,4.57,1,4039.9,Townhouse,Average,Unfurnished,1,1,427675.69
860.2,2,2,14,12.0,15.93,5.5,0.62,0,284.8,Apartment,Average,Semi-Furnished,0,0,247214.93
2175.3,5,4,2,3.3,3.5,6.8,3.17,3,3660.1,Independent House,Poor,Semi-Furnished,1,0,740834.52
2329.3,4,4,3,23.4,11.44,7.8,1.23,3,3993.7,Independent House,Premium,Unfurnished,1,0,1046570.32
2468.1,5,3,1,29.6,7.28,6.95,0.76,2,3862.6,Independent House,Average,Furnished,1,1,878129.11
1000.1,1,1,8,16.0,9.9,7.81,5.43,0,399.2,Apartment,Average,Unfurnished,0,0,236357.03
2423.8,4,3,2,6.8,4.98,5.8,1.59,1,6290.9,Townhouse,Good,Furnished,1,1,932977.28
778.1,3,2,10,32.1,3.84,6.39,1.83,2,234.7,Apartment,Good,Semi-Furnished,0,0,273828.91
1542.1,4,2,1,10.8,3.13,7.19,3.56,2,3977.2,Independent House,Average,Furnished,1,0,578543.78
1205.2,1,1,13,7.8,19.25,7.26,1.64,0,280.3,Apartment,Good,Furnished,1,0,400794.06
1087.5,2,2,1,15.8,3.57,5.78,0.55,0,2742.6,Independent House,Average,Semi-Furnished,0,1,462919.22
1635.6,3,3,1,12.2,11.32,3.15,3.27,1,3236.0,Independent House,Good,Semi-Furnished,1,1,605209.14
1810.9,3,2,1,22.1,3.66,2.52,2.69,0,3593.5,Townhouse,Poor,Unfurnished,1,1,486890.47
766.4,2,2,2,49.7,34.27,6.63,1.06,1,1696.2,Townhouse,Poor,Furnished,1,0,207965.61
1146.3,3,3,7,7.4,3.56,6.97,3.59,1,581.3,Apartment,Good,Furnished,0,0,436619.88
1068.8,2,1,3,24.4,3.47,6.4,2.12,0,2474.6,Villa,Average,Unfurnished,1,1,535199.81
4356.0,7,5,3,11.9,21.27,6.75,2.33,3,9017.2,Independent House,Average,Unfurnished,1,0,1186605.76
1479.3,3,3,8,22.0,6.81,9.02,1.06,2,810.1,Apartment,Poor,Semi-Furnished,0,0,319636.02
1426.4,2,2,2,16.2,2.79,5.98,4.29,0,520.7,Apartment,Good,Unfurnished,0,0,449311.75
1491.5,1,1,4,10.4,7.91,7.23,5.03,2,500.6,Apartment,Premium,Furnished,0,0,607093.42
2126.9,4,3,2,24.9,4.11,9.14,1.87,2,5338.9,Townhouse,Good,Unfurnished,1,0,757897.71
3359.2,6,5,2,11.2,38.24,5.2,3.73,3,8411.0,Villa,Premium,Furnished,1,1,1323586.07
958.3,2,2,1,7.9,1.54,9.27,3.77,1,1188.4,Independent House,Premium,Furnished,1,1,856531.34
2345.7,3,2,5,23.8,13.22,8.11,5.29,0,1108.2,Apartment,Average,Furnished,0,0,505551.25
3118.5,6,4,2,7.9,21.78,6.25,2.2,3,3978.9,Independent House,Average,Semi-Furnished,1,1,959951.18
1315.8,2,2,1,23.2,14.43,3.02,5.2,2,401.5,Apartment,Premium,Unfurnished,0,0,498937.06
1758.1,2,3,3,15.1,4.8,,1.27,1,2063.8,Independent House,Premium,Furnished,0,1,958247.59
450.0,1,1,1,15.7,17.59,9.27,4.04,0,150.0,Apartment,Premium,Semi-Furnished,1,0,365511.07
1096.0,2,2,2,7.2,9.4,5.69,3.18,1,2553.8,Independent House,Good,Furnished,1,1,552862.04
2769.9,5,3,2,16.2,12.8,9.36,1.88,1,3721.5,Villa,Average,Semi-Furnished,0,1,874794.84
2240.2,3,3,2,10.6,14.8,4.25,1.62,2,1176.5,Apartment,Premium,Unfurnished,0,0,863341.65
2509.8,4,3,3,35.5,3.38,7.12,1.05,2,4918.2,Independent House,Premium,Furnished,0,1,1163770.47
2157.8,4,3,3,5.4,12.25,6.44,1.56,1,4175.4,Villa,Good,Furnished,1,1,1036022.19
3038.0,5,4,6,28.5,14.12,4.76,1.46,2,474.2,Apartment,Good,Unfurnished,0,0,714606.23
2063.7,3,2,1,29.9,8.02,6.34,2.09,2,901.7,Apartment,Good,Semi-Furnished,1,0,599962.85
1566.3,3,2,3,19.6,4.75,6.66,1.09,2,3524.8,Independent House,Premium,Unfurnished,1,0,806084.74
3383.2,6,5,4,34.3,7.58,4.97,1.35,3,2159.6,Apartment,Poor,Semi-Furnished,0,0,772896.93
853.8,2,2,9,12.4,26.29,7.68,3.01,0,351.0,Apartment,Good,Semi-Furnished,1,1,337970.6
889.2,1,2,3,13.5,11.31,5.71,1.8,0,1344.2,Townhouse,Poor,Semi-Furnished,1,0,235961.88
1548.4,2,1,1,20.4,8.61,6.18,1.0,2,2188.6,Independent House,Average,Unfurnished,1,0,451696.78
983.8,2,1,7,12.7,3.5,8.8,0.68,0,345.5,Apartment,Average,Unfurnished,1,0,300264.73
1160.7,3,2,9,2.5,17.36,5.75,6.22,0,462.1,Apartment,Average,Semi-Furnished,0,0,210239.32
2583.9,5,4,3,5.5,12.15,3.42,2.81,2,4788.2,Independent House,Average,Unfurnished,1,1,720244.03
1626.6,3,3,1,6.0,5.99,6.34,0.86,1,3830.7,Townhouse,Premium,Semi-Furnished,0,0,816371.85
1841.6,3,2,2,24.0,5.15,6.86,1.61,0,4609.4,Independent House,Good,Semi-Furnished,1,1,746098.45
1691.3,2,2,1,14.4,3.01,6.35,1.83,1,3248.4,Townhouse,Premium,Semi-Furnished,1,0,805933.13
843.4,1,1,1,22.8,12.53,7.95,1.31,0,1720.6,Villa,Average,Semi-Furnished,1,1,476661.15
977.9,2,1,2,25.1,1.43,7.28,4.87,1,1456.2,Independent House,Poor,Unfurnished,1,1,446951.16
1150.8,3,2,2,12.5,12.87,5.83,6.12,2,183.6,Apartment,Good,Unfurnished,0,0,311583.58
1297.0,2,1,1,17.6,1.55,7.71,2.45,2,2462.3,Independent House,Good,Furnished,0,1,686439.32
1496.9,2,1,3,5.3,7.12,7.37,4.6,1,2905.8,Townhouse,Average,Furnished,0,0,390028.2
2440.1,5,5,11,9.3,17.74,7.33,6.88,3,1394.1,Apartment,Good,Furnished,0,0,580480.42
1311.3,3,3,10,12.1,1.13,6.47,1.75,0,769.3,Apartment,Good,Furnished,1,0,590670.92
1060.6,1,2,2,14.7,20.6,7.11,1.44,0,2007.0,Independent House,Good,Semi-Furnished,1,0,504996.51
969.7,3,3,14,4.6,5.05,6.86,4.06,1,219.1,Apartment,Premium,Furnished,1,0,664657.05
2775.3,4,3,12,12.2,7.51,6.26,2.76,2,990.7,Apartment,Good,Semi-Furnished,0,0,764711.49
2575.3,4,3,4,8.0,5.06,,1.54,2,960.0,Apartment,Good,Furnished,1,0,725963.52
2119.2,3,2,3,46.8,5.57,7.51,,1,4874.1,Townhouse,Average,Furnished,0,1,607202.06
701.9,1,2,6,15.3,3.87,7.51,1.18,1,150.0,Apartment,Poor,Furnished,1,0,272292.56
1876.9,4,4,3,22.7,16.61,7.59,2.76,0,4713.5,Townhouse,Average,Semi-Furnished,1,1,522821.3
1589.6,3,3,10,22.8,13.72,3.44,3.07,0,890.8,Apartment,Good,Semi-Furnished,0,0,403449.65
1367.6,3,2,7,16.1,3.53,8.01,1.89,1,881.8,Apartment,Good,Unfurnished,1,0,504286.01
1454.6,2,2,3,19.0,11.43,5.3,1.35,1,2561.5,Independent House,Average,Semi-Furnished,1,0,445860.23
1161.9,2,1,13,17.8,9.7,8.32,3.22,1,183.8,Apartment,Good,Furnished,1,0,471394.88
1412.6,2,2,1,17.8,6.23,4.73,3.08,1,3039.9,Independent House,Average,Semi-Furnished,1,0,448347.57
836.4,1,2,9,32.3,11.95,8.99,2.51,1,259.1,Apartment,Average,Unfurnished,0,0,96324.92
2401.4,4,2,15,15.0,7.32,3.53,3.04,1,794.1,Apartment,Premium,Semi-Furnished,0,1,863399.04
1959.9,3,4,11,7.7,15.18,7.17,1.46,2,942.9,Apartment,Average,Semi-Furnished,1,0,573546.37
1463.9,2,2,3,23.3,4.01,6.17,1.6,0,2458.6,Townhouse,Average,Semi-Furnished,1,0,513439.73
1568.7,2,1,11,6.5,14.12,7.37,3.41,1,764.5,Apartment,Average,Semi-Furnished,0,0,435687.67
2176.6,3,2,3,13.4,1.41,9.2,3.13,1,5644.2,Independent House,Average,Semi-Furnished,0,1,672388.61
3619.5,6,4,8,10.3,9.12,7.04,0.67,3,1584.7,Apartment,Good,Semi-Furnished,1,0,1014027.3
2380.4,5,3,2,12.5,8.26,8.06,1.93,1,5818.1,Townhouse,Premium,Semi-Furnished,1,1,1119909.23
2342.9,5,4,2,20.0,4.18,8.93,3.05,2,2985.9,Townhouse,Good,Semi-Furnished,1,0,832733.6
1374.8,1,1,5,18.9,12.2,5.8,1.54,1,733.2,Apartment,Good,Semi-Furnished,0,0,381489.9
1374.8,3,2,1,12.6,12.99,7.22,2.25,1,3223.8,Townhouse,Average,Semi-Furnished,0,1,540264.59
2418.3,5,3,7,9.5,4.98,8.68,1.21,2,646.1,Apartment,Good,Unfurnished,0,0,734802.06
2170.0,3,2,3,25.8,6.23,7.21,3.47,1,4242.7,Townhouse,Average,Semi-Furnished,1,1,677315.16
955.0,2,1,9,20.7,10.66,5.85,3.33,1,422.5,Apartment,Poor,Semi-Furnished,0,0,89875.07
2236.1,5,3,1,4.5,1.82,7.45,0.62,2,2964.9,Independent House,Good,Semi-Furnished,1,1,884141.35
3166.4,4,4,1,5.0,5.2,6.87,2.39,2,5554.0,Villa,Average,Furnished,1,1,1113443.55
561.1,1,1,2,10.3,5.52,7.44,2.56,0,150.0,Apartment,Average,Unfurnished,1,0,185103.2
1254.5,3,3,1,3.2,6.6,5.93,2.46,1,1732.7,Independent House,Poor,Furnished,1,1,488367.92
2152.1,3,2,1,5.7,14.54,7.05,3.95,1,4688.6,Independent House,Good,Unfurnished,1,0,785772.52
602.9,1,1,4,16.4,13.9,6.5,1.43,1,275.9,Apartment,Average,Semi-Furnished,0,0,139109.96
880.1,1,2,2,18.8,3.87,5.98,1.97,1,1270.7,Independent House,Average,Furnished,1,1,439031.28
1649.6,3,3,1,13.1,8.82,8.6,2.89,2,2987.4,Independent House,Good,Semi-Furnished,1,0,729301.66
2738.3,5,5,3,13.1,10.28,5.96,1.77,2,3730.8,Villa,Average,Furnished,0,1,946398.7
2792.0,5,4,1,10.5,11.72,5.6,2.17,1,5168.3,Villa,Premium,Furnished,1,0,1302020.98
2629.9,4,3,12,8.8,2.85,4.98,3.55,2,974.3,Apartment,Average,Unfurnished,0,0,600434.85
1708.0,2,2,2,22.4,0.82,6.61,0.58,0,2246.5,Townhouse,Good,Furnished,1,1,656250.74
1410.9,3,2,1,23.5,28.79,6.48,2.75,0,2882.4,Townhouse,Premium,Furnished,1,1,689250.77
781.3,1,1,5,12.8,4.5,7.75,0.9,0,368.7,Apartment,Average,Semi-Furnished,1,0,283357.16
1151.2,2,1,11,5.8,7.79,4.91,2.44,1,306.0,Apartment,Good,Unfurnished,0,1,352494.81
2998.3,5,4,3,8.8,10.49,4.26,3.82,1,5745.8,Villa,Average,Unfurnished,1,0,973000.06
1856.1,3,2,6,13.7,7.57,4.01,1.76,2,579.5,Apartment,Good,Furnished,1,0,552575.68
1844.0,4,3,1,12.8,8.0,7.36,3.57,2,4577.1,Townhouse,Premium,Furnished,0,1,934033.2
2325.4,4,3,2,21.0,10.14,8.2,0.56,3,3521.3,Independent House,Good,Furnished,1,1,926461.29
2312.7,4,3,11,8.5,4.22,8.08,1.2,3,1329.3,Apartment,Premium,Semi-Furnished,0,0,945012.81
1703.0,3,2,3,19.4,4.29,5.97,1.6,2,4265.5,Townhouse,Good,Unfurnished,1,1,636062.08
3955.7,5,5,3,14.0,4.51,6.89,0.91,2,5815.3,Villa,Good,Semi-Furnished,1,0,1477108.66
1216.0,2,2,3,45.7,11.16,3.44,2.78,0,1626.9,Townhouse,Average,Semi-Furnished,1,1,341505.57
1312.0,3,2,2,13.5,13.12,9.05,3.36,1,369.7,Apartment,Good,Unfurnished,0,0,372917.97
1105.6,1,2,9,9.1,3.83,8.38,6.57,1,633.7,Apartment,Premium,Unfurnished,1,0,589782.95
3107.5,4,4,3,31.4,4.19,8.01,2.44,1,3640.7,Villa,Good,Unfurnished,1,1,1085032.58
883.6,1,1,4,12.8,12.15,5.4,4.27,0,379.5,Apartment,Average,Unfurnished,1,0,206139.17
1441.4,3,2,1,18.8,14.58,6.17,1.42,2,3647.6,Townhouse,Average,Semi-Furnished,1,0,481972.38
619.6,2,3,14,3.6,15.87,6.42,1.17,1,290.9,Apartment,Good,Semi-Furnished,1,0,360491.95
2117.9,4,3,2,27.2,4.66,9.17,4.36,1,4458.9,Townhouse,Premium,Semi-Furnished,0,0,922271.71
3760.4,4,2,2,8.8,11.36,8.15,2.6,1,9088.5,Villa,Average,Semi-Furnished,1,1,1178783.53
2418.8,4,3,3,6.3,24.04,6.43,5.44,1,4495.6,Townhouse,Average,Furnished,0,1,633630.5
3133.6,5,3,2,24.1,5.57,7.55,5.81,2,7784.9,Villa,Average,Semi-Furnished,1,1,1030143.12
1924.9,4,3,11,8.2,13.75,5.38,0.81,1,1116.1,Apartment,Average,Semi-Furnished,0,0,460070.95
2213.7,4,2,3,7.3,9.13,4.69,3.73,3,3340.2,Townhouse,Premium,Semi-Furnished,1,0,983548.97
2392.0,3,2,2,5.6,32.0,6.6,3.82,1,,Independent House,Average,Semi-Furnished,0,0,647457.61
2194.4,4,2,2,10.3,0.9,5.05,1.45,1,2884.1,Townhouse,Average,Semi-Furnished,1,1,684814.88
1027.3,1,1,3,8.2,10.09,4.25,3.79,0,324.5,Apartment,Average,Semi-Furnished,0,0,214808.04
1699.0,3,3,2,22.3,20.2,6.75,0.76,1,2191.2,Independent House,Average,Semi-Furnished,0,0,615443.45
1393.5,2,1,2,8.6,3.59,6.32,4.13,0,389.2,Apartment,Premium,Semi-Furnished,0,0,580030.36
1433.0,2,2,1,9.8,14.03,5.24,1.51,1,2677.3,Townhouse,Average,Semi-Furnished,0,1,492611.61
1153.8,2,2,3,9.3,5.76,6.12,1.23,0,2720.7,Villa,Poor,Unfurnished,0,1,558226.31
805.4,2,1,12,19.9,1.54,7.25,1.34,1,540.7,Apartment,Average,Semi-Furnished,1,0,310936.64
1490.2,3,2,4,23.5,5.61,6.37,3.31,1,689.9,Apartment,Premium,Semi-Furnished,0,0,616440.8
1979.3,3,2,13,13.9,3.85,6.9,1.61,2,778.2,Apartment,Premium,Semi-Furnished,0,0,747031.57
1358.3,2,1,11,13.4,17.05,,1.95,1,668.9,Apartment,Average,Semi-Furnished,1,0,344801.33
4264.0,6,4,5,15.1,32.34,9.21,5.01,2,1839.1,Apartment,Good,Unfurnished,1,1,1060924.36
1255.8,3,3,1,15.9,5.99,8.63,2.41,0,2707.7,Independent House,Poor,Unfurnished,1,1,448685.53
1631.0,2,1,12,21.0,5.65,6.87,0.32,0,443.3,Apartment,Good,Semi-Furnished,0,0,460122.13
3178.5,6,5,2,20.2,1.12,5.51,4.08,3,7947.7,Independent House,Average,Semi-Furnished,1,0,1013901.44
2116.8,4,3,7,0.6,16.0,5.89,0.58,3,359.8,Apartment,Good,Unfurnished,0,0,601747.88
1781.5,4,2,5,6.9,22.48,4.83,1.66,2,951.3,Apartment,Premium,Unfurnished,1,0,655169.63
2120.9,4,3,6,2.6,12.31,5.54,1.56,1,919.1,Apartment,Average,Unfurnished,0,0,606806.97
1891.5,3,3,3,16.6,5.45,7.67,5.11,1,3493.5,Independent House,Average,Semi-Furnished,1,1,702406.77
3317.4,4,2,2,5.4,10.44,5.84,3.39,0,6761.3,Townhouse,Poor,Unfurnished,1,0,760879.36
2319.3,4,4,4,18.5,15.61,6.45,6.23,2,734.9,Apartment,Average,Semi-Furnished,1,0,593823.85
1292.0,2,1,3,15.8,7.55,8.41,2.1,1,2741.9,Independent House,Poor,Semi-Furnished,1,0,364871.55
1888.6,3,1,2,13.4,13.14,7.5,3.69,1,3787.9,Townhouse,Average,Furnished,1,0,508164.32
706.4,2,2,1,11.7,6.24,6.8,4.5,2,606.3,Apartment,Premium,Semi-Furnished,0,0,466315.55
4220.8,7,5,2,23.1,2.51,6.53,3.71,4,9508.1,Villa,Poor,Unfurnished,1,1,1365791.16
1486.6,2,2,10,19.4,15.08,6.41,0.97,1,531.9,Apartment,Good,Semi-Furnished,1,0,433393.99
2384.1,5,4,8,6.5,9.47,8.05,1.02,2,1016.3,Apartment,Poor,Furnished,1,0,654195.14
1575.9,2,3,2,16.2,10.51,7.13,0.7,0,2197.7,Townhouse,Average,Unfurnished,1,1,468112.1
620.5,1,1,8,14.7,16.61,6.33,2.68,1,150.0,Apartment,Average,Furnished,0,0,186484.88
4096.0,6,5,10,27.6,3.98,4.85,6.59,3,1661.3,Apartment,Premium,Semi-Furnished,0,0,1277430.89
1952.6,3,3,1,30.0,5.67,7.4,4.04,1,4854.9,Independent House,Average,Unfurnished,1,1,596306.25
888.9,1,1,6,14.1,22.21,7.2,4.81,1,459.5,Apartment,Average,Unfurnished,1,0,191082.08
2990.2,5,4,3,43.7,10.15,4.41,0.9,2,6859.2,Independent House,Good,Furnished,1,0,922772.76
5238.0,7,5,2,8.2,15.59,6.48,4.61,3,9193.3,Villa,Good,Furnished,1,0,1665433.67
1697.4,2,2,1,4.4,8.69,7.19,2.42,1,2757.5,Independent House,Good,Furnished,0,1,693750.67
1772.6,3,3,2,32.0,12.92,6.32,2.57,1,1933.9,Independent House,Poor,Unfurnished,1,1,415670.55
2042.3,3,2,2,7.4,13.3,9.33,3.24,1,5133.2,Independent House,Average,Semi-Furnished,1,0,623740.64
1396.9,2,1,1,4.5,4.99,8.91,2.52,1,2025.0,Villa,Good,Unfurnished,1,1,833914.31
1012.3,3,3,2,7.8,33.95,4.87,0.98,1,384.3,Apartment,Good,Semi-Furnished,1,1,372211.86
2859.7,5,4,4,9.8,10.42,6.34,2.51,2,976.1,Apartment,Good,Semi-Furnished,1,0,796017.13
1560.9,4,2,2,2.8,1.92,8.1,1.58,1,2456.3,Townhouse,Average,Furnished,0,1,592218.63
1160.7,2,2,2,11.3,2.4,6.58,0.93,2,1282.1,Townhouse,Average,Semi-Furnished,1,0,423956.44
1119.0,3,3,7,9.1,5.92,7.77,5.62,2,336.5,Apartment,Premium,Semi-Furnished,0,0,490434.29
2899.9,4,4,3,14.5,1.44,5.76,3.2,3,6207.1,Independent House,Good,Unfurnished,1,1,1033241.58
590.0,1,1,12,1.6,20.11,4.42,3.44,0,404.1,Apartment,Average,Semi-Furnished,0,0,218233.39
2478.9,3,3,3,11.9,5.09,7.71,6.25,0,4670.0,Villa,Premium,,1,0,1116502.34
3805.5,5,4,11,48.6,3.08,6.22,0.8,1,1368.3,Apartment,Good,Furnished,0,0,965497.64
3175.2,5,4,1,25.0,10.92,10.0,4.89,2,1779.1,Apartment,Average,Unfurnished,1,0,748231.9
1721.3,2,1,3,4.9,13.05,8.06,2.03,0,437.1,Apartment,Average,Semi-Furnished,0,0,386678.43
2351.9,4,1,12,8.3,6.28,5.16,3.54,0,1019.9,Apartment,Good,Unfurnished,1,1,609339.56
2342.4,4,3,9,10.0,13.19,7.68,1.87,2,568.4,Apartment,Average,Semi-Furnished,0,0,583540.57
1283.3,2,2,5,31.3,15.43,6.6,6.91,1,404.8,Apartment,Good,Unfurnished,1,0,255922.15
1995.2,2,2,3,11.4,6.14,7.46,2.95,1,,Apartment,Good,Semi-Furnished,0,0,605494.49
2867.8,5,4,5,10.2,2.75,5.65,4.46,3,1377.9,Apartment,Average,Semi-Furnished,0,0,674542.51
795.8,3,3,12,5.5,5.55,7.15,7.62,1,357.0,Apartment,Premium,Semi-Furnished,1,0,434156.81
1723.8,4,3,9,10.2,7.16,8.24,3.92,1,427.8,Apartment,Average,Furnished,0,0,431913.64
1574.8,4,3,2,11.1,8.8,7.89,0.75,2,763.0,Apartment,Average,Unfurnished,0,0,419647.0
1412.9,2,1,8,15.4,15.7,8.29,4.62,1,895.8,Apartment,Good,Semi-Furnished,1,0,461676.85
1361.3,2,1,4,7.5,7.37,10.0,5.26,0,573.4,Apartment,Good,Furnished,1,0,544001.06
1491.3,3,2,2,5.5,4.4,6.02,2.69,0,753.9,Apartment,Average,Unfurnished,1,0,421644.61
1544.8,2,2,2,5.4,5.41,9.32,0.56,1,665.7,Apartment,Good,Furnished,0,0,592195.61
2956.3,4,3,3,25.4,9.9,,1.21,2,7041.6,Independent House,Premium,Furnished,1,0,1259818.97
2721.0,5,3,2,27.9,10.6,6.14,0.89,3,5170.5,Villa,Good,Furnished,1,1,1058285.69
2067.2,3,2,2,25.7,25.06,6.69,4.54,1,2592.7,Villa,Good,Semi-Furnished,1,1,806404.95
1159.5,1,1,3,10.3,7.09,8.01,3.17,2,1964.2,Townhouse,Average,Semi-Furnished,0,1,463612.76
1353.0,2,2,2,24.8,4.42,6.17,1.01,2,3244.2,Townhouse,Average,Semi-Furnished,1,1,455252.76
1509.9,2,2,8,22.7,0.99,3.86,0.64,0,894.5,Apartment,Good,Semi-Furnished,0,1,450733.01
1373.8,2,2,1,18.1,1.6,7.92,2.47,0,2795.2,Independent House,Poor,Furnished,0,0,436440.49
2749.4,4,2,2,10.9,12.08,7.03,1.54,0,4123.8,Independent House,Good,Unfurnished,1,1,827372.01
2213.8,5,4,1,18.1,5.19,5.95,5.4,2,5546.1,Independent House,Average,Furnished,0,0,769917.6
2987.3,4,3,2,5.0,18.73,4.87,3.87,2,3717.2,Independent House,Average,Semi-Furnished,1,1,815638.05
1261.7,2,2,3,23.3,1.31,7.29,7.61,2,2176.9,Townhouse,Average,Unfurnished,1,1,324485.71
1303.5,2,3,2,2.2,5.81,8.57,6.1,0,2117.7,Independent House,Average,Semi-Furnished,0,1,415450.65
2978.0,6,4,3,11.0,15.2,5.4,1.73,2,4989.8,Independent House,Average,Furnished,0,1,979807.04
1428.9,2,2,2,12.5,20.4,7.11,1.95,1,863.6,Apartment,Good,Semi-Furnished,0,0,472266.82
2045.9,3,2,1,10.6,12.81,9.91,6.62,0,4207.8,Villa,Good,Furnished,1,0,837032.08
1814.4,4,3,4,23.6,16.35,8.08,2.4,2,1108.2,Apartment,Average,Semi-Furnished,0,0,465989.72
2940.8,6,3,2,5.1,4.24,6.71,0.88,3,5517.2,Villa,Average,Furnished,1,1,1073554.54
1090.6,3,2,2,6.7,6.68,6.56,3.09,2,1525.9,Independent House,Good,Semi-Furnished,1,1,589769.19
2420.3,3,3,6,14.6,21.26,6.02,5.91,2,978.9,Apartment,Poor,Furnished,0,1,440366.42
1555.4,3,3,1,3.9,3.93,6.82,1.18,0,3574.9,Independent House,Average,Unfurnished,1,1,568613.05
2763.0,5,3,10,10.0,8.57,6.11,3.67,3,1123.1,Apartment,Average,Semi-Furnished,0,0,688527.07
1055.5,2,1,3,,13.72,6.33,3.54,1,1951.5,Independent House,Good,Furnished,1,1,516757.74
2111.5,3,2,3,23.2,19.44,6.55,0.45,3,4220.4,Independent House,Premium,Unfurnished,1,0,899605.18
1709.4,4,3,2,36.7,7.8,4.39,3.21,2,3876.1,Independent House,Good,Semi-Furnished,0,1,667483.53
806.1,2,1,1,13.6,6.44,6.51,0.66,1,1396.2,Independent House,Premium,Furnished,1,1,721557.42
1783.8,4,2,11,24.3,11.39,10.0,2.86,3,837.9,Apartment,Premium,Semi-Furnished,0,0,707508.28
603.1,1,1,8,25.1,26.19,4.74,2.42,1,150.0,Apartment,Average,Furnished,1,0,90990.56
1197.0,4,3,10,4.1,11.3,8.99,5.85,2,491.4,Apartment,Average,Semi-Furnished,0,0,387814.82
2151.4,3,2,13,8.7,11.68,8.29,1.15,2,641.6,Apartment,Average,Furnished,0,0,563940.54
1320.7,1,1,3,10.6,7.78,7.71,2.88,0,3086.3,Townhouse,Average,Semi-Furnished,0,0,398497.18
925.7,1,2,5,49.2,4.17,6.01,4.57,0,250.2,Apartment,Good,Semi-Furnished,0,0,237575.8
1893.6,3,2,5,28.2,6.56,8.12,0.73,2,751.7,Apartment,Average,Furnished,1,1,588285.12
1485.8,3,1,1,6.0,7.67,9.46,3.58,1,2452.6,Townhouse,Average,Semi-Furnished,1,1,558803.29
1558.9,2,2,1,35.3,6.49,8.38,2.02,1,3787.1,Independent House,Average,Unfurnished,0,0,480282.01
2311.3,4,3,5,9.9,8.36,7.19,5.28,2,1350.6,Apartment,Good,Semi-Furnished,0,0,737237.77
1131.8,1,1,2,19.9,12.01,6.86,1.41,0,1393.8,Independent House,Good,Semi-Furnished,0,1,503380.62
1360.3,3,3,3,11.1,5.25,5.91,1.53,2,1939.2,Townhouse,Premium,Semi-Furnished,1,1,820138.74
1946.9,3,3,11,2.4,15.82,6.99,0.33,1,984.8,Apartment,Average,Semi-Furnished,0,0,533726.71
983.5,2,2,3,35.6,11.4,7.63,1.08,1,1984.4,Townhouse,Average,Furnished,1,1,328624.97
2851.9,6,4,5,,8.99,6.9,5.57,3,1392.9,Apartment,Premium,Furnished,0,1,1015338.37
1235.2,3,3,14,11.9,7.28,6.73,0.49,0,,Apartment,Good,Unfurnished,0,0,431188.11
2382.3,3,2,1,18.0,3.95,6.75,3.99,0,4104.3,Townhouse,Good,Semi-Furnished,1,1,662927.66
1951.8,3,2,12,8.7,12.13,9.51,0.09,1,581.2,Apartment,Average,Semi-Furnished,1,0,544269.58
1269.2,4,3,7,7.9,34.21,7.1,3.49,1,553.9,Apartment,Poor,Unfurnished,0,0,115310.91
1349.3,4,2,3,25.8,19.91,7.16,4.39,3,2415.8,Townhouse,Premium,Semi-Furnished,0,0,770483.6
1328.8,3,2,7,23.6,13.3,3.37,0.2,1,279.0,Apartment,Good,Semi-Furnished,1,0,444922.17
2492.9,3,2,2,42.3,21.62,8.25,1.75,0,6041.6,Independent House,Good,Furnished,0,1,759161.96
894.1,3,2,8,24.1,5.61,7.7,0.31,1,158.4,Apartment,Average,,0,0,380092.46
1343.8,2,2,2,17.6,4.7,7.63,1.37,2,1791.1,Villa,Average,Unfurnished,0,0,645850.41
3446.9,6,5,1,24.6,8.37,7.73,2.67,2,7919.5,Independent House,Average,Semi-Furnished,1,0,1060591.53
1636.0,2,2,1,19.1,8.78,5.47,1.67,0,3818.5,Villa,Good,Furnished,0,1,811107.6
2144.3,4,3,2,20.2,18.57,6.43,3.42,2,5425.7,Independent House,Average,Semi-Furnished,1,0,640752.15
1242.8,2,2,2,22.7,15.52,9.4,1.1,2,733.8,Apartment,Poor,Unfurnished,1,0,251404.32
1544.1,2,3,1,25.6,1.24,4.82,4.16,0,3758.6,Townhouse,Average,Furnished,1,1,544937.83
2467.2,4,3,7,,15.79,4.91,3.06,1,1312.1,Apartment,Premium,Unfurnished,1,0,932662.28
1783.1,2,1,1,2.0,7.37,4.72,0.25,0,2846.8,Independent House,Average,Unfurnished,1,1,624931.63
1420.4,4,3,3,13.7,10.9,6.58,7.26,2,2235.3,Townhouse,Average,Semi-Furnished,1,1,539175.99
1208.1,1,1,4,6.7,8.02,9.16,4.06,1,642.7,Apartment,Good,Semi-Furnished,0,0,422409.02
1803.0,2,2,2,29.6,5.17,7.25,2.16,2,2818.7,Villa,Good,Furnished,1,0,797717.86
1021.1,2,2,12,33.8,10.82,8.43,3.6,1,267.5,Apartment,Good,Unfurnished,1,0,403321.64
1337.8,3,2,3,7.1,4.87,3.95,3.46,1,1699.7,Townhouse,Good,Furnished,1,1,666312.7
3716.0,6,3,3,11.0,7.49,,2.37,3,5674.0,Independent House,Poor,Semi-Furnished,1,1,970688.42
1824.2,2,1,6,12.7,4.22,5.86,2.09,1,1042.7,Apartment,Premium,Furnished,0,0,741766.54
1427.3,2,2,2,7.6,3.11,9.17,3.43,0,2528.4,Townhouse,Premium,Furnished,1,1,885879.77
2791.0,4,2,1,19.1,33.05,7.06,1.77,2,6865.7,Independent House,Average,Furnished,1,1,795975.5
694.7,1,1,8,5.2,5.86,6.78,4.27,0,349.8,Apartment,Good,Unfurnished,0,0,265582.89
2940.4,5,4,3,16.6,7.49,7.13,2.73,3,3971.0,Townhouse,Average,Unfurnished,1,1,891042.95
2331.0,4,3,7,23.4,19.69,6.51,1.14,3,1493.8,Apartment,Average,Furnished,1,0,586760.25
4727.3,7,4,1,20.6,9.46,9.73,1.21,3,9338.4,Independent House,Average,Semi-Furnished,1,0,1378745.19
2069.2,4,3,11,19.6,4.06,9.68,4.16,2,1091.5,Apartment,Poor,Semi-Furnished,1,0,500750.06
2676.5,4,3,2,8.3,4.1,8.47,3.77,2,6643.3,Villa,Premium,Furnished,1,1,1388220.4
3178.4,5,5,3,,3.82,8.31,2.67,3,3753.9,Independent House,Average,Furnished,0,1,850677.08
1040.3,2,2,1,27.8,26.03,6.11,4.75,1,660.4,Apartment,Good,Semi-Furnished,1,0,381708.93
1146.0,2,2,15,10.8,1.06,7.53,1.54,0,150.0,Apartment,Average,Furnished,0,0,380288.15
1606.1,3,2,3,22.0,3.4,3.95,3.54,2,3791.9,Townhouse,Average,Unfurnished,1,0,498792.91
3283.9,5,3,1,9.6,6.0,6.23,3.0,3,6645.6,Independent House,Average,Semi-Furnished,1,0,1022416.34
1151.8,2,1,1,22.3,5.98,4.6,3.92,1,1941.1,Townhouse,Average,Furnished,1,1,356557.73
903.3,1,2,1,5.4,5.48,7.58,1.75,2,189.8,Apartment,Good,Unfurnished,0,1,323220.54
1494.3,2,2,8,26.6,12.29,6.7,0.9,2,543.8,Apartment,Premium,Unfurnished,0,0,651699.46
3010.9,6,3,3,10.0,10.19,7.96,5.49,3,7169.8,Villa,Average,Furnished,0,1,1115356.68
1228.1,1,1,1,7.0,4.66,7.8,2.45,0,3148.2,Townhouse,Premium,Semi-Furnished,1,1,712020.53
2449.0,5,3,1,6.2,5.7,8.48,4.66,2,6204.0,Independent House,Good,Unfurnished,1,1,971485.82
2931.5,4,4,1,17.2,39.55,5.74,2.27,3,6552.3,Townhouse,Good,Unfurnished,0,0,751618.81
3688.0,5,3,2,3.1,10.49,4.24,2.67,1,8581.0,Villa,Average,Unfurnished,1,1,1163449.63
1569.4,2,2,12,20.6,0.32,9.67,2.5,1,744.8,Apartment,Poor,Unfurnished,0,0,326119.61
1302.5,2,2,12,12.4,4.08,6.06,0.99,1,536.5,Apartment,Good,Furnished,0,1,462933.14
4617.4,7,5,2,23.5,5.51,6.79,2.47,3,6344.0,Villa,Good,Semi-Furnished,1,0,1504066.12
2242.0,5,3,3,2.6,32.5,8.41,4.61,1,3409.2,Villa,Average,Semi-Furnished,1,1,825639.0
2008.3,4,4,13,15.0,5.82,6.43,2.17,2,792.6,Apartment,Good,Unfurnished,1,0,662769.87
3079.6,6,4,1,12.2,6.17,5.19,1.75,2,1731.9,Apartment,Average,Semi-Furnished,1,0,781308.79
2343.4,3,1,2,7.6,1.65,9.92,4.28,2,3075.2,Townhouse,Good,Unfurnished,0,1,747721.91
890.1,1,1,4,6.6,8.7,6.06,0.56,1,661.1,Apartment,Average,Furnished,0,0,250975.16
804.1,2,1,8,21.6,14.56,9.53,2.91,2,561.4,Apartment,Premium,Furnished,0,0,514183.17
1630.8,4,4,3,5.5,8.24,7.39,3.84,3,3212.6,Independent House,Average,Semi-Furnished,1,1,623281.73
1822.7,2,3,11,14.3,5.78,8.32,2.65,1,728.5,Apartment,Average,Furnished,0,1,482252.85
2227.6,5,4,3,4.3,7.2,8.29,3.66,3,4578.3,Independent House,Good,Unfurnished,1,1,842292.12
3418.8,4,3,7,3.5,14.1,6.26,5.83,1,2018.4,Apartment,Average,Unfurnished,0,0,737856.22
1624.3,3,2,2,13.7,6.69,7.73,1.07,2,1237.3,Apartment,Premium,Furnished,1,0,797254.71
1610.6,3,2,2,16.4,6.8,9.73,4.03,0,3626.9,Independent House,Good,Semi-Furnished,0,0,637144.48
840.6,1,1,2,7.7,11.39,8.78,0.86,2,485.0,Apartment,Average,Furnished,0,0,353905.41
3034.0,5,4,1,19.5,4.97,8.54,2.54,2,5969.2,Independent House,Average,Unfurnished,1,0,950242.2
1349.6,2,3,11,27.8,3.79,7.86,0.67,1,292.2,Apartment,Premium,Furnished,0,0,637185.52
1183.3,2,3,3,22.1,1.74,6.72,1.24,1,,Villa,Good,Unfurnished,0,0,735410.31
1865.4,3,2,1,13.7,7.54,5.63,5.83,1,3504.5,Independent House,Premium,Unfurnished,1,1,770192.67
1216.4,3,1,3,,4.85,9.18,1.81,2,1632.4,Independent House,Poor,Semi-Furnished,1,1,477398.88
1131.5,3,2,3,15.4,15.81,6.05,5.5,0,386.9,Apartment,Premium,Furnished,0,0,546173.71
1356.5,2,2,11,6.9,6.8,6.16,3.11,1,563.1,Apartment,Average,Semi-Furnished,1,0,356186.79
925.1,1,1,9,20.7,14.5,6.9,0.96,1,517.6,Apartment,Good,Semi-Furnished,1,0,328118.59
1344.4,1,1,2,24.9,12.64,4.75,5.28,0,2252.3,Townhouse,Average,Unfurnished,1,0,313400.69
989.8,3,2,7,,1.52,6.33,2.79,1,604.3,Apartment,Poor,Unfurnished,0,0,209123.45
1001.1,3,2,7,11.4,2.9,5.78,5.77,1,359.4,Apartment,Premium,Unfurnished,1,1,588500.73
886.0,2,1,14,6.9,27.5,4.79,3.09,1,242.9,Apartment,Premium,Furnished,1,0,394891.21
1104.7,2,3,14,15.7,5.04,5.05,5.08,2,150.0,Apartment,Average,Unfurnished,0,0,236562.93
929.2,2,3,8,12.4,10.76,,4.12,1,556.2,Apartment,Premium,Unfurnished,0,0,521122.22
1731.0,4,2,3,6.7,7.46,8.34,2.05,2,543.9,Apartment,Average,Semi-Furnished,0,0,470215.56
1472.1,2,1,9,13.7,1.58,6.73,1.08,1,940.3,Apartment,Average,Semi-Furnished,0,0,342510.82
3052.3,5,4,2,16.8,4.08,5.27,1.16,4,7439.3,Independent House,Poor,Semi-Furnished,0,1,893023.32
2988.4,4,3,10,,3.4,5.9,3.97,2,1659.3,Apartment,Average,Unfurnished,1,1,724059.6
1798.2,3,3,9,38.3,13.69,7.35,,1,915.3,Apartment,Poor,Semi-Furnished,0,0,286072.05
1992.9,4,3,3,11.9,4.06,8.52,2.18,2,4560.0,Townhouse,Average,Semi-Furnished,1,1,681548.99
2522.0,5,3,2,14.6,11.61,8.25,1.0,3,4828.5,Independent House,Average,Unfurnished,1,1,843143.52
1645.9,3,3,9,14.2,2.5,7.21,3.58,1,453.8,Apartment,Good,Semi-Furnished,0,0,503996.15
1685.2,1,1,1,48.5,0.56,9.06,2.5,1,3157.0,Townhouse,Good,Unfurnished,0,1,525679.94
2200.2,3,3,1,10.0,8.85,6.09,4.9,0,5563.6,Villa,Good,Furnished,1,1,990272.62
1074.3,2,2,3,12.3,11.13,5.15,6.11,1,2759.3,Townhouse,Average,Furnished,1,1,357089.36
3168.4,5,4,1,13.0,5.99,6.44,5.25,2,6954.0,Villa,Good,Unfurnished,1,0,1131801.0
1823.9,3,1,2,5.4,8.54,8.69,3.48,2,3797.4,Independent House,Average,Semi-Furnished,0,0,548775.54
2487.1,4,3,6,19.1,2.06,7.87,0.84,3,947.4,Apartment,Good,Semi-Furnished,0,0,768740.95
2423.3,4,2,2,16.0,6.36,8.44,1.3,3,3169.1,Townhouse,Good,Furnished,1,0,845946.79
1420.8,2,2,2,9.6,15.82,6.73,2.72,1,2720.3,Independent House,Average,Semi-Furnished,1,0,550341.05
3760.3,6,5,2,19.7,28.13,7.07,2.16,4,4395.8,Villa,Poor,Semi-Furnished,0,1,1145735.61
562.9,1,1,3,17.8,7.72,6.56,2.7,1,827.4,Townhouse,Good,Unfurnished,1,0,328412.04
3043.5,6,4,5,6.6,10.39,5.62,5.0,3,1364.2,Apartment,Premium,Unfurnished,0,0,964083.11
940.5,1,1,2,19.3,16.17,6.92,3.55,0,1049.7,Townhouse,Good,Semi-Furnished,1,0,355930.77
1665.7,1,1,8,3.2,9.07,6.55,1.11,1,875.4,Apartment,Premium,Semi-Furnished,1,0,694040.56
2211.4,5,3,1,14.7,10.89,6.17,2.79,3,3068.2,Independent House,Premium,Furnished,0,1,1113011.45
2645.2,4,3,1,7.8,22.37,7.75,5.33,2,5895.4,Townhouse,Average,Furnished,1,0,759331.0
1609.7,3,2,3,33.4,10.51,7.06,2.3,1,3773.0,Independent House,Good,Semi-Furnished,1,1,677523.7
750.5,1,1,3,26.7,6.15,8.83,0.58,1,1928.0,Independent House,Average,Semi-Furnished,1,0,447572.14
1610.7,3,2,1,33.6,22.09,5.62,0.48,1,2468.4,Independent House,Average,Furnished,1,1,558220.29
1685.5,3,2,2,8.4,9.78,6.28,1.81,2,1951.6,Independent House,Average,Furnished,1,0,615621.81
781.5,2,2,3,6.8,2.75,4.3,4.81,1,1200.4,Independent House,Premium,Furnished,1,1,726909.78
1883.6,3,2,1,13.3,6.74,5.43,0.92,2,3499.9,Independent House,Good,Furnished,1,1,700819.31
1176.1,2,2,2,9.1,30.39,7.78,1.25,2,2616.5,Independent House,Average,,1,1,422480.66
1777.0,3,2,11,7.7,17.03,8.05,1.46,2,738.8,Apartment,Average,Semi-Furnished,0,0,453724.31
1488.0,2,2,3,28.1,5.14,7.88,0.86,1,3269.9,Townhouse,Average,Semi-Furnished,1,1,560103.21
3083.2,4,2,5,27.8,18.57,8.75,4.6,1,1299.4,Apartment,Good,Unfurnished,1,0,722745.7
1659.5,2,2,3,23.1,6.68,7.66,2.52,1,2381.6,Independent House,Premium,Semi-Furnished,1,0,836249.06
2214.1,6,4,2,3.5,4.18,6.97,3.09,3,5304.2,Independent House,Average,Semi-Furnished,0,1,727154.84
1508.8,1,1,1,18.0,16.06,7.85,1.88,2,3242.1,Townhouse,Average,Semi-Furnished,1,0,501512.09
684.2,1,2,7,11.7,2.87,5.78,4.13,1,479.6,Apartment,Good,Unfurnished,0,0,353192.06
1241.5,2,1,4,21.8,4.26,4.5,0.79,1,308.0,Apartment,Average,Semi-Furnished,0,1,266779.72
2535.9,5,2,3,21.2,8.95,6.31,4.72,2,4289.3,Independent House,Average,Semi-Furnished,1,1,670245.95
1742.2,2,1,14,16.6,10.14,6.49,2.76,0,753.2,Apartment,Poor,Semi-Furnished,0,0,336176.27
1196.2,2,1,6,28.2,14.36,7.05,3.22,0,410.5,Apartment,Average,Unfurnished,0,0,251747.39
1002.3,2,1,1,16.3,3.48,5.73,3.7,0,1624.1,Independent House,Average,Semi-Furnished,1,0,246821.35
2422.4,4,4,2,3.0,9.07,6.01,1.51,2,3268.9,Independent House,Premium,Unfurnished,1,0,1083219.39
1613.7,2,2,11,11.1,0.82,8.03,5.91,2,639.9,Apartment,Average,Unfurnished,0,0,366977.69
1928.1,3,3,11,8.5,1.06,,2.97,2,949.6,Apartment,Average,Semi-Furnished,0,0,466394.85
1985.3,3,2,2,6.7,4.44,6.75,4.42,1,3917.0,Villa,Good,Furnished,0,0,804044.25
910.9,1,1,3,7.1,14.35,5.99,2.44,0,2151.4,Independent House,Premium,Semi-Furnished,1,0,650055.09
2312.4,4,3,2,10.1,11.92,4.44,6.23,2,3584.5,Independent House,Average,Semi-Furnished,1,0,628361.07
1347.8,3,3,14,9.0,6.66,6.3,5.31,1,516.8,Apartment,Poor,Furnished,0,0,291054.64
2427.4,4,3,14,18.8,1.44,5.59,5.57,1,1062.8,Apartment,Good,Semi-Furnished,0,0,719897.18
1369.4,3,2,9,8.1,10.05,6.29,2.98,0,565.9,Apartment,Average,Furnished,0,0,447728.01
1813.0,4,3,2,19.3,45.0,7.01,3.01,1,4006.7,Independent House,Good,Unfurnished,1,0,615467.31
1612.2,4,4,10,24.4,8.04,3.74,3.53,1,995.4,Apartment,Average,Semi-Furnished,0,0,340956.36
1053.0,2,2,10,19.1,2.88,8.39,1.93,2,353.7,Apartment,Poor,Unfurnished,0,0,204582.85
1409.4,3,2,1,15.0,7.57,10.0,1.82,2,2007.7,Independent House,Average,Semi-Furnished,0,1,561195.45
2137.8,3,3,2,20.3,1.75,5.53,2.48,0,5435.8,Villa,Good,Furnished,1,1,1004706.66
1255.5,1,1,3,6.9,5.1,6.04,2.97,1,3178.6,Independent House,Average,Semi-Furnished,0,0,401491.18
1498.6,4,3,3,3.4,13.55,5.71,1.8,3,3112.7,Townhouse,Average,Semi-Furnished,1,1,530260.3
3726.2,6,4,2,20.9,21.02,5.33,4.93,2,5178.1,Townhouse,Average,Unfurnished,1,1,929432.92
2556.6,4,2,3,16.2,6.29,9.79,2.42,0,5818.6,Townhouse,Good,Furnished,0,1,865828.45
1539.9,2,2,2,35.0,2.39,6.44,1.64,2,994.4,Apartment,Poor,Semi-Furnished,0,0,259097.48
3166.0,4,2,2,24.7,14.18,7.9,4.23,2,5998.1,Townhouse,Good,Unfurnished,1,0,884891.27
1166.9,1,1,1,11.1,9.67,8.6,4.73,1,2260.7,Townhouse,Good,Furnished,1,1,485853.51
4696.2,7,4,1,12.1,7.45,8.41,0.73,3,10152.8,Townhouse,Average,Semi-Furnished,1,1,1377792.8
1523.0,2,2,2,15.3,8.63,8.52,3.72,2,2435.3,Independent House,Premium,Semi-Furnished,1,0,753849.17
5168.0,7,5,1,12.5,6.52,4.99,1.24,3,10462.4,Villa,Premium,Unfurnished,0,1,2027888.57
3133.3,4,2,4,15.1,8.03,8.22,2.65,1,1489.5,Apartment,Average,Unfurnished,0,1,645728.67
647.9,2,2,13,9.3,9.21,6.34,1.12,0,204.7,Apartment,Poor,Furnished,0,0,109823.5
2505.5,5,3,5,22.4,9.94,9.28,5.18,2,978.7,Apartment,Average,Semi-Furnished,1,0,565281.91
1200.9,2,2,13,,8.5,5.62,1.74,1,458.0,Apartment,Average,Furnished,0,0,261070.36
1065.9,2,2,13,13.2,3.82,5.16,5.19,1,224.5,Apartment,Average,Unfurnished,1,0,242640.04
1686.5,3,2,11,6.2,27.07,6.82,4.27,2,865.3,Apartment,Premium,Semi-Furnished,0,0,625150.73
1210.2,2,2,1,13.0,7.73,7.75,0.96,1,2328.2,Independent House,Premium,Semi-Furnished,1,1,820102.08
2037.3,3,2,2,16.9,1.33,4.22,4.63,3,4261.8,Townhouse,Average,Semi-Furnished,0,1,568388.27
1500.4,3,3,3,12.5,6.79,6.22,0.86,3,3024.9,Villa,Average,Semi-Furnished,0,1,735501.75
1457.5,2,1,12,10.7,7.12,5.22,4.16,1,793.1,Apartment,Poor,Semi-Furnished,0,0,244238.99
2370.7,4,3,6,2.5,4.23,8.15,3.53,3,1222.8,Apartment,Average,Semi-Furnished,1,0,742491.3
1591.5,4,3,10,49.6,3.11,5.99,1.01,3,585.4,Apartment,Poor,Furnished,0,0,278855.28
1163.2,2,2,10,7.6,9.19,8.44,1.02,1,590.9,Apartment,Premium,Unfurnished,0,0,534177.5
1698.5,3,2,9,17.4,9.1,5.77,3.96,2,755.2,Apartment,Good,Semi-Furnished,0,0,478738.19
1233.9,2,3,2,6.7,2.76,7.25,0.9,1,1725.4,Villa,Average,Semi-Furnished,0,0,589837.05
951.2,2,1,11,16.5,9.28,4.81,2.8,2,344.2,Apartment,Good,Unfurnished,0,0,289539.8
1129.3,1,1,15,,11.07,6.65,1.56,0,318.0,Apartment,Good,Unfurnished,0,0,380012.26
2296.2,5,4,2,11.4,2.48,5.22,3.91,1,3521.5,Townhouse,Good,Furnished,1,1,842816.66
1956.6,4,2,1,12.5,6.58,9.02,0.48,2,5055.8,Townhouse,Average,Unfurnished,1,0,667841.43
2065.9,3,2,2,8.8,26.84,8.37,0.95,1,4625.2,Townhouse,Average,Unfurnished,1,0,542585.42
1337.5,2,1,6,49.6,12.89,7.12,1.63,0,182.5,Apartment,Good,Semi-Furnished,0,0,296499.63
1327.2,2,1,1,23.3,12.92,8.29,3.98,1,3172.9,Independent House,Poor,Unfurnished,1,0,391580.72
2527.8,4,3,3,15.0,13.06,6.08,2.67,1,722.7,Apartment,Good,Unfurnished,0,0,565825.34
1230.8,2,2,1,9.5,18.07,7.69,4.1,1,2206.1,Townhouse,Average,,1,1,409174.27
2203.6,4,3,3,21.9,4.36,6.69,7.23,2,5380.3,Independent House,Good,Unfurnished,1,1,751219.17
1763.0,2,2,2,22.1,1.59,7.56,2.34,1,2058.5,Independent House,Good,Semi-Furnished,1,0,639022.1
1713.9,2,1,13,6.8,6.44,6.99,2.19,0,541.8,Apartment,Poor,Furnished,0,0,355214.46
1279.5,3,2,3,4.2,5.29,6.73,6.41,1,2739.7,Townhouse,Average,Unfurnished,1,1,424955.58
2105.3,3,3,4,9.4,5.77,4.18,4.93,2,865.3,Apartment,Good,Semi-Furnished,0,0,588321.45
2413.8,2,2,2,9.1,13.65,,0.8,2,1271.8,Apartment,Average,Semi-Furnished,0,0,556544.65
2051.7,3,3,15,4.6,4.47,9.44,3.97,3,661.8,Apartment,Good,Unfurnished,0,0,579441.83
1974.5,5,3,1,7.6,27.72,,3.58,2,3638.5,Independent House,Good,Semi-Furnished,0,0,732958.95
1127.0,3,3,1,6.2,1.13,5.77,4.05,2,269.5,Apartment,Average,Semi-Furnished,0,0,402592.47
5824.0,7,5,2,28.5,19.29,6.88,0.38,3,11737.0,Independent House,Good,Unfurnished,0,1,1735439.1
892.1,2,2,13,16.9,1.94,4.6,3.96,1,548.3,Apartment,Average,Semi-Furnished,0,0,276833.08
2675.7,5,4,1,18.2,13.25,6.13,3.51,2,5247.1,Independent House,Good,Unfurnished,0,1,869583.83
2125.2,2,1,2,22.8,12.71,7.08,2.53,2,3772.9,Independent House,Average,Furnished,1,1,627632.3
1317.9,2,1,7,6.6,6.62,7.53,0.91,0,689.2,Apartment,Poor,Furnished,0,0,344793.08
1462.4,3,3,14,18.5,14.29,7.32,1.29,1,592.2,Apartment,Poor,Furnished,0,0,330861.7
1092.0,3,3,7,10.6,4.04,9.01,0.85,1,417.1,Apartment,Premium,Unfurnished,0,0,631921.54
2211.0,3,2,3,28.5,3.42,5.84,4.31,0,3550.8,Independent House,Premium,Semi-Furnished,0,1,922447.94
1545.6,4,3,7,26.0,13.45,4.64,0.98,2,891.0,Apartment,Good,Semi-Furnished,0,1,533571.75
5080.4,7,4,3,31.9,5.34,6.29,3.63,1,10447.3,Townhouse,Average,Unfurnished,1,1,1349948.11
2587.1,2,2,1,7.2,25.58,5.99,2.99,0,3651.1,Townhouse,Average,Furnished,0,1,661664.51
2295.1,4,3,2,12.6,13.44,7.08,1.98,2,4979.1,Independent House,Good,Furnished,1,0,887320.38
2101.2,4,3,1,9.0,10.55,6.39,2.75,0,3732.2,Townhouse,Good,Unfurnished,1,0,766442.42
3572.9,6,4,3,8.5,5.72,7.02,0.72,3,4543.4,Townhouse,Poor,Furnished,1,1,996052.6
1481.9,3,1,1,9.3,2.81,6.96,0.51,0,3105.9,Villa,Premium,Unfurnished,1,0,1032214.4
1253.0,2,2,12,20.9,16.94,8.1,1.93,1,771.4,Apartment,Average,Semi-Furnished,1,0,373220.26
829.5,1,1,1,8.7,16.81,6.79,2.94,1,1421.3,Independent House,Average,Unfurnished,1,1,374014.6
1710.9,3,3,2,7.6,4.45,7.11,3.79,2,730.6,Apartment,Premium,Unfurnished,1,0,772797.69
2356.1,4,3,2,8.6,2.41,9.39,2.11,3,4114.1,Townhouse,Average,Furnished,1,1,885534.48
1216.5,2,2,2,4.9,8.69,4.44,2.43,0,2992.4,Independent House,Average,Semi-Furnished,1,0,458560.11
3376.5,4,3,3,8.8,8.27,7.07,0.44,1,8533.9,Independent House,Good,Unfurnished,1,1,1041440.35
1366.4,1,1,3,26.5,15.03,6.64,2.95,0,1560.1,Independent House,Premium,Furnished,0,0,623918.82
1171.7,2,2,8,42.3,6.59,6.88,1.67,2,331.5,Apartment,Poor,Furnished,0,0,186834.08
1422.7,1,1,6,10.7,23.47,7.65,6.56,1,666.9,Apartment,Good,Furnished,0,0,407217.49
2642.9,3,3,2,27.5,11.83,5.6,2.33,1,1390.4,Apartment,Average,Furnished,1,0,605331.84
1150.7,2,1,3,35.6,26.12,5.98,6.07,1,2284.1,Townhouse,Poor,Furnished,0,1,285787.55
1864.7,3,2,3,25.7,2.3,7.87,1.87,2,2331.7,Townhouse,Average,Semi-Furnished,1,1,629626.15
1873.4,3,3,2,3.2,9.37,6.58,3.35,1,690.8,Apartment,Average,Unfurnished,0,0,446861.67
1717.9,1,1,4,10.6,22.11,5.42,0.88,1,996.0,Apartment,Average,Furnished,1,0,403496.74
1744.7,4,4,10,30.9,2.58,7.95,1.44,2,1060.5,Apartment,Average,Unfurnished,1,0,459236.27
1862.9,2,2,12,21.6,15.98,7.73,2.68,2,524.5,Apartment,Good,Unfurnished,0,0,463227.38
1071.8,1,1,14,24.5,1.53,7.03,5.06,0,163.8,Apartment,Good,Semi-Furnished,0,0,328203.12
3754.6,5,4,1,14.0,2.8,7.4,1.64,2,9614.0,Independent House,Good,Unfurnished,1,1,1187642.52
1763.7,4,3,2,17.1,2.45,7.62,2.34,3,3353.3,Independent House,Good,Semi-Furnished,1,1,708587.56
1221.3,2,1,6,11.5,3.02,6.67,2.8,0,872.7,Apartment,Average,Furnished,0,0,337947.44
3254.7,5,4,1,27.2,14.43,7.25,3.56,3,7415.0,Independent House,Average,Semi-Furnished,1,1,968308.42
1418.0,2,1,3,11.6,6.5,5.07,2.79,1,2746.6,Independent House,Average,Semi-Furnished,1,1,507361.79
1547.8,3,3,1,15.5,7.79,6.5,1.38,2,201.2,Apartment,Good,Semi-Furnished,0,0,479480.83
998.7,1,2,6,9.4,4.04,8.2,5.1,1,454.3,Apartment,Poor,Semi-Furnished,0,0,267050.5
3897.8,6,5,8,7.7,8.36,9.98,0.15,2,967.3,Apartment,Average,Unfurnished,1,0,1031482.39
3567.8,5,4,5,28.6,21.48,6.98,7.41,2,1004.3,Apartment,Average,Unfurnished,1,0,705973.04
1764.4,3,2,2,26.9,2.63,5.49,2.69,0,3456.8,Independent House,Average,Semi-Furnished,1,1,556802.35
2771.0,5,4,2,8.6,45.0,6.28,6.34,1,5415.7,Villa,Premium,Semi-Furnished,1,0,1105575.32
1356.0,2,1,14,17.4,7.05,4.69,3.0,1,680.6,Apartment,Good,Semi-Furnished,1,1,476106.76
1596.3,1,3,3,26.8,3.77,7.77,5.45,1,2442.4,Independent House,Average,Unfurnished,1,1,479339.9
1422.7,2,2,6,46.8,2.43,6.86,6.84,1,636.5,Apartment,Good,Unfurnished,1,0,406455.83
1622.1,2,2,3,18.4,10.91,5.41,2.47,0,4050.9,Townhouse,Good,Semi-Furnished,0,0,572649.91
975.7,2,2,2,26.0,9.81,6.52,4.05,0,1602.7,Independent House,Average,Semi-Furnished,1,0,354587.36
1511.0,2,1,8,25.7,2.94,7.82,4.38,0,703.3,Apartment,Average,Semi-Furnished,0,0,298609.11
1329.2,2,1,1,23.6,18.83,6.87,1.95,1,683.9,Apartment,Good,Furnished,0,0,416259.29
1881.2,2,1,2,3.8,12.28,5.8,4.28,0,2914.2,Townhouse,Poor,Semi-Furnished,1,0,421390.05
2156.1,4,3,3,17.0,18.16,8.28,3.13,1,4470.7,Villa,Average,Unfurnished,1,1,779182.21
1163.0,2,2,12,11.7,20.13,7.29,6.63,0,608.8,Apartment,Average,Semi-Furnished,0,0,206687.41
1953.8,5,4,8,7.5,2.38,5.69,3.64,4,1027.5,Apartment,Good,Unfurnished,0,0,622071.35
1692.6,3,2,10,,20.0,6.83,1.8,3,905.8,Apartment,Premium,Unfurnished,0,0,649978.59
2965.7,5,4,1,9.4,13.67,3.73,2.76,1,6817.3,Townhouse,Good,Semi-Furnished,1,1,941037.1
2031.1,3,3,2,30.5,12.1,7.17,6.42,1,3598.5,Townhouse,Average,Unfurnished,0,1,547539.65
1700.8,3,1,2,6.6,6.81,10.0,1.21,1,3739.0,Independent House,Average,Unfurnished,1,1,613848.23
2394.4,5,4,1,23.8,19.2,8.38,2.64,2,4216.7,Independent House,Good,Furnished,0,1,816561.03
804.3,2,1,1,34.6,21.3,,0.33,1,1402.8,Independent House,Good,Semi-Furnished,1,0,481729.45
4471.2,6,5,2,9.4,11.42,7.15,1.94,3,5552.4,Independent House,Premium,Furnished,0,0,1632134.62
1518.3,3,3,8,32.9,12.13,7.58,0.33,2,966.6,Apartment,Good,Furnished,1,0,560991.09
4129.9,7,5,3,27.4,32.64,7.67,1.1,3,10626.1,Townhouse,Average,Unfurnished,1,1,1118472.73
939.1,2,2,14,11.5,0.34,6.62,4.73,1,570.4,Apartment,Good,Semi-Furnished,0,0,354651.49
846.1,3,2,2,15.9,22.96,3.63,2.57,0,205.4,Apartment,Premium,Semi-Furnished,1,0,487989.23
2597.4,5,4,2,8.3,8.7,6.28,1.83,2,4463.0,Villa,Good,Semi-Furnished,1,1,1123900.02
2151.9,4,2,1,13.5,24.35,5.92,1.38,0,3376.3,Independent House,Good,Unfurnished,1,1,665270.19
2567.5,4,2,1,60.0,3.91,6.64,2.2,1,5296.5,Villa,Average,Unfurnished,1,1,720478.04
1462.8,2,2,10,,11.19,5.7,2.61,2,377.1,Apartment,Good,Unfurnished,0,0,439072.07
1267.4,3,2,3,10.1,11.02,7.67,4.88,2,1741.9,Townhouse,Average,Furnished,1,0,506485.77
884.2,3,2,1,3.9,13.0,9.73,5.19,0,1626.8,Townhouse,Poor,Unfurnished,1,0,271856.05
1523.9,1,1,6,,7.1,8.2,4.62,2,789.3,Apartment,Good,Semi-Furnished,1,0,447903.25
789.5,2,2,12,7.3,5.53,6.69,2.01,1,316.7,Apartment,Premium,Furnished,0,0,558910.96
925.4,1,1,3,5.7,12.97,8.98,3.39,1,2023.2,Townhouse,Good,Semi-Furnished,0,1,499299.54
1153.1,1,2,11,18.1,14.16,8.15,2.45,0,664.7,Apartment,Average,Semi-Furnished,0,0,302978.63
2669.1,5,4,2,8.1,7.99,7.84,1.31,4,4320.0,Villa,Poor,Unfurnished,0,1,873437.93
3118.0,6,4,2,24.3,12.5,5.95,2.76,3,1474.3,Apartment,Average,Furnished,1,0,710633.2
2041.4,3,2,10,3.6,27.29,6.57,3.29,1,491.5,Apartment,Good,Semi-Furnished,0,0,450835.28
3373.9,5,4,1,20.7,9.2,7.63,0.93,0,4154.6,Independent House,Good,Semi-Furnished,0,1,1064182.45
1780.4,4,3,15,38.1,0.95,9.91,4.52,1,1015.8,Apartment,Premium,Furnished,0,0,818075.03
2598.6,4,4,3,19.2,11.55,8.87,3.02,2,5128.5,Villa,Average,Unfurnished,0,0,783946.63
5293.8,7,4,1,25.2,2.81,7.64,2.8,3,6339.6,Independent House,Good,Semi-Furnished,0,1,1528096.63
776.3,1,1,11,8.9,10.67,7.02,4.46,2,175.9,Apartment,Good,Unfurnished,0,1,346551.69
1553.6,3,2,1,25.9,16.81,7.89,4.29,0,2541.4,Independent House,Average,Unfurnished,1,0,414631.89
1605.3,3,3,2,19.1,7.7,7.56,4.12,2,2193.3,Independent House,Premium,Semi-Furnished,0,0,839748.53
2689.6,5,4,2,16.2,15.44,9.01,3.27,3,3146.8,Independent House,Good,Semi-Furnished,0,1,879968.51
1225.1,3,2,2,30.7,15.77,5.2,7.11,0,2695.4,Independent House,Poor,Unfurnished,1,1,243073.89
2546.6,4,4,3,21.6,20.26,6.83,3.38,2,3674.4,Independent House,Poor,Semi-Furnished,1,1,701147.45
2104.8,4,3,3,7.7,30.22,7.88,4.37,2,5186.8,Townhouse,Premium,Furnished,1,1,893435.41
1903.9,2,2,4,11.3,24.45,8.85,3.82,0,819.2,Apartment,Good,Furnished,0,1,544021.31
2580.8,3,3,1,35.1,0.62,9.62,5.17,0,4170.4,Independent House,Good,Unfurnished,1,1,828676.54
4250.2,6,3,3,7.0,5.35,4.67,0.32,3,10796.0,Villa,Good,Furnished,1,1,1618859.83
1616.2,3,3,1,7.0,3.79,5.75,1.94,1,2842.7,Townhouse,Average,Unfurnished,1,1,523350.68
2308.9,5,3,2,24.2,13.77,6.69,0.2,2,2669.0,Independent House,Good,Semi-Furnished,1,1,800844.5
1211.0,3,3,1,11.0,7.77,4.99,4.09,2,1694.9,Townhouse,Premium,Semi-Furnished,0,0,695186.02
1232.3,2,2,2,38.7,4.33,9.2,2.81,1,2142.3,Independent House,Average,Semi-Furnished,1,1,495001.87
4674.4,7,5,1,21.9,5.47,6.97,0.2,3,11811.5,Villa,Good,Unfurnished,1,0,1574189.37
962.0,2,1,6,11.7,6.11,8.49,3.91,2,477.4,Apartment,Average,Semi-Furnished,1,0,272709.39
1771.2,3,3,1,19.1,15.38,6.53,1.59,1,398.5,Apartment,Average,Unfurnished,1,0,370232.31
2062.3,3,2,2,9.0,1.76,7.38,0.87,1,3787.9,Townhouse,Average,Unfurnished,0,0,591819.79
2702.7,4,3,1,42.5,4.35,4.81,7.39,3,5274.3,Townhouse,Good,Semi-Furnished,1,0,763391.39
822.3,1,1,2,16.6,0.41,5.25,0.64,0,1499.1,Townhouse,Poor,Unfurnished,1,0,203218.33
1967.2,3,2,1,12.4,15.22,5.28,4.11,1,861.5,Apartment,Average,Semi-Furnished,1,0,405005.98
1320.4,2,3,11,10.0,18.97,4.31,2.08,0,279.9,Apartment,Good,Semi-Furnished,0,0,450538.45
1282.5,2,3,3,7.5,12.36,8.28,0.13,1,2569.5,Townhouse,Poor,Semi-Furnished,1,0,414794.76
1485.0,2,1,3,8.3,13.8,6.77,2.4,2,3173.0,Townhouse,Good,Semi-Furnished,1,0,592797.04
2856.4,4,3,3,9.4,10.18,8.32,4.74,1,3883.5,Independent House,Premium,Furnished,1,0,1176525.49
2512.4,5,3,3,4.8,12.23,6.62,3.28,2,5868.0,Independent House,Poor,Furnished,0,1,755578.81
1751.3,3,4,3,11.6,1.19,8.42,1.47,1,3994.7,Independent House,Average,Unfurnished,1,0,694310.23
1145.3,3,2,1,13.2,11.89,8.17,0.98,2,1379.3,Independent House,Premium,Semi-Furnished,1,1,772630.61
1179.8,2,2,3,19.4,4.01,6.61,1.59,0,2117.9,Independent House,Average,Semi-Furnished,0,1,477589.59
2263.8,3,3,1,8.5,13.89,7.08,0.23,1,3691.8,Townhouse,Poor,Unfurnished,0,0,498180.96
1080.5,1,1,3,8.1,7.24,7.3,4.06,0,1363.9,Independent House,Premium,Unfurnished,1,1,634189.58
1287.5,2,1,3,14.0,22.54,8.41,2.4,0,250.8,Apartment,Premium,Unfurnished,1,0,503472.74
4171.9,7,4,1,12.5,10.54,6.74,2.03,3,2305.5,Apartment,Good,Semi-Furnished,0,0,1052579.73
2001.3,3,4,3,18.4,3.68,7.31,6.88,2,2764.2,Townhouse,Good,Semi-Furnished,0,1,732557.08
2524.0,3,3,3,3.7,2.58,4.65,2.97,2,3557.4,Independent House,Premium,Semi-Furnished,1,0,1042009.93
1183.5,2,2,3,19.2,4.08,5.51,5.93,1,2423.4,Independent House,Good,Semi-Furnished,1,0,502761.92
808.0,1,1,12,13.9,8.44,5.72,4.2,0,361.3,Apartment,Good,Semi-Furnished,0,0,312304.49
2304.9,4,3,3,2.3,21.45,7.54,5.84,2,5777.2,Townhouse,Good,Unfurnished,1,1,815775.88
1201.7,1,2,13,11.8,5.93,5.77,2.77,2,343.1,Apartment,Good,Semi-Furnished,1,0,418719.93
3025.3,5,3,2,23.3,11.54,6.95,2.32,2,4502.2,Independent House,Average,Semi-Furnished,0,0,823325.98
1962.5,3,2,3,15.1,2.38,6.55,0.38,2,3621.4,Independent House,Average,Unfurnished,1,0,590359.88
5200.0,7,4,3,12.7,13.61,6.79,1.77,3,11770.8,Townhouse,Average,Unfurnished,1,0,1351042.39
1353.1,2,2,3,8.8,7.54,8.05,0.3,1,1868.7,Townhouse,Average,Unfurnished,1,1,536883.02
1593.2,2,2,13,3.7,11.42,7.02,0.97,0,1072.1,Apartment,Average,Furnished,0,0,437574.31
1182.0,2,2,2,,23.9,6.42,2.41,0,1409.4,Townhouse,Average,Unfurnished,1,1,373129.35
2973.0,6,5,1,26.8,9.32,7.37,0.5,4,5251.7,Independent House,Good,Unfurnished,0,0,993239.31
2319.0,5,3,1,,2.71,9.13,2.57,2,5797.1,Independent House,Average,Unfurnished,1,0,686945.54
1149.2,1,2,3,6.8,9.89,6.86,1.5,2,2741.5,Townhouse,Poor,Unfurnished,0,1,311525.12
1235.0,2,1,12,15.4,9.61,4.93,4.37,1,641.4,Apartment,Average,Semi-Furnished,0,0,280138.44
2510.5,3,3,1,16.0,15.45,4.79,1.01,2,1310.7,Apartment,Average,Furnished,0,0,600694.65
2387.0,4,2,1,10.6,9.22,6.29,3.23,2,1385.3,Apartment,Good,Semi-Furnished,0,0,691123.83
779.0,2,1,2,27.1,23.18,5.05,3.9,0,344.9,Apartment,Average,Furnished,1,0,124091.57
1160.2,3,4,14,16.4,15.97,3.23,3.07,1,398.5,Apartment,Average,Unfurnished,1,0,231451.6
4992.1,7,5,2,5.4,9.39,6.28,5.26,2,12107.7,Villa,Good,Semi-Furnished,1,0,1674368.65
1604.1,2,2,3,12.9,8.52,7.25,3.33,0,2222.6,Townhouse,Poor,Furnished,0,0,469938.65
1524.0,3,2,14,24.3,3.29,8.71,4.95,0,738.7,Apartment,Average,Semi-Furnished,0,0,423041.59
2172.0,2,1,6,5.9,6.45,6.67,2.83,0,308.1,Apartment,Good,Furnished,0,0,558105.95
806.4,2,2,2,13.9,1.82,7.15,1.7,1,235.9,Apartment,Good,Unfurnished,0,0,347187.23
1298.8,3,2,2,14.7,7.69,7.45,3.39,3,2726.8,Independent House,Good,Semi-Furnished,0,0,638229.28
1231.7,1,2,7,16.4,1.39,6.82,2.42,1,596.4,Apartment,Good,Semi-Furnished,0,0,452987.84
3196.5,5,4,3,22.2,9.57,5.73,1.18,2,7727.2,Independent House,Premium,Unfurnished,1,1,1220741.71
2957.7,4,3,3,9.6,3.01,9.85,5.38,0,7468.8,Independent House,Poor,Furnished,1,1,931658.81
1909.1,4,3,8,38.8,11.7,5.27,2.64,3,828.2,Apartment,Good,Unfurnished,0,1,475467.23
1817.9,3,3,2,17.8,8.97,7.3,1.4,2,4252.7,Independent House,Good,Unfurnished,1,0,722128.26
3733.3,5,3,2,46.2,5.5,5.57,4.39,2,6545.3,Villa,Average,Semi-Furnished,1,0,1103793.53
1323.4,1,1,14,10.7,2.25,6.86,4.73,1,702.1,Apartment,Premium,Semi-Furnished,0,0,626231.24
1798.7,3,3,5,20.1,8.38,7.29,3.88,1,805.2,Apartment,Average,Furnished,1,0,470307.6
3407.4,6,4,2,0.9,7.88,6.41,3.98,2,6902.3,Villa,Premium,Furnished,0,0,1502935.07
3930.5,6,3,1,40.9,29.15,4.94,2.51,2,5821.7,Independent House,Good,Unfurnished,1,1,1056428.14
1680.5,2,1,3,18.3,6.18,6.2,5.6,2,2166.6,Townhouse,Average,Semi-Furnished,0,0,434254.12
1477.7,2,2,1,10.7,14.7,8.33,2.8,1,2151.0,Townhouse,Average,Furnished,1,1,580837.86
2430.9,5,3,10,4.5,4.67,4.52,2.41,2,665.4,Apartment,Premium,Unfurnished,0,0,892498.56
3429.0,4,3,2,18.6,3.54,9.06,2.58,2,7328.1,Independent House,Good,Semi-Furnished,1,0,1073711.07
1369.7,3,2,3,9.8,12.49,6.84,1.17,1,3365.2,Townhouse,Poor,Furnished,0,1,455422.42
887.1,1,1,7,26.3,5.87,7.74,1.26,1,486.2,Apartment,Poor,Unfurnished,0,0,129022.22
3215.9,5,3,3,38.0,8.21,5.17,3.69,1,8395.0,Independent House,Good,Furnished,0,1,1044144.6
1165.7,2,2,2,16.6,0.61,6.48,3.3,1,1420.7,Villa,Average,Semi-Furnished,1,1,641955.96
946.6,2,2,3,24.0,4.87,5.73,1.83,2,1844.9,Independent House,Good,Furnished,0,0,532014.78
1260.7,2,2,14,11.9,5.46,7.13,4.88,1,253.9,Apartment,Good,Semi-Furnished,0,0,354319.46
1412.5,3,2,2,1.9,3.18,5.12,1.09,1,710.5,Apartment,Average,Semi-Furnished,0,0,411277.0
1427.2,3,3,3,19.5,6.4,5.8,2.44,1,1800.8,Villa,Good,Furnished,0,1,718100.44
2445.0,3,3,2,22.7,1.59,9.7,2.13,2,4464.8,Villa,Average,Unfurnished,0,1,847728.07
1845.4,4,2,2,12.1,9.57,7.64,2.3,3,2323.2,Townhouse,Premium,Semi-Furnished,1,0,857555.34
1510.3,2,2,2,4.0,6.42,7.25,5.24,2,2666.2,Independent House,Good,Furnished,1,1,713378.7
3876.1,6,4,2,9.8,6.05,7.23,3.09,2,7094.3,Townhouse,Average,Furnished,1,0,1121185.8
1620.6,4,3,11,18.8,12.57,8.82,3.94,1,656.6,Apartment,Average,Furnished,1,0,432277.88
2173.4,3,3,7,11.7,3.31,6.52,4.97,0,900.0,Apartment,Average,Semi-Furnished,1,0,522964.94
734.0,2,2,6,12.9,23.81,8.06,,2,412.2,Apartment,Premium,Semi-Furnished,1,0,498235.5
731.3,2,3,6,34.6,3.21,3.28,0.85,1,514.8,Apartment,Average,Semi-Furnished,0,0,171208.57
2241.9,4,3,3,18.2,16.2,6.53,0.4,1,4508.9,Independent House,Good,Semi-Furnished,1,1,743225.56
2948.7,5,4,9,44.4,21.35,6.25,3.95,2,1626.9,Apartment,Premium,Semi-Furnished,1,0,927164.72
885.3,2,2,7,5.1,1.09,5.94,,1,169.2,Apartment,Average,Unfurnished,0,0,234359.92
1752.4,2,2,1,4.2,4.39,7.77,3.38,1,4645.5,Townhouse,Good,Unfurnished,1,0,659421.24
805.4,1,1,3,21.6,2.35,6.5,2.6,1,382.2,Apartment,Poor,Semi-Furnished,0,0,80811.51
1000.5,1,1,8,28.3,12.27,6.47,2.1,1,426.4,Apartment,Good,Unfurnished,0,0,196705.6
1789.4,3,2,2,21.0,4.95,5.56,2.2,3,4853.6,Townhouse,Average,Unfurnished,1,1,535206.0
1100.1,3,2,6,51.0,3.41,6.13,1.7,1,342.1,Apartment,Premium,Unfurnished,1,0,550493.71
1068.0,2,2,1,35.6,7.17,3.79,6.55,1,2188.5,Independent House,Average,Furnished,1,0,329660.54
1275.3,1,1,3,29.9,8.45,6.24,2.04,0,3131.8,Villa,Average,Furnished,0,0,586470.9
612.7,1,1,10,8.6,19.36,4.65,0.88,0,533.4,Apartment,Good,Semi-Furnished,1,0,268283.44
2721.1,5,3,2,8.0,19.41,8.94,3.58,3,3956.2,Villa,Good,Furnished,1,0,985284.35
2863.0,5,4,2,30.7,4.27,7.76,0.36,1,5945.0,Villa,Good,Furnished,1,0,1127979.42
2370.2,3,2,2,12.8,1.87,8.02,3.24,2,5178.3,Independent House,Good,Unfurnished,1,0,877319.12
1261.4,1,1,3,25.6,11.03,4.78,1.08,0,2440.3,Independent House,Average,Unfurnished,1,1,426743.28
2819.6,4,4,1,12.8,6.94,7.92,4.35,2,3179.6,Independent House,Good,Unfurnished,1,1,978555.92
2486.7,4,1,2,3.5,20.44,5.73,2.48,0,4732.2,Independent House,Poor,Unfurnished,1,1,638275.53
1853.7,3,2,2,32.2,20.91,7.1,0.68,2,2884.6,Independent House,Average,Semi-Furnished,1,1,630368.93
1266.8,2,2,3,22.1,11.56,6.43,3.81,0,239.1,Apartment,Premium,Unfurnished,0,0,532832.7
1696.0,4,4,2,9.9,9.31,4.7,4.33,3,2035.8,Villa,Good,Furnished,0,1,766872.14
1788.7,3,1,2,2.2,10.04,5.2,2.95,1,4515.8,Townhouse,Average,Semi-Furnished,1,1,528965.95
3645.0,6,4,3,43.2,9.16,7.66,3.84,3,8358.9,Independent House,Poor,Semi-Furnished,1,0,993258.65
2182.0,3,3,1,25.4,9.88,7.61,2.35,1,1000.6,Apartment,Premium,Furnished,0,0,797064.76
1215.0,3,3,8,23.0,5.51,4.71,6.33,1,544.1,Apartment,Poor,Furnished,0,0,226265.97
2068.9,4,4,3,26.4,5.01,8.35,8.38,1,2759.4,Townhouse,Average,Furnished,1,1,633780.25
1038.9,2,3,1,5.7,5.93,6.15,4.31,1,1911.9,Townhouse,Average,Furnished,1,0,421246.82
2242.1,3,2,2,,27.91,4.84,2.95,2,3042.7,Townhouse,Poor,Furnished,1,1,463049.79
954.4,2,2,15,0.1,0.63,5.9,0.72,1,533.3,Apartment,Average,Semi-Furnished,0,1,384212.42
1808.0,4,3,2,8.3,4.98,4.73,0.07,3,667.5,Apartment,Premium,Furnished,0,0,812026.1
5200.0,7,4,2,9.5,5.85,5.65,0.38,2,8161.1,Townhouse,Average,Unfurnished,1,0,1447183.4
1064.9,2,2,8,9.2,11.04,6.01,3.01,1,425.8,Apartment,Average,Semi-Furnished,1,0,253735.35
6500.0,7,4,1,13.8,4.73,7.45,4.09,2,10771.1,Villa,Good,Semi-Furnished,1,0,2042421.67
1662.6,3,2,2,24.4,21.8,7.88,2.22,2,995.6,Apartment,Good,Unfurnished,1,0,531592.01
987.6,3,1,15,5.7,18.32,8.24,5.35,2,348.5,Apartment,Good,Unfurnished,1,0,410659.46
968.7,1,1,5,4.3,22.62,7.84,1.02,0,536.7,Apartment,Good,Unfurnished,1,0,334930.83
4455.1,6,4,2,27.6,9.44,3.94,1.69,3,11032.8,Townhouse,Good,Unfurnished,1,1,1256994.27
2029.6,3,1,1,11.4,20.64,4.6,3.34,2,3077.8,Townhouse,Good,Unfurnished,1,0,625896.84
1456.9,2,2,1,8.9,4.27,8.29,1.64,0,2054.0,Independent House,Good,Semi-Furnished,0,0,721207.9
2045.1,4,3,3,38.6,8.36,6.02,3.9,2,4056.4,Villa,Good,Furnished,1,1,818338.38
1621.3,2,1,14,25.8,1.18,6.5,1.68,0,913.3,Apartment,Good,Semi-Furnished,0,0,505314.45
1841.2,3,2,1,8.4,12.16,7.62,2.24,1,2382.0,Independent House,Average,Semi-Furnished,0,1,632397.03
1564.6,3,3,14,1.8,12.0,8.57,1.92,2,476.5,Apartment,Good,Unfurnished,0,0,482254.62
2849.8,5,4,14,16.9,9.53,7.38,1.01,2,938.0,Apartment,Good,Furnished,0,0,861151.31
1027.4,2,1,1,8.6,6.84,5.45,1.85,1,2233.3,Townhouse,Average,Unfurnished,1,1,343649.58
1773.7,4,2,12,25.3,15.16,4.93,3.02,3,797.8,Apartment,Premium,Unfurnished,1,0,649804.25
1792.3,3,4,1,26.5,20.04,5.15,2.62,1,4659.7,Independent House,Average,Semi-Furnished,1,0,546784.9
1498.6,2,3,2,13.5,28.8,8.48,1.64,1,1806.9,Independent House,Average,Furnished,0,1,480798.04
2899.1,5,4,1,9.9,11.69,7.95,3.16,1,4096.9,Independent House,Good,Furnished,1,1,1012024.25
893.1,1,1,1,13.9,7.94,6.77,2.98,0,2146.3,Townhouse,Average,Furnished,0,1,312888.2
684.0,1,1,3,12.3,5.43,4.63,3.45,1,1308.6,Independent House,Average,Semi-Furnished,0,1,309632.16
1486.8,3,3,1,20.1,12.88,7.99,2.67,3,422.2,Apartment,Average,Semi-Furnished,0,0,441494.91
1276.7,2,1,7,14.4,4.24,6.97,3.56,0,574.9,Apartment,Premium,Semi-Furnished,0,0,617297.0
766.5,2,1,7,20.4,12.26,5.59,3.0,1,468.9,Apartment,Average,Unfurnished,0,0,181618.86
900.9,1,2,1,13.0,4.37,6.62,1.88,1,1184.3,Independent House,Good,Unfurnished,1,0,525903.85
5011.6,7,5,2,,8.21,7.44,4.69,3,12259.6,Villa,Good,Furnished,1,1,1818540.2
1643.4,3,2,13,16.4,3.83,6.05,2.82,3,713.0,Apartment,Good,Furnished,1,0,489186.24
1663.7,3,3,1,9.5,5.83,5.2,2.16,1,2422.0,Townhouse,Premium,Unfurnished,1,1,833643.03
4646.5,7,4,2,33.0,11.38,6.97,7.39,4,9527.9,Independent House,Good,Unfurnished,1,0,1279593.27
2838.8,5,2,2,19.2,16.58,7.07,1.69,2,5464.9,Independent House,Average,Unfurnished,0,1,767118.74
3469.0,5,3,1,9.0,6.6,3.95,6.41,3,7386.8,Townhouse,Premium,Semi-Furnished,1,1,1225458.18
1125.8,2,1,2,20.0,0.69,6.6,1.34,1,2341.7,Independent House,Average,Unfurnished,0,0,503759.89
1108.3,2,2,2,20.1,1.42,5.48,2.18,0,2084.1,Independent House,Poor,Semi-Furnished,1,1,319643.2
2394.7,4,3,3,17.6,1.48,7.39,2.2,2,4279.5,Independent House,Average,Unfurnished,1,1,780329.57
1610.3,2,2,4,9.8,21.07,4.23,1.5,1,824.7,Apartment,Good,Unfurnished,1,0,507796.21
3765.0,6,4,2,25.7,40.23,4.85,3.06,2,8659.8,Villa,Average,Unfurnished,1,0,1058714.9
682.1,2,1,7,25.8,7.81,3.3,1.84,1,150.0,Apartment,Good,Furnished,0,0,160125.66
2483.4,5,4,2,8.1,1.58,7.3,2.26,2,4225.2,Independent House,Average,Unfurnished,1,1,926255.07
2050.0,4,4,12,6.0,3.5,4.53,3.16,1,1109.6,Apartment,Average,Semi-Furnished,1,0,626428.96
2004.7,4,3,14,10.6,3.14,4.78,7.78,2,782.2,Apartment,Poor,Semi-Furnished,0,1,361646.48
1140.6,3,3,2,21.6,20.36,6.57,0.63,1,432.1,Apartment,Good,Furnished,0,0,459051.61
2051.5,3,2,3,10.4,5.98,6.47,1.18,1,5372.5,Townhouse,Average,Unfurnished,1,1,658605.16
976.8,1,1,2,20.2,45.0,7.62,1.18,1,495.6,Apartment,Average,Semi-Furnished,1,0,110255.15
1196.4,3,4,6,25.6,3.05,7.77,3.68,1,590.4,Apartment,Average,Unfurnished,0,1,392649.07
1064.8,1,1,3,4.9,3.37,8.34,2.36,0,2354.8,Townhouse,Average,Semi-Furnished,1,0,394625.23
983.8,1,1,14,24.9,5.96,9.04,3.65,0,492.1,Apartment,Good,Semi-Furnished,1,0,359987.26
1670.1,2,1,3,13.6,5.42,8.21,1.02,0,3897.5,Independent House,Average,Furnished,1,1,674403.89
1503.7,4,3,1,45.4,18.12,7.18,2.77,1,3697.7,Independent House,Poor,Furnished,1,1,481932.71
1343.7,3,2,1,13.3,8.86,7.02,4.28,3,3232.7,Independent House,Premium,Furnished,0,1,848874.99
783.9,1,2,11,9.3,13.55,7.59,1.27,1,329.2,Apartment,Average,Furnished,0,0,225351.0
3083.3,4,4,12,18.8,10.67,,6.38,1,1935.4,Apartment,Poor,Unfurnished,1,0,451357.7
1805.1,3,3,3,19.5,10.66,6.48,1.0,1,2750.3,Villa,Good,Semi-Furnished,1,0,784608.3
1554.1,3,2,4,51.2,7.22,4.05,4.38,1,731.5,Apartment,Good,Unfurnished,1,0,390575.51
646.3,1,1,14,11.8,19.09,5.63,2.07,0,150.0,Apartment,Good,Unfurnished,0,0,164953.84
3939.7,6,4,2,13.2,16.33,4.56,4.24,2,8162.9,Villa,Average,Semi-Furnished,1,1,1230241.06
2389.5,4,3,1,,4.19,7.26,1.93,2,5226.6,Villa,Average,Semi-Furnished,0,1,931480.91
1122.9,1,1,10,16.9,6.09,7.57,2.38,0,249.1,Apartment,Average,Semi-Furnished,0,0,271690.31
1539.3,3,3,1,13.1,3.78,8.46,3.46,2,3141.7,Independent House,Poor,Furnished,1,1,635989.11
2377.2,4,2,3,13.3,9.19,5.3,1.89,1,5681.1,Townhouse,Average,Semi-Furnished,1,1,681633.14
534.6,1,2,3,37.3,11.49,5.75,,1,1028.0,Independent House,Premium,Furnished,1,1,579738.56
957.1,2,1,4,10.2,5.46,8.27,0.98,2,702.6,Apartment,Good,Furnished,1,1,500002.78
1287.0,2,1,13,18.9,6.18,5.96,0.29,0,529.2,Apartment,Average,Furnished,1,0,373528.99
1749.4,3,3,2,35.7,4.15,5.66,1.93,1,2737.2,Independent House,Average,Unfurnished,1,1,494140.73
3875.0,7,5,8,11.9,3.44,7.73,3.07,4,,Apartment,Good,Semi-Furnished,0,0,1131029.11
1603.7,3,1,1,13.4,5.99,7.45,1.54,1,3741.9,Independent House,Average,Semi-Furnished,1,0,616944.44
2050.8,4,3,10,14.0,7.37,8.09,2.58,1,966.6,Apartment,Average,Furnished,0,0,508114.48
3955.1,7,4,2,6.4,4.1,7.4,5.41,2,8726.3,Independent House,Average,Unfurnished,1,1,1198324.75
2449.2,4,3,3,12.5,3.22,6.13,0.53,4,3679.9,Independent House,Good,Unfurnished,1,0,850588.28
1243.3,1,1,2,6.1,33.52,8.69,3.74,0,2728.2,Townhouse,Good,Unfurnished,0,1,460555.68
1077.5,2,2,2,44.2,5.67,7.98,1.66,1,1828.1,Independent House,Poor,Unfurnished,1,1,402577.86
1850.4,3,2,8,11.0,9.84,6.68,1.18,2,1251.2,Apartment,Poor,Furnished,1,0,379151.55
3292.6,5,3,2,25.8,12.98,7.99,2.6,3,4507.5,Townhouse,Good,Unfurnished,1,0,1010581.76
1701.7,1,2,2,16.6,10.66,6.68,4.57,2,688.0,Apartment,Good,Semi-Furnished,1,0,553791.13
3102.3,5,5,1,8.1,14.0,5.36,3.24,1,7762.8,Independent House,Good,Semi-Furnished,1,1,1015197.15
5488.9,7,4,2,12.3,9.28,6.86,0.79,4,10719.1,Independent House,Average,Semi-Furnished,1,1,1526933.08
3166.3,6,5,1,9.8,1.94,9.49,2.59,3,6622.2,Villa,Good,Unfurnished,1,0,1235789.6
1164.0,3,3,1,8.8,9.65,8.21,2.55,0,2425.7,Independent House,Premium,Semi-Furnished,1,1,817831.89
2275.8,4,2,2,10.1,6.56,7.3,3.87,3,4144.6,Villa,Good,Semi-Furnished,1,0,895477.0
2405.6,4,3,14,18.5,3.94,5.4,4.48,1,776.5,Apartment,Average,Furnished,1,0,546533.14
2006.5,3,1,1,19.5,27.14,4.98,1.51,2,4667.1,Villa,Good,Semi-Furnished,1,1,836811.82
3105.5,5,4,3,19.1,1.4,6.35,3.05,2,5033.7,Townhouse,Average,Furnished,0,1,903629.65
1604.3,3,2,2,18.4,11.9,5.82,2.27,2,4096.7,Townhouse,Poor,Unfurnished,1,0,372182.81
1898.8,3,2,1,19.4,11.42,6.73,2.32,2,3463.1,Townhouse,Average,Semi-Furnished,0,1,589088.68
1167.7,1,3,6,10.0,22.77,6.92,1.4,0,490.6,Apartment,Premium,Semi-Furnished,0,0,560220.1
1446.8,4,4,14,21.8,10.46,4.64,3.49,1,498.0,Apartment,Average,Semi-Furnished,0,0,432201.67
1479.3,3,2,7,8.4,5.23,5.48,1.14,1,706.7,Apartment,Good,Semi-Furnished,1,0,608390.9
688.5,2,1,15,10.6,1.28,6.19,1.41,0,209.3,Apartment,Average,Unfurnished,1,0,241423.71
1370.7,3,3,3,3.6,1.56,7.33,4.76,2,3156.8,Townhouse,Average,Unfurnished,1,1,515774.8
1100.9,3,2,2,7.7,5.76,7.39,3.82,1,1407.4,Independent House,Poor,Furnished,1,0,423115.08
1557.6,2,2,3,19.3,20.3,5.2,3.21,0,1768.7,Independent House,Good,Furnished,0,0,515533.8
1181.5,2,3,1,20.6,1.86,4.92,3.05,1,1445.0,Townhouse,Poor,Unfurnished,1,0,324224.07
2523.7,4,3,1,29.2,9.45,5.33,4.34,0,6477.8,Townhouse,Average,Semi-Furnished,0,0,599827.5
2536.0,5,4,2,7.9,18.95,7.85,3.21,1,5199.7,Townhouse,Average,Semi-Furnished,1,0,743293.95
1712.0,5,4,1,8.5,25.66,6.01,1.74,1,1039.4,Apartment,Average,Semi-Furnished,0,0,395058.89
1085.1,2,1,3,6.7,6.93,6.85,2.98,0,2655.4,Independent House,Average,Unfurnished,0,1,395347.31
1298.4,2,2,10,19.6,17.18,7.3,3.33,1,819.3,Apartment,Poor,Furnished,0,0,229337.91
1049.5,1,1,1,7.3,5.72,8.48,2.76,0,1642.5,Independent House,Average,Semi-Furnished,1,1,450116.93
1737.1,2,3,2,28.7,12.15,4.93,1.12,1,3774.1,Independent House,Premium,Semi-Furnished,1,1,879200.86
2165.6,3,2,2,10.2,12.41,8.46,3.44,2,5557.0,Townhouse,Poor,Semi-Furnished,1,1,623634.01
2803.3,2,2,1,14.3,3.74,7.54,4.8,2,3555.6,Independent House,Average,Semi-Furnished,1,1,811648.73
1650.2,2,2,11,16.5,0.46,9.12,2.3,2,874.5,Apartment,Average,Unfurnished,0,0,436319.54
3135.1,6,4,3,28.7,9.24,8.74,6.96,1,6150.3,Independent House,Average,Furnished,0,1,934187.44
2061.0,3,2,2,37.3,15.19,6.86,,1,3439.7,Independent House,Good,Unfurnished,1,1,651485.11
1675.3,3,2,1,17.9,17.95,5.61,3.09,0,3579.7,Independent House,Average,Furnished,1,1,572498.6
2667.2,3,2,2,22.3,11.08,7.66,1.93,1,6031.7,Independent House,Average,Furnished,1,0,792501.4
2704.2,5,4,3,7.7,14.5,5.08,3.49,3,6714.6,Independent House,Good,Semi-Furnished,1,0,895884.93
1787.3,3,2,3,35.1,4.49,7.01,1.54,2,3265.3,Villa,Average,Semi-Furnished,0,0,717451.87
1934.7,3,2,3,22.9,19.0,5.62,3.43,2,4553.8,Townhouse,Premium,Unfurnished,0,0,842391.54
1633.1,1,1,3,58.5,16.08,6.35,5.0,0,3590.9,Independent House,Premium,Semi-Furnished,0,1,717719.27
794.9,1,1,2,14.9,13.08,3.54,1.91,0,938.9,Independent House,Poor,Semi-Furnished,0,1,278004.08
1985.0,4,3,2,8.5,4.82,6.58,4.17,2,4141.0,Townhouse,Average,Unfurnished,0,1,618885.56
1293.3,2,1,3,11.8,8.64,6.87,0.75,0,2459.7,Villa,Average,Unfurnished,1,0,596930.65
1553.0,3,3,12,28.3,6.48,5.93,2.4,1,649.1,Apartment,Average,Furnished,0,0,410862.53
865.8,2,1,2,35.4,6.91,6.58,1.08,2,835.4,Townhouse,Average,Unfurnished,1,0,299158.21
1000.1,2,3,13,44.3,13.94,5.13,3.03,2,545.7,Apartment,Good,Unfurnished,1,0,336976.6
1127.7,2,2,9,8.9,13.07,,1.59,1,486.1,Apartment,Average,Unfurnished,0,0,283219.22
3061.3,4,3,1,5.4,0.98,6.74,5.51,2,6931.5,Independent House,Average,Semi-Furnished,0,0,901151.85
1081.4,1,1,8,13.7,4.73,9.95,1.65,1,571.0,Apartment,Average,Semi-Furnished,0,0,370901.49
861.4,2,2,10,7.7,11.41,7.12,3.06,0,777.1,Apartment,Premium,Furnished,0,0,518796.56
1576.7,3,4,12,25.9,7.08,7.25,1.66,3,627.6,Apartment,Premium,Semi-Furnished,1,0,712533.97
1506.3,3,2,3,13.2,2.87,6.02,3.91,0,3057.1,Townhouse,Poor,Unfurnished,1,1,390227.98
2575.7,4,4,1,12.2,17.54,8.43,1.99,3,5987.3,Independent House,Good,Semi-Furnished,1,0,900720.46
1208.2,2,2,1,12.2,45.0,,3.61,0,2553.5,Independent House,Average,Unfurnished,1,0,353186.09
1478.3,3,3,11,11.4,2.86,9.21,0.47,1,264.3,Apartment,Good,Furnished,0,0,657207.08
4655.2,7,4,3,5.3,1.09,9.16,1.03,3,8082.7,Townhouse,Good,Unfurnished,1,1,1429888.92
1492.2,3,4,1,8.1,24.53,5.96,4.97,1,2409.0,Townhouse,Premium,Unfurnished,1,0,634943.33
1998.8,5,4,2,22.7,4.16,6.3,1.39,1,2589.4,Independent House,Poor,Semi-Furnished,1,0,575067.8
821.3,1,1,3,7.0,14.61,5.65,1.97,0,1672.3,Townhouse,Average,Unfurnished,1,1,311777.1
945.6,4,4,8,22.1,4.08,4.76,3.51,2,592.8,Apartment,Premium,Semi-Furnished,0,0,539536.15
2001.4,2,2,1,16.1,28.24,7.13,2.44,1,3357.8,Townhouse,Average,Semi-Furnished,1,1,556075.88
1436.5,3,2,1,28.4,15.53,6.71,1.74,1,2145.9,Townhouse,Average,Furnished,1,0,441969.15
2135.8,3,1,2,15.0,4.13,7.66,1.91,1,4633.3,Townhouse,Good,Unfurnished,1,1,771290.96
1972.4,3,3,1,8.5,3.53,6.63,1.4,2,4844.9,Townhouse,Good,Semi-Furnished,0,1,771779.91
1062.4,3,2,2,8.3,3.88,7.96,5.84,2,1549.6,Independent House,Good,Semi-Furnished,0,0,422281.49
2830.7,5,3,1,4.1,5.75,6.63,2.59,2,3996.2,Independent House,Good,Unfurnished,1,0,885919.6
802.8,2,1,13,9.0,18.1,6.42,1.99,1,292.3,Apartment,Good,Semi-Furnished,0,0,291434.13
1340.2,2,3,1,12.9,1.27,6.83,1.75,0,2111.5,Independent House,Average,Furnished,1,1,524568.27
2035.0,2,1,3,30.4,4.73,7.8,8.27,0,4414.5,Independent House,Good,Furnished,1,0,683891.59
2612.9,5,4,1,22.8,15.78,6.16,2.2,2,736.1,Apartment,Good,Furnished,1,0,772270.35
1082.4,2,2,1,11.9,16.11,8.02,2.89,3,2098.5,Townhouse,Good,Semi-Furnished,1,0,504486.51
1439.6,2,1,13,7.3,19.46,5.63,2.22,1,452.4,Apartment,Average,Semi-Furnished,1,0,322653.05
1973.2,3,3,2,20.0,2.18,6.24,1.39,2,4947.1,Independent House,Average,Furnished,1,1,728488.32
1783.2,3,3,13,9.5,6.76,4.0,4.07,2,322.5,Apartment,Good,Unfurnished,0,0,454296.72
3038.6,4,3,1,7.4,4.45,6.21,,1,3383.1,Independent House,Average,Semi-Furnished,1,0,842888.27
1141.8,2,2,15,20.1,26.1,5.07,2.97,2,285.1,Apartment,Poor,Semi-Furnished,0,0,101018.04
2523.8,5,4,1,8.1,9.3,7.5,3.11,3,3656.6,Townhouse,Good,Furnished,1,0,857877.59
3894.7,7,5,1,25.0,3.59,7.44,1.95,4,8067.3,Villa,Average,Furnished,0,1,1305586.05
2862.2,6,5,10,4.3,25.03,8.46,1.27,3,717.3,Apartment,Average,Unfurnished,0,0,662040.69
2281.7,4,3,3,8.0,7.45,9.11,4.04,2,4810.9,Independent House,Poor,Semi-Furnished,1,1,804730.4
2379.8,4,3,2,7.7,9.13,6.46,1.69,3,4144.6,Villa,Poor,Unfurnished,0,1,791062.95
1514.0,2,2,2,23.7,29.15,5.63,2.12,0,1891.5,Independent House,Good,Furnished,1,1,586045.12
733.1,1,1,14,14.5,9.64,7.38,1.55,1,389.8,Apartment,Average,Semi-Furnished,1,0,235477.92
1644.4,3,1,1,23.3,20.74,,2.95,1,4049.5,Independent House,Average,Unfurnished,1,1,448853.16
1418.4,2,2,2,6.6,5.85,5.82,5.17,1,716.2,Apartment,Average,Furnished,0,0,379218.25
1292.2,2,2,13,22.8,15.14,6.68,2.41,1,556.9,Apartment,Average,Semi-Furnished,0,0,232218.9
2375.4,3,2,3,21.5,10.19,5.85,0.97,2,5896.0,Independent House,Poor,Semi-Furnished,1,1,689578.2
1003.4,3,2,1,8.1,17.19,9.69,3.28,1,1258.9,Independent House,Average,Furnished,1,0,476395.38
1528.6,2,1,2,8.6,9.27,6.32,1.76,2,2632.0,Townhouse,Average,Semi-Furnished,1,1,504358.81
3127.2,6,4,14,8.7,9.06,6.66,3.34,3,800.3,Apartment,Average,Semi-Furnished,0,0,709364.36
2807.4,4,3,3,39.2,20.0,7.87,2.01,1,4681.4,Independent House,Average,Unfurnished,1,0,750505.88
2393.9,3,3,1,13.9,4.68,9.88,1.66,1,2889.1,Independent House,Average,Unfurnished,1,1,831763.18
1944.2,4,3,1,6.0,5.2,6.37,4.33,2,4256.6,Townhouse,Average,Unfurnished,1,1,530929.86
1585.1,2,2,2,8.4,32.39,3.99,2.68,0,3511.5,Independent House,Average,Unfurnished,1,1,421095.32
647.7,1,2,5,53.0,4.43,6.59,0.43,0,475.4,Apartment,Poor,Unfurnished,0,1,70000.0
1639.4,2,2,6,16.0,6.06,4.23,3.62,1,459.6,Apartment,Poor,Semi-Furnished,0,0,256236.78
660.8,2,2,1,12.8,4.47,5.95,1.43,1,1576.2,Independent House,Average,Semi-Furnished,1,0,364459.33
1942.8,4,2,3,4.2,5.36,8.87,3.28,1,2909.4,Villa,Good,Unfurnished,1,1,883594.49
1350.9,2,2,15,7.6,2.03,5.54,0.95,1,371.6,Apartment,Average,Semi-Furnished,0,0,451977.64
1121.3,1,1,1,28.9,13.0,5.18,2.72,0,476.0,Apartment,Good,Furnished,0,0,309720.81
3368.0,6,4,10,16.5,14.74,7.94,6.21,2,1538.7,Apartment,Good,Unfurnished,0,0,846712.79
3976.2,7,4,3,7.8,0.78,6.38,1.57,3,7813.5,Independent House,Poor,Semi-Furnished,0,1,1155519.94
2087.8,3,4,1,50.6,6.38,8.45,2.45,2,584.8,Apartment,Poor,Unfurnished,1,0,391311.41
1118.7,2,1,3,16.2,6.24,6.3,6.3,1,1473.4,Townhouse,Average,Semi-Furnished,0,0,348816.98
4992.2,7,5,2,57.8,2.97,7.64,1.98,4,10102.1,Villa,Poor,Semi-Furnished,0,0,1413936.68
1754.7,4,3,6,6.7,2.88,4.46,4.18,3,853.3,Apartment,Average,Unfurnished,0,0,467112.78
1110.9,1,1,3,5.3,6.14,,5.05,1,1165.0,Townhouse,Poor,Unfurnished,1,0,327003.95
1672.8,2,3,2,13.7,19.77,6.43,4.47,1,4399.1,Townhouse,Good,Furnished,1,0,565248.68
2764.1,4,3,2,4.3,10.5,,1.54,2,6205.2,Independent House,Average,Unfurnished,0,0,850549.88
1052.1,2,1,12,11.0,10.79,10.0,5.73,1,501.2,Apartment,Good,Semi-Furnished,0,0,378622.01
1435.3,2,1,13,20.7,5.0,8.17,4.78,0,450.3,Apartment,Good,Semi-Furnished,1,0,448274.17
1545.3,3,3,10,19.2,3.02,8.13,0.71,1,594.5,Apartment,Average,Unfurnished,1,0,427231.33
1163.9,2,3,2,16.0,29.12,6.45,2.46,0,2246.9,Independent House,Premium,Semi-Furnished,1,1,735805.19
1649.8,3,2,1,7.9,19.14,4.68,5.49,2,4210.3,Independent House,Premium,Semi-Furnished,1,1,763597.97
879.5,2,1,1,25.3,18.31,9.13,2.55,1,491.2,Apartment,Average,Unfurnished,0,0,180114.48
1948.7,4,4,3,12.7,10.88,4.35,1.72,3,1058.2,Apartment,Average,Furnished,0,0,468194.55
1262.0,1,1,1,2.2,16.97,5.9,1.43,0,2095.1,Independent House,Average,Semi-Furnished,1,1,395919.61
1529.4,2,1,10,7.0,13.87,7.53,1.21,2,465.6,Apartment,Average,Semi-Furnished,0,1,456975.11
754.6,1,1,5,7.1,3.59,10.0,5.6,1,150.0,Apartment,Average,Unfurnished,0,0,155627.71
1025.0,2,2,1,28.0,29.73,9.22,5.36,0,1971.4,Townhouse,Average,Unfurnished,1,0,314960.34
823.6,1,1,14,7.0,17.17,7.6,3.92,0,347.6,Apartment,Average,Semi-Furnished,0,0,215765.04
1198.1,3,2,1,18.6,7.49,9.82,2.55,2,496.9,Apartment,Good,Semi-Furnished,0,0,453954.58
1779.9,3,2,2,3.2,2.7,5.98,2.63,2,3851.1,Townhouse,Average,Unfurnished,0,1,535600.87
1577.0,2,2,8,20.4,2.88,7.35,4.13,2,782.7,Apartment,Average,Semi-Furnished,1,0,441229.02
783.8,1,1,2,4.1,10.9,8.82,0.95,0,1839.6,Townhouse,Average,Semi-Furnished,1,0,403797.5
1721.6,4,3,3,27.4,7.95,4.67,4.0,4,4190.6,Independent House,Good,Unfurnished,0,1,651444.54
1203.9,1,1,1,12.7,5.32,7.25,5.01,0,1312.9,Townhouse,Good,Furnished,0,1,562289.36
1693.3,2,2,14,23.2,10.62,7.34,4.81,2,880.7,Apartment,Poor,Semi-Furnished,0,0,292596.18
1651.5,3,3,1,12.2,8.68,7.3,3.89,0,4174.7,Independent House,Good,Semi-Furnished,1,1,689585.1
1307.8,2,2,4,8.9,7.15,5.19,2.68,0,803.9,Apartment,Average,Furnished,0,0,361732.92
1351.5,3,2,2,3.9,3.08,7.33,2.91,2,2551.4,Independent House,Good,Semi-Furnished,1,0,718068.87
2791.8,4,4,14,2.9,8.66,7.13,2.56,3,1002.0,Apartment,Good,Furnished,1,0,810645.85
1077.9,2,3,2,8.7,21.82,5.9,3.57,2,1444.1,Independent House,Average,Furnished,1,1,511223.31
1143.9,2,2,9,14.1,2.77,7.83,1.87,1,668.5,Apartment,Good,Semi-Furnished,0,0,458923.42
1415.5,2,2,2,5.6,20.77,8.66,3.22,0,734.5,Apartment,Good,Semi-Furnished,0,0,460324.41
1484.7,2,2,1,43.0,21.4,5.68,3.52,2,3766.0,Townhouse,Good,Furnished,1,1,509325.59
981.6,2,3,4,31.5,10.09,7.42,1.74,1,453.5,Apartment,Average,Furnished,0,0,263935.03
632.2,1,1,7,12.6,10.11,8.7,1.94,2,308.9,Apartment,Good,Unfurnished,1,0,326620.97
1382.2,2,1,2,34.1,9.3,8.73,1.65,2,3741.4,Independent House,Average,Unfurnished,1,1,470151.29
1235.1,2,2,1,12.9,11.73,6.48,2.28,1,2492.8,Independent House,Good,Semi-Furnished,1,1,599494.05
2739.0,5,3,11,5.7,6.36,8.25,3.99,2,1157.8,Apartment,Good,Furnished,0,0,788493.07
4784.0,7,4,2,11.5,13.55,6.35,2.97,2,11378.5,Independent House,Average,Furnished,1,0,1423748.57
1809.0,3,2,3,21.6,1.05,7.89,1.96,2,2509.4,Independent House,Average,Furnished,1,1,704078.0
1024.4,1,1,2,8.0,36.06,5.63,2.43,1,1438.1,Independent House,Average,Unfurnished,1,0,332902.49
2519.6,4,4,2,37.5,15.43,4.49,0.75,3,4367.3,Independent House,Average,Furnished,1,0,735947.38
1223.9,3,2,3,9.8,10.65,7.47,6.26,2,2220.8,Independent House,Average,Unfurnished,0,1,478927.71
1310.1,3,2,2,23.4,15.05,7.98,2.36,2,3281.8,Townhouse,Average,Semi-Furnished,1,0,488507.6
1419.0,2,2,3,12.1,9.35,7.72,3.87,2,2439.6,Independent House,Good,Semi-Furnished,1,1,583390.12
1805.2,3,2,2,7.4,14.28,5.51,2.1,1,4063.4,Villa,Poor,Semi-Furnished,0,0,637458.85
1165.7,3,2,12,5.1,9.34,3.11,3.37,2,584.6,Apartment,Average,Semi-Furnished,0,0,229469.88
779.3,2,2,5,25.1,6.51,7.97,3.5,0,250.0,Apartment,Good,Unfurnished,0,0,331164.62
1007.5,2,1,11,17.4,12.5,8.82,3.04,2,,Apartment,Average,Unfurnished,1,0,361475.11
3418.7,5,3,2,8.4,10.79,3.95,1.77,3,5762.2,Villa,Average,Furnished,1,1,1160434.28
1626.9,3,2,1,25.3,13.34,6.26,7.86,1,2948.2,Townhouse,Good,Unfurnished,1,1,492045.35
1947.9,4,3,3,8.6,5.69,5.34,2.45,0,3754.6,Independent House,Premium,Semi-Furnished,0,1,951335.95
723.7,1,1,1,16.8,1.52,7.06,0.46,1,969.9,Independent House,Good,Unfurnished,1,0,433055.04
3316.6,6,4,3,18.7,10.27,8.64,3.01,4,5557.2,Villa,Poor,Unfurnished,0,1,978230.87
1014.5,2,1,9,47.0,14.85,6.36,7.54,0,524.5,Apartment,Poor,Unfurnished,0,0,70000.0
2962.9,4,3,3,45.4,29.61,5.97,2.14,1,4206.5,Independent House,Premium,Semi-Furnished,1,1,1025700.06
1971.7,4,3,1,8.7,12.27,7.27,1.42,3,5074.0,Independent House,Good,Semi-Furnished,1,1,809662.28
1068.5,2,2,9,7.3,4.08,3.62,1.74,0,589.8,Apartment,Good,Unfurnished,0,0,334396.16
913.4,2,3,1,15.8,20.01,7.91,2.37,0,1552.9,Independent House,Good,Furnished,1,1,540791.59
3372.9,6,4,10,27.4,9.72,8.23,4.18,2,1856.3,Apartment,Average,Unfurnished,1,0,775882.72
2589.5,4,4,1,2.7,20.18,6.71,0.69,1,6612.2,Independent House,Average,Semi-Furnished,1,1,819887.48
2370.9,4,3,2,38.9,5.52,6.06,3.27,2,5319.9,Townhouse,Good,Unfurnished,1,1,738874.64
2904.4,3,2,15,10.3,8.09,6.29,4.07,1,994.8,Apartment,Good,Furnished,1,0,774268.83
1486.5,3,2,11,26.6,15.6,6.3,2.05,2,885.2,Apartment,Average,Unfurnished,1,0,319194.31
2387.7,5,4,10,10.4,16.98,6.62,2.54,3,671.3,Apartment,Good,Semi-Furnished,0,0,702427.76
1106.6,3,2,9,36.5,11.54,4.44,5.61,2,465.1,Apartment,Average,Semi-Furnished,1,0,327178.87
2519.1,3,2,3,10.2,13.11,7.3,4.43,2,3602.0,Independent House,Premium,Semi-Furnished,1,0,1059642.86
1038.4,2,2,6,22.2,16.66,6.17,2.07,0,397.4,Apartment,Average,Furnished,0,0,250598.7
1094.9,3,1,10,14.3,8.85,6.73,3.75,1,381.0,Apartment,Good,Unfurnished,0,1,332763.87
1924.8,3,2,2,5.4,9.79,5.86,3.9,2,2376.4,Independent House,Average,Semi-Furnished,1,1,738265.42
1085.2,3,2,3,9.9,29.13,7.25,4.85,2,2377.8,Independent House,Good,Furnished,0,1,546095.61
1894.8,3,2,3,2.3,5.66,8.63,2.79,1,4509.3,Townhouse,Good,Furnished,0,0,723714.53
1954.0,2,1,3,8.9,2.32,7.0,3.22,1,3012.1,Villa,Average,Semi-Furnished,0,1,782689.81
587.2,2,1,15,,9.85,4.33,4.96,2,325.0,Apartment,Good,Semi-Furnished,0,0,238091.82
1524.8,2,2,2,35.4,9.66,6.71,2.76,1,2340.4,Independent House,Premium,Semi-Furnished,1,1,815350.49
1170.5,1,1,12,13.8,3.09,7.0,2.12,1,524.5,Apartment,Good,Furnished,1,0,459013.85
2644.0,5,4,1,56.4,9.19,6.62,1.15,2,3669.2,Independent House,Average,Furnished,0,0,692888.93
2511.0,4,2,2,29.2,2.34,5.59,4.19,3,4337.7,Villa,Good,Furnished,0,1,960426.39
3394.1,6,4,1,7.6,5.29,6.63,2.15,4,4612.6,Independent House,Good,Semi-Furnished,1,1,1092584.57
2052.8,3,4,2,14.5,12.17,7.92,4.13,1,4727.4,Townhouse,Good,Semi-Furnished,1,0,738377.21
1464.4,3,2,1,20.7,2.47,6.27,5.07,2,2777.3,Independent House,Average,Semi-Furnished,1,0,529805.88
1320.2,3,1,12,10.5,7.31,8.7,2.34,0,460.9,Apartment,Good,Unfurnished,0,0,457399.41
1596.7,3,3,1,18.1,1.03,5.76,1.35,1,3848.8,Independent House,Average,Furnished,1,0,665636.33
2268.3,3,2,3,9.2,5.75,5.2,2.53,1,4801.7,Independent House,Average,Semi-Furnished,0,1,598002.2
2284.2,4,3,3,14.2,19.96,6.36,6.29,0,2605.9,Villa,Average,Unfurnished,1,1,726725.1
1267.2,2,2,2,32.6,38.05,3.75,2.4,0,3009.5,Townhouse,Average,Semi-Furnished,1,0,255666.74
1357.9,3,3,2,9.8,7.96,6.69,2.63,2,673.5,Apartment,Average,Unfurnished,1,0,358706.33
2002.6,3,2,1,4.1,11.79,6.22,4.86,1,2353.1,Townhouse,Average,Unfurnished,0,0,502455.5
886.6,1,1,2,46.5,3.23,7.7,0.39,1,373.9,Apartment,Good,Semi-Furnished,0,0,257628.91
1545.7,2,2,9,25.5,11.29,4.22,1.27,1,675.3,Apartment,Average,Semi-Furnished,1,0,400480.03
697.2,2,1,6,20.0,22.37,7.81,2.75,2,150.0,Apartment,Poor,Semi-Furnished,0,0,70000.0
2940.1,4,2,2,38.1,9.21,6.92,2.14,1,7776.7,Independent House,Good,Unfurnished,1,0,830896.78
1688.3,3,2,3,26.6,18.28,9.0,2.81,2,820.6,Apartment,Premium,Semi-Furnished,0,0,618864.14
2682.2,5,3,15,10.4,5.29,6.45,1.2,4,1325.9,Apartment,Premium,Unfurnished,1,0,1020076.59
846.5,2,1,1,46.1,1.59,7.19,2.55,0,487.1,Apartment,Good,Furnished,1,0,296274.91
2974.7,6,4,2,18.2,6.75,7.62,4.18,2,6484.1,Independent House,Premium,Unfurnished,1,0,1248575.08
2737.7,5,4,1,23.8,5.14,3.75,0.5,2,4893.9,Independent House,Good,Furnished,0,1,898325.71
1253.3,2,2,13,3.0,17.45,8.31,2.29,1,412.6,Apartment,Premium,Unfurnished,0,0,582717.45
1155.0,2,2,9,6.3,17.65,6.51,0.92,0,450.9,Apartment,Premium,Unfurnished,0,0,560174.08
1046.0,2,2,3,5.1,3.02,4.86,1.25,1,1315.2,Townhouse,Average,Semi-Furnished,0,1,430885.9
768.8,2,1,9,4.8,12.62,6.59,2.85,2,379.8,Apartment,Good,Semi-Furnished,1,0,299859.93
1203.5,2,2,2,21.2,15.28,8.4,5.34,2,2133.3,Townhouse,Good,Furnished,1,0,498342.91
973.7,1,2,3,7.4,5.95,6.2,1.89,0,1242.1,Townhouse,Good,Semi-Furnished,1,1,407017.62
4353.9,6,3,3,17.5,9.84,6.85,5.49,3,8724.4,Villa,Premium,Semi-Furnished,1,1,1821703.27
720.0,1,2,9,26.1,14.02,3.8,1.76,1,387.8,Apartment,Average,Unfurnished,0,0,171470.4
1967.3,2,1,2,8.7,18.87,5.46,3.54,0,4773.5,Independent House,Average,Semi-Furnished,0,1,609293.79
1624.7,2,1,13,7.3,10.02,7.73,2.71,0,688.6,Apartment,Good,Semi-Furnished,0,0,467307.43
2588.4,2,2,3,3.2,12.04,8.23,0.79,1,3642.3,Villa,Good,Furnished,0,1,1029346.69
2685.6,5,4,1,31.2,15.15,7.01,3.65,4,7122.3,Villa,Premium,Semi-Furnished,0,1,1279295.6
2750.0,5,4,1,9.0,3.03,7.55,6.43,3,4195.9,Independent House,Premium,Semi-Furnished,0,1,1151840.88
1368.2,2,2,3,39.5,0.74,6.12,0.85,2,1703.9,Townhouse,Good,Furnished,0,1,579137.09
1403.7,4,4,11,19.8,13.72,6.73,1.94,2,678.6,Apartment,Premium,Unfurnished,0,0,699110.4
1633.6,4,3,2,34.4,10.24,5.16,2.44,2,2620.8,Independent House,Average,Semi-Furnished,1,0,474570.98
3193.7,5,4,1,4.5,2.75,5.99,0.99,1,6038.3,Independent House,Premium,Furnished,1,0,1385221.38
3268.3,5,5,7,23.1,14.41,6.66,1.42,1,1728.6,Apartment,Poor,Semi-Furnished,0,0,650575.96
999.3,1,1,2,23.6,2.69,4.43,3.46,0,2256.5,Townhouse,Good,Semi-Furnished,1,1,396976.51
703.1,2,1,2,30.0,9.62,10.0,3.14,1,1807.4,Townhouse,Poor,Furnished,1,0,253072.0
2347.0,4,4,1,,13.92,5.68,3.61,2,5691.3,Independent House,Good,Unfurnished,0,1,839090.4
2897.0,5,4,1,9.4,17.64,7.0,2.16,2,6515.2,Independent House,Average,Furnished,1,0,837892.05
4204.0,7,5,2,30.6,6.76,4.89,5.42,1,9022.1,Independent House,Poor,Semi-Furnished,1,1,1161462.38
2519.4,4,2,2,3.7,16.82,2.32,2.57,2,6084.7,Independent House,Good,Semi-Furnished,0,1,780655.29
2431.6,5,4,13,6.8,7.52,9.18,4.44,1,949.0,Apartment,Good,Unfurnished,0,0,583653.28
2717.1,4,3,10,22.7,4.05,6.78,3.02,2,1390.7,Apartment,Average,Semi-Furnished,0,0,604105.1
2503.1,4,4,1,10.4,5.27,3.55,3.19,1,800.8,Apartment,Good,Unfurnished,1,0,618908.59
2675.6,4,3,2,11.8,6.03,5.21,5.53,2,6048.8,Independent House,Average,Unfurnished,1,1,789864.16
963.0,1,1,1,1.4,0.3,9.7,1.84,0,2130.5,Townhouse,Average,Semi-Furnished,1,0,440864.71
1644.2,4,3,3,37.5,15.05,7.4,3.64,2,2679.9,Townhouse,Average,Unfurnished,1,1,410161.23
1534.7,2,2,14,11.0,11.74,2.96,1.84,0,852.7,Apartment,Good,Semi-Furnished,0,0,417140.48
1297.5,3,3,10,21.7,5.33,5.96,1.65,1,677.3,Apartment,Good,Unfurnished,1,0,485489.04
1623.8,2,1,2,31.2,12.42,6.43,4.63,1,3111.7,Townhouse,Good,Unfurnished,1,1,598261.71
2613.2,3,3,5,11.5,2.64,7.46,1.85,1,743.8,Apartment,Good,Unfurnished,1,0,712917.62
984.6,2,1,11,2.0,12.81,6.69,1.99,2,517.9,Apartment,Good,Semi-Furnished,1,0,413953.95
2584.9,4,3,1,21.9,14.57,4.19,1.34,2,3782.1,Independent House,Good,Unfurnished,1,1,786556.22
1545.3,3,2,13,38.2,2.21,5.78,3.87,2,755.2,Apartment,Premium,Unfurnished,0,0,583209.59
943.8,2,2,2,24.9,15.86,5.38,3.25,1,388.3,Apartment,Average,Semi-Furnished,1,0,267997.33
1049.8,2,2,1,19.1,7.59,7.79,1.97,1,2083.4,Townhouse,Average,Semi-Furnished,1,1,406963.86
904.4,2,1,1,24.8,7.62,5.91,2.27,1,1555.5,Independent House,Average,Semi-Furnished,0,0,306966.79
1659.1,2,2,1,27.2,2.23,5.9,0.54,0,606.7,Apartment,Good,Unfurnished,1,0,475523.69
1799.6,3,1,2,13.7,17.91,6.32,1.67,3,2309.0,Independent House,Average,Furnished,0,0,526476.8
1574.7,2,2,1,38.7,18.01,5.45,1.02,1,3822.0,Villa,Average,Semi-Furnished,1,0,562040.12
840.4,1,1,1,16.6,24.41,8.89,3.18,0,1419.7,Independent House,Premium,Semi-Furnished,0,1,601074.96
1978.8,4,3,1,28.4,19.3,,2.92,1,2704.1,Townhouse,Premium,Unfurnished,1,0,770907.78
1718.0,4,3,2,6.4,10.16,8.4,6.79,0,,Independent House,Average,Unfurnished,1,1,489897.75
1222.7,3,3,1,14.2,11.17,,2.57,1,2798.5,Townhouse,Average,Semi-Furnished,1,1,426326.5
902.5,3,3,10,7.9,0.79,7.21,0.91,2,730.0,Apartment,Average,Unfurnished,0,0,302258.34
1492.7,3,2,1,20.3,0.6,7.84,4.11,0,3196.7,Townhouse,Average,Semi-Furnished,0,0,463220.77
1648.3,3,3,12,5.9,8.05,5.21,4.45,2,1110.6,Apartment,Good,Unfurnished,0,1,534573.97
1177.9,3,3,5,25.0,7.83,5.0,1.91,1,,Apartment,Good,Unfurnished,1,0,391577.76
821.3,1,1,14,21.5,3.88,5.26,4.24,0,309.5,Apartment,Poor,Unfurnished,0,0,70000.0
1320.4,1,2,15,12.8,8.3,4.58,2.26,0,402.7,Apartment,Average,Unfurnished,1,1,336641.38
2099.0,3,2,4,26.5,4.56,8.22,1.87,0,959.6,Apartment,Poor,Semi-Furnished,1,0,464414.65
1678.1,4,2,1,6.4,18.09,8.08,1.46,2,,Townhouse,Average,Unfurnished,0,0,465866.91
2292.4,3,3,1,24.9,9.45,6.23,2.61,0,5890.1,Villa,Average,Semi-Furnished,1,0,800492.0
1180.0,2,2,5,7.1,5.06,6.61,2.86,2,150.0,Apartment,Good,Unfurnished,0,0,480352.01
1271.8,3,2,1,9.0,18.07,5.71,3.39,0,2132.4,Independent House,Average,Semi-Furnished,1,1,496819.5
1119.8,2,1,3,31.2,2.61,10.0,4.6,1,1934.1,Townhouse,Premium,Furnished,1,1,761508.99
673.2,1,2,11,31.6,31.49,6.07,4.48,0,210.4,Apartment,Poor,Furnished,0,0,70000.0
2222.1,4,3,15,20.2,10.45,5.93,7.95,2,1378.6,Apartment,Good,Semi-Furnished,0,0,526561.53
1643.1,2,3,2,55.7,7.91,6.51,3.03,0,569.9,Apartment,Poor,Semi-Furnished,1,0,282651.58
1400.7,4,3,9,41.1,1.71,4.79,0.37,3,598.1,Apartment,Average,Semi-Furnished,1,0,363776.12
1531.8,3,2,5,12.7,8.74,7.09,5.06,3,288.1,Apartment,Premium,Furnished,0,0,626750.53
1560.4,2,1,4,6.9,7.36,8.77,1.1,0,684.9,Apartment,Good,Semi-Furnished,0,0,468985.92
1212.0,3,3,3,24.9,13.72,6.45,1.84,0,1917.8,Townhouse,Average,Unfurnished,1,0,385748.95
1180.2,2,2,3,17.1,7.85,7.86,1.76,1,517.0,Apartment,Average,Semi-Furnished,1,0,341835.35
1108.7,1,1,2,22.1,2.72,3.86,2.11,0,150.0,Apartment,Good,Unfurnished,0,0,291293.33
3885.0,6,4,14,23.4,6.97,5.32,4.03,2,2256.9,Apartment,Premium,Semi-Furnished,0,0,1213313.84
2532.6,5,4,3,8.3,4.58,6.84,0.16,2,4542.4,Townhouse,Good,Unfurnished,0,1,872974.71
1451.8,2,2,1,6.5,2.59,4.02,2.48,1,787.4,Apartment,Poor,Unfurnished,0,0,324654.84
2928.5,5,4,2,22.4,20.09,7.18,5.09,2,6937.6,Townhouse,Average,Furnished,1,1,757520.13
2277.3,3,2,10,21.9,1.39,6.25,3.84,0,789.1,Apartment,Average,Semi-Furnished,0,0,504383.13
757.7,1,1,12,4.9,18.46,7.13,2.06,0,416.6,Apartment,Poor,Semi-Furnished,0,0,177835.83
2028.5,3,3,2,9.0,9.07,6.36,6.68,2,2478.2,Villa,Good,Furnished,1,0,864173.41
1343.8,1,1,8,6.5,14.61,6.46,4.4,0,696.3,Apartment,Good,Furnished,0,0,426188.74
1749.2,2,2,12,15.6,21.27,2.92,0.91,1,803.5,Apartment,Poor,Semi-Furnished,0,0,321256.06
1231.5,3,3,6,14.1,5.12,5.12,2.62,0,401.0,Apartment,Good,Furnished,0,1,442151.86
2137.2,3,2,1,2.9,9.47,7.44,2.33,2,,Villa,Good,Semi-Furnished,0,1,930296.72
1522.5,3,3,1,15.7,5.54,4.65,0.24,1,3031.3,Independent House,Good,Unfurnished,1,0,583578.97
2871.0,5,4,1,18.2,7.4,5.28,1.9,2,3843.4,Independent House,Average,Furnished,0,1,908278.57
1214.9,1,2,1,18.9,13.87,6.07,1.11,1,1516.0,Villa,Average,Semi-Furnished,1,1,653438.86
1130.7,1,1,1,6.6,8.38,6.2,2.34,0,567.4,Apartment,Poor,Furnished,1,0,289715.24
1026.9,2,2,3,14.5,9.36,7.74,3.3,2,1439.1,Villa,Average,Unfurnished,1,1,521222.2
878.0,1,1,7,34.0,3.68,7.03,2.08,1,,Apartment,Average,Unfurnished,0,0,292540.79
2111.3,4,3,3,9.1,8.03,5.74,4.14,3,3870.1,Independent House,Average,Unfurnished,1,0,698915.96
1900.2,4,3,2,32.8,5.98,4.21,2.74,1,4952.4,Townhouse,Average,Semi-Furnished,1,1,537660.13
1186.2,1,1,7,10.5,8.86,10.0,4.54,1,344.8,Apartment,Average,Furnished,0,0,339041.15
3571.4,5,5,3,28.8,3.41,6.75,3.1,0,9168.2,Villa,Premium,Semi-Furnished,1,1,1518819.25
2389.4,4,3,7,21.7,5.16,8.02,1.44,1,876.0,Apartment,Good,Unfurnished,0,0,652543.04
2163.7,3,3,3,15.2,10.6,3.24,1.36,0,5129.7,Villa,Average,Semi-Furnished,1,1,844235.43
1503.1,2,1,5,19.4,13.29,6.16,4.26,0,514.2,Apartment,Premium,Unfurnished,0,0,533528.19
1528.1,2,3,3,1.8,9.86,6.11,0.26,2,3043.7,Independent House,Average,Semi-Furnished,0,1,555328.82
2898.4,5,3,2,26.8,6.85,6.03,3.46,1,3838.5,Villa,Average,Semi-Furnished,0,1,874323.76
819.4,2,2,14,5.7,4.91,7.83,4.62,1,409.7,Apartment,Good,Unfurnished,1,0,355900.59
4735.7,7,4,3,36.0,1.28,6.32,2.6,3,8813.3,Villa,Average,Semi-Furnished,0,1,1491181.99
2663.3,4,4,3,19.8,20.54,6.08,0.5,1,6499.9,Townhouse,Average,Semi-Furnished,0,1,681637.9
1116.9,3,3,1,6.6,17.52,6.68,2.5,3,1332.1,Independent House,Average,Unfurnished,1,0,439667.19
971.4,1,1,5,26.9,22.6,6.74,2.88,0,167.9,Apartment,Average,Semi-Furnished,1,0,183719.64
1969.3,2,2,3,16.1,22.16,4.94,6.6,2,4470.3,Townhouse,Good,Semi-Furnished,1,0,541834.04
1603.3,2,1,3,22.9,10.95,8.14,4.87,2,3550.4,Independent House,Average,Semi-Furnished,1,1,482498.78
2074.1,4,3,2,14.0,36.2,5.86,2.68,0,4767.4,Townhouse,Average,Unfurnished,0,1,519878.28
1163.4,3,2,11,24.8,7.55,6.55,1.65,0,402.2,Apartment,Average,Unfurnished,0,0,282276.32
2567.0,5,4,4,9.3,9.48,8.87,4.45,3,919.0,Apartment,Average,Furnished,0,0,670088.81
1854.5,3,3,2,11.6,5.03,10.0,2.91,1,4804.1,Independent House,Average,Unfurnished,1,0,656790.97
3739.5,6,5,11,21.6,2.48,7.38,3.41,3,1678.1,Apartment,Good,Furnished,1,0,1041572.03
2380.3,5,4,1,36.3,5.9,4.17,0.25,2,3963.5,Independent House,Good,Semi-Furnished,1,1,833791.73
1263.8,2,2,1,15.2,5.6,6.28,2.76,1,2662.1,Villa,Average,Semi-Furnished,0,1,691291.14
3250.0,5,4,10,25.5,14.64,9.19,0.98,1,1217.2,Apartment,Good,Furnished,1,0,913887.63
2146.4,5,3,5,24.1,10.16,6.37,3.52,3,554.2,Apartment,Poor,Semi-Furnished,0,0,457646.36
2167.9,4,3,2,34.8,12.28,7.91,7.17,2,4227.5,Independent House,Average,Unfurnished,1,1,575493.07
1775.2,3,4,10,7.4,10.97,7.89,2.5,1,812.1,Apartment,Average,Unfurnished,1,0,436887.89
1001.4,2,2,2,19.1,11.21,5.68,4.32,0,1141.9,Townhouse,Average,Semi-Furnished,1,1,345668.14
866.1,1,1,1,17.9,5.17,9.44,2.06,0,1021.1,Independent House,Good,Semi-Furnished,1,1,491359.56
1621.3,2,3,1,19.1,10.73,7.32,2.4,1,3080.9,Townhouse,Premium,Furnished,1,0,776480.1
2414.3,3,3,7,10.3,15.34,6.66,2.71,2,1092.0,Apartment,Average,Semi-Furnished,0,0,518058.98
2182.1,4,3,2,15.4,19.77,6.46,6.02,2,3325.6,Independent House,Average,Semi-Furnished,0,1,600193.56
3382.5,5,4,1,28.6,17.38,5.0,1.64,1,5683.6,Townhouse,Good,Unfurnished,1,1,1050273.83
2356.6,4,3,1,7.7,13.62,5.56,2.04,2,994.3,Apartment,Average,Unfurnished,1,0,634412.56
1664.3,3,1,2,21.5,10.03,5.22,3.34,1,3685.9,Townhouse,Average,Furnished,1,1,570011.61
3038.3,4,4,3,13.2,6.3,10.0,1.57,1,5386.3,Independent House,Premium,Unfurnished,0,0,1272536.67
3502.9,6,3,2,18.4,11.19,8.2,3.62,3,4623.1,Independent House,Good,Furnished,1,1,1169969.71
1595.4,1,2,2,12.8,23.26,5.24,2.03,0,,Townhouse,Premium,Unfurnished,0,0,612512.2
1236.8,2,2,9,28.6,7.1,9.37,2.97,0,455.7,Apartment,Average,Semi-Furnished,0,0,339888.53
1435.2,1,2,5,6.7,26.87,8.68,6.85,0,650.0,Apartment,Poor,Unfurnished,0,0,109886.07
491.3,1,1,11,18.5,11.53,5.77,2.1,0,150.0,Apartment,Average,Furnished,0,0,221057.97
1522.1,3,3,9,30.2,20.44,7.47,2.58,2,347.1,Apartment,Premium,Unfurnished,1,0,635377.74
3014.6,6,4,2,19.3,5.53,5.71,1.31,2,7755.2,Villa,Average,Semi-Furnished,0,1,1038444.96
1437.7,1,1,10,8.7,5.0,8.19,1.19,0,628.2,Apartment,Poor,Furnished,1,0,373032.93
2135.9,3,3,3,8.5,2.74,7.41,4.96,2,4622.3,Independent House,Poor,Semi-Furnished,1,1,619566.44
1328.5,1,2,10,18.3,23.09,6.09,3.71,1,497.7,Apartment,Good,Unfurnished,0,0,316440.66
584.8,1,1,13,,11.49,4.91,1.14,0,376.5,Apartment,Good,Furnished,0,0,300184.91
2720.0,4,2,15,22.1,15.2,6.61,6.03,3,1471.5,Apartment,Good,Semi-Furnished,1,1,688838.28
1159.3,3,2,11,5.0,9.48,7.41,2.88,0,150.0,Apartment,Poor,Unfurnished,0,0,303754.28
1425.7,1,1,1,6.8,10.11,8.59,2.87,1,2060.0,Independent House,Good,Semi-Furnished,1,1,656684.33
3940.2,7,5,2,40.3,2.34,7.61,4.14,3,4992.3,Villa,Average,Furnished,0,0,1245774.48
2787.5,4,3,1,35.9,11.64,8.04,2.12,2,4616.2,Independent House,Average,Semi-Furnished,1,0,763163.28
1517.4,2,3,10,11.7,16.4,5.61,2.29,1,776.7,Apartment,Average,Semi-Furnished,1,0,369499.06
2552.9,4,3,2,31.5,1.07,3.83,1.76,2,3098.6,Independent House,Average,Semi-Furnished,1,0,763671.53
833.0,2,2,4,8.8,6.36,4.25,1.95,1,642.2,Apartment,Average,Semi-Furnished,0,0,226204.99
2153.1,3,2,2,22.2,4.54,6.28,3.91,2,2681.0,Villa,Premium,Unfurnished,1,1,1039404.77
2842.2,4,4,2,33.0,13.44,5.58,4.1,0,6223.4,Townhouse,Average,Semi-Furnished,1,1,753794.48
1018.1,2,1,6,9.8,12.92,6.52,2.6,0,576.3,Apartment,Average,Semi-Furnished,0,0,262620.14
889.6,1,1,10,5.0,15.14,7.76,2.22,1,348.1,Apartment,Good,Unfurnished,1,0,325989.39
1398.4,3,2,14,17.0,9.59,7.61,0.95,0,606.0,Apartment,Good,Unfurnished,1,0,442621.48
1412.3,3,3,14,9.5,1.44,3.3,4.53,0,379.5,Apartment,Poor,Furnished,1,0,263680.08
2923.7,5,4,2,10.0,11.13,10.0,2.7,3,6523.5,Villa,Good,Unfurnished,1,1,1195491.11
1035.9,2,1,3,6.8,2.47,7.27,5.55,1,1405.4,Independent House,Average,Unfurnished,0,0,344912.77
763.5,2,1,1,1.2,12.75,7.12,2.17,1,1057.6,Villa,Average,Unfurnished,1,0,481080.86
1992.2,3,3,14,10.7,2.56,6.48,4.72,2,772.6,Apartment,Good,Unfurnished,1,0,474605.93
1047.0,3,2,1,11.5,3.71,6.29,0.84,2,1146.7,Townhouse,Good,Furnished,1,1,607616.11
1047.2,1,1,1,8.8,19.02,8.3,3.5,0,595.5,Apartment,Average,Semi-Furnished,0,0,285634.44
659.6,1,2,2,6.6,8.14,5.29,1.98,0,1169.6,Townhouse,Average,Semi-Furnished,1,1,360410.17
2079.1,4,1,1,27.1,8.36,7.14,1.82,3,968.7,Apartment,Average,Furnished,0,0,532715.03
1567.5,2,2,11,19.4,3.61,8.9,3.55,0,1007.4,Apartment,Average,Semi-Furnished,0,0,380035.84
1879.6,3,2,1,5.3,17.66,6.98,4.08,1,4083.3,Townhouse,Premium,Furnished,1,1,970551.65
1536.9,2,2,8,17.6,11.6,7.44,3.64,0,659.4,Apartment,Average,Furnished,0,0,362527.76
694.5,3,3,2,8.0,10.98,4.66,1.7,1,1123.9,Townhouse,Good,Semi-Furnished,1,1,517154.14
1221.8,3,3,3,25.7,3.1,7.9,1.5,1,2960.4,Independent House,Average,Semi-Furnished,0,0,473276.96
1119.2,3,3,2,8.9,9.55,7.24,1.43,2,410.8,Apartment,Good,Semi-Furnished,1,1,577794.51
1626.5,3,3,2,28.8,40.1,6.55,1.95,3,3149.1,Villa,Poor,Furnished,1,1,579214.8
1472.2,3,3,2,27.6,4.93,7.75,1.07,1,,Townhouse,Average,Unfurnished,1,0,426701.27
2049.3,3,3,3,20.8,18.64,5.04,2.37,0,2520.0,Independent House,Poor,Semi-Furnished,1,0,412809.89
2820.2,5,5,3,8.7,0.84,9.31,4.31,4,3856.2,Independent House,Poor,Semi-Furnished,0,1,836574.46
992.4,1,1,3,12.7,14.86,10.0,4.36,0,1667.4,Independent House,Premium,Semi-Furnished,1,0,696871.71
1841.2,4,3,1,13.9,11.99,5.83,3.31,2,4565.0,Independent House,Good,Furnished,1,1,737245.78
2491.7,4,3,1,16.4,7.5,8.4,1.61,2,2927.5,Independent House,Good,Semi-Furnished,1,0,800065.44
1253.6,2,2,3,30.3,11.52,6.49,5.99,0,2690.5,Independent House,Average,Unfurnished,1,0,356746.0
1247.7,2,2,8,11.8,11.73,4.92,2.43,0,434.6,Apartment,Good,Semi-Furnished,1,0,476615.38
1645.9,3,2,3,25.3,11.66,8.58,1.81,3,594.0,Apartment,Good,Furnished,0,0,600082.75
1856.7,3,3,2,6.1,6.47,6.29,3.0,1,2888.3,Independent House,Good,Semi-Furnished,1,1,613701.25
1795.9,3,1,3,9.4,5.86,7.59,2.2,2,733.2,Apartment,Good,Furnished,0,0,598434.91
1407.9,2,2,1,8.1,4.42,9.47,,1,659.2,Apartment,Good,Furnished,0,0,560982.33
1186.9,3,2,9,25.6,2.07,7.47,0.58,2,648.7,Apartment,Average,Furnished,0,0,318106.51
1008.3,3,2,3,33.8,8.28,7.0,2.9,2,2193.7,Townhouse,Premium,Unfurnished,0,0,574186.42
1501.0,3,3,12,10.4,16.95,5.31,4.39,2,462.8,Apartment,Poor,Semi-Furnished,0,1,379750.45
1927.2,5,4,1,8.5,5.63,5.31,4.02,2,4908.1,Independent House,Average,Furnished,1,0,722750.31
1217.9,3,4,1,13.0,3.11,6.5,0.93,4,1988.1,Independent House,Premium,Furnished,1,0,916646.73
2359.8,5,3,3,7.7,4.52,6.15,6.3,2,5996.7,Independent House,Average,Unfurnished,1,1,697066.97
2304.5,4,3,12,10.7,9.35,7.69,3.34,1,420.8,Apartment,Average,Unfurnished,1,0,582156.93
1250.5,1,1,3,13.1,9.34,5.12,1.41,1,2394.0,Townhouse,Average,Unfurnished,1,1,398760.93
1215.5,2,2,3,13.1,4.1,5.58,1.94,1,1416.5,Townhouse,Average,Furnished,1,0,431280.83
1197.0,2,1,2,4.2,8.41,6.48,3.98,0,1658.5,Townhouse,Premium,Furnished,1,0,655738.22
913.1,1,1,2,10.3,7.37,6.84,1.68,0,1316.4,Independent House,Good,Semi-Furnished,0,1,472132.01
3139.9,3,2,12,38.9,12.69,6.78,0.78,1,1182.1,Apartment,Average,Unfurnished,0,0,618362.33
1844.8,4,2,2,4.9,21.8,,1.76,2,3653.5,Villa,Premium,Unfurnished,1,1,1002610.97
943.4,1,1,2,16.3,5.48,5.56,2.48,0,434.7,Apartment,Good,Furnished,1,0,409969.93
1151.3,3,2,2,15.3,4.79,7.54,0.57,1,1317.7,Independent House,Premium,Unfurnished,0,1,659751.41
1401.9,4,3,1,45.9,9.25,8.41,1.79,2,2784.2,Townhouse,Average,Unfurnished,1,1,496142.07
1010.4,1,2,4,15.8,10.68,7.15,3.11,0,219.5,Apartment,Average,Unfurnished,0,0,151009.31
3380.7,6,4,3,37.0,13.18,5.86,0.19,3,6526.2,Independent House,Poor,Furnished,1,0,880128.45
800.8,1,2,5,15.5,1.72,3.92,1.55,1,390.9,Apartment,Poor,Semi-Furnished,0,0,199008.75
968.4,2,1,1,10.0,30.37,9.11,3.47,0,2037.5,Independent House,Good,Unfurnished,1,1,495661.35
2080.3,3,2,3,16.1,6.76,6.45,1.26,2,2649.8,Townhouse,Poor,Unfurnished,1,0,525612.79
1293.4,2,2,4,5.9,5.04,8.62,2.85,2,616.2,Apartment,Average,Furnished,0,0,451154.18
1232.1,3,2,3,17.0,3.11,9.08,3.25,2,520.3,Apartment,Good,Semi-Furnished,0,0,468590.76
2337.7,4,2,1,10.7,5.71,7.87,4.01,0,4280.8,Independent House,Poor,Semi-Furnished,1,0,636329.42
1433.0,1,1,2,10.1,2.01,8.08,1.33,1,652.4,Apartment,Average,Unfurnished,0,0,347239.2
1812.0,4,2,1,26.9,18.52,7.97,3.69,1,2333.9,Independent House,Good,Unfurnished,0,0,576165.07
1024.0,1,1,2,12.2,7.5,6.38,1.54,0,2154.5,Independent House,Premium,Furnished,1,1,745396.84
917.1,2,1,1,3.1,4.82,5.03,0.6,1,2435.2,Independent House,Average,Furnished,1,0,457187.77
1008.2,2,2,8,19.9,16.14,7.86,0.82,1,377.2,Apartment,Premium,Semi-Furnished,0,0,503657.63
1172.0,2,2,3,22.6,7.11,4.48,0.77,1,2635.5,Independent House,Good,Furnished,1,0,503362.89
2494.1,6,5,3,49.8,4.8,6.13,2.51,3,4655.6,Villa,Good,Semi-Furnished,0,1,937610.03
635.6,2,3,13,17.0,24.55,5.77,4.19,1,438.1,Apartment,Average,Furnished,1,0,237168.13
1121.3,2,2,11,11.5,5.9,7.53,3.0,1,573.4,Apartment,Good,Unfurnished,1,0,399800.54
1258.1,3,2,9,20.1,1.09,7.04,5.97,2,680.2,Apartment,Good,Unfurnished,0,0,366308.59
1330.7,2,3,6,6.2,8.38,5.77,2.2,2,687.6,Apartment,Average,Furnished,0,0,438790.51
2185.1,4,2,3,10.1,7.58,6.09,4.15,2,3662.0,Independent House,Premium,Furnished,0,0,972325.8
1438.5,3,1,3,21.4,4.93,9.54,3.66,1,2047.4,Townhouse,Premium,Semi-Furnished,1,1,788230.07
1246.6,2,3,3,12.8,4.31,5.56,3.25,1,1723.3,Townhouse,Average,Semi-Furnished,1,1,442666.39
2281.9,4,3,5,3.8,8.93,6.43,4.5,2,1154.4,Apartment,Good,Furnished,1,0,681809.03
1182.8,2,1,5,12.1,5.99,7.54,4.12,1,413.5,Apartment,Average,Semi-Furnished,0,0,249567.84
2455.6,3,2,7,16.0,6.74,6.8,0.41,1,1195.9,Apartment,Good,Unfurnished,0,0,648499.41
1612.1,3,3,3,12.4,10.34,7.58,1.72,1,3608.0,Independent House,Good,Semi-Furnished,1,1,686009.55
1835.4,3,2,2,4.2,6.45,8.29,1.47,2,3477.1,Independent House,Poor,,1,0,554447.88
1276.4,2,1,14,1.8,5.19,8.79,4.02,1,422.0,Apartment,Poor,Semi-Furnished,0,0,288404.16
2036.5,3,4,1,23.9,13.34,6.77,2.58,1,4122.8,Independent House,Average,Furnished,1,1,698894.61
1134.3,1,2,2,22.3,5.98,7.29,3.25,1,498.8,Apartment,Premium,Semi-Furnished,1,1,571395.88
1408.7,2,2,9,9.3,4.93,7.0,1.33,1,811.3,Apartment,Average,Unfurnished,1,0,375204.65
2573.5,5,4,14,9.0,2.52,5.4,3.32,3,1128.6,Apartment,Premium,Unfurnished,0,1,958809.0
3460.4,6,5,3,11.6,3.96,6.98,2.03,2,4607.7,Villa,Average,Furnished,0,1,1247345.82
2879.2,5,3,1,24.7,2.95,4.31,0.81,2,7288.8,Independent House,Average,Unfurnished,0,1,786549.76
1051.8,1,1,3,16.1,2.34,7.24,3.39,0,2057.3,Independent House,Premium,Furnished,0,1,773562.04
824.2,1,1,11,32.1,4.36,3.61,3.01,0,433.2,Apartment,Good,Unfurnished,0,0,262024.14
1482.6,3,2,7,15.8,10.57,5.27,5.27,1,582.1,Apartment,Average,Semi-Furnished,0,0,317574.04
2554.4,4,4,2,8.0,8.14,7.94,0.63,2,5854.4,Independent House,Poor,Furnished,0,0,809653.47
1087.9,1,1,8,9.6,6.35,7.37,2.46,1,438.6,Apartment,Poor,Semi-Furnished,0,0,243663.7
1661.8,3,3,3,20.4,11.48,6.68,1.73,0,3157.8,Villa,Average,Furnished,1,1,682616.68
3318.5,5,4,2,36.9,5.27,6.05,1.1,2,7002.8,Independent House,Average,Unfurnished,1,1,968912.86
2200.8,3,3,2,16.6,10.04,5.45,1.59,1,4567.4,Townhouse,Good,Semi-Furnished,0,1,716199.04
2881.9,4,3,3,27.4,12.98,5.87,3.5,3,5371.4,Independent House,Average,Semi-Furnished,0,1,725529.78
1850.5,3,3,3,18.9,1.12,7.69,4.89,1,3116.0,Villa,Poor,Furnished,1,1,690683.41
1326.3,2,2,1,17.7,8.07,6.33,2.31,1,1667.7,Townhouse,Average,Unfurnished,0,0,421680.23
2752.9,5,3,1,39.5,11.05,3.68,1.67,1,6737.0,Independent House,Average,Unfurnished,0,0,701747.84
1994.8,3,1,3,6.9,10.51,4.91,4.91,1,2452.3,Villa,Premium,Semi-Furnished,0,1,1032893.81
1046.8,3,3,8,11.7,8.41,5.52,4.13,0,757.4,Apartment,Average,Furnished,0,0,320043.2
1259.3,2,2,2,10.3,5.5,6.32,1.92,1,2317.5,Independent House,Poor,Furnished,1,0,397330.35
1091.5,2,1,12,14.4,6.97,6.27,1.45,0,358.8,Apartment,Good,Furnished,1,0,456773.58
2668.8,5,3,2,4.8,19.34,5.17,2.72,1,6001.4,Independent House,Premium,Semi-Furnished,1,0,1135684.24
980.2,1,1,2,14.0,1.47,7.59,2.24,1,1466.5,Independent House,Good,Semi-Furnished,0,1,509314.25
2406.8,5,4,3,9.1,4.55,3.83,2.71,1,4963.3,Independent House,Good,,1,1,851552.84
1225.5,1,1,3,9.5,8.12,5.62,1.24,0,2322.4,Townhouse,Premium,Furnished,1,1,727343.61
1691.8,2,1,3,28.9,2.39,7.84,3.89,1,4017.9,Independent House,Good,Furnished,1,0,637845.21
1272.4,1,2,15,8.3,6.61,7.48,2.59,3,427.5,Apartment,Premium,Furnished,0,0,655145.71
1233.2,2,2,6,46.2,13.47,6.31,7.07,1,692.9,Apartment,Poor,Furnished,1,0,214417.72
1199.3,2,1,11,16.2,11.98,8.06,0.69,1,733.9,Apartment,Good,Unfurnished,0,0,433087.06
1369.1,3,3,3,2.3,8.01,7.08,4.11,1,2892.5,Townhouse,Good,Unfurnished,0,1,604524.78
1297.9,2,2,2,27.4,9.15,6.8,3.85,0,2293.2,Townhouse,Premium,Furnished,1,0,708217.28
2355.2,3,3,2,1.7,0.55,7.57,3.56,1,1217.2,Apartment,Average,Semi-Furnished,1,0,616114.97
1867.5,2,2,3,,3.14,7.29,0.72,1,4730.4,Independent House,Good,Unfurnished,0,0,771651.39
1283.3,1,1,6,18.5,4.97,8.63,3.31,1,400.3,Apartment,Average,Semi-Furnished,1,0,299329.95
1258.6,2,1,2,12.4,6.21,6.3,3.08,1,1624.2,Townhouse,Good,Semi-Furnished,1,1,499923.34
1140.0,3,3,8,22.2,13.89,6.35,3.18,1,531.1,Apartment,Average,Furnished,0,0,329407.28
1033.6,1,2,4,9.6,25.43,6.99,1.49,0,376.3,Apartment,Good,Furnished,0,0,450605.0
2548.6,5,4,3,9.5,6.88,6.73,2.2,1,4448.2,Independent House,Good,Unfurnished,1,1,903712.41
1202.3,1,1,2,10.7,6.67,9.39,4.54,0,1321.6,Townhouse,Average,Semi-Furnished,1,0,439727.76
526.7,1,2,4,19.2,7.95,7.46,6.71,2,150.0,Apartment,Average,Unfurnished,0,0,74012.82
2282.7,3,2,2,22.6,4.25,5.65,2.63,1,4082.7,Villa,Average,Furnished,0,1,842133.72
1643.4,4,3,2,6.1,20.98,4.54,0.61,2,3265.0,Independent House,Good,Unfurnished,1,1,699293.31
1444.9,3,2,3,29.8,3.82,8.98,1.36,2,3311.6,Independent House,Good,Semi-Furnished,1,0,683098.28
2710.0,3,3,1,44.7,3.97,,0.33,1,3484.6,Independent House,Good,Semi-Furnished,0,0,804392.77
706.7,2,1,1,14.1,5.2,7.18,1.37,2,855.6,Villa,Average,Semi-Furnished,1,1,510712.14
2623.1,6,4,8,17.1,23.03,6.67,3.62,2,1071.9,Apartment,Good,,0,0,633607.17
2877.9,4,3,3,9.1,10.97,7.87,2.61,0,3931.0,Independent House,Good,Semi-Furnished,1,1,951143.39
1419.5,2,2,3,26.7,7.89,5.9,5.36,1,1878.2,Independent House,Poor,Semi-Furnished,1,1,465746.03
1119.6,3,2,8,1.8,6.35,6.87,0.61,2,171.5,Apartment,Average,Unfurnished,1,1,381582.74
1672.2,4,4,14,35.3,7.49,5.91,3.9,1,861.7,Apartment,Average,Semi-Furnished,0,0,485352.69
1691.2,3,2,10,32.9,3.2,10.0,1.18,1,407.1,Apartment,Average,Semi-Furnished,0,0,430432.39
1416.1,1,1,2,5.7,0.97,5.61,5.36,1,2713.6,Independent House,Poor,Unfurnished,1,0,426800.48
937.1,2,2,2,8.2,14.8,7.51,5.48,2,1756.7,Independent House,Average,Semi-Furnished,1,1,513777.01
4490.0,7,5,1,12.7,2.65,10.0,2.63,3,10725.8,Independent House,Poor,Unfurnished,1,1,1330381.26
2021.6,3,1,10,24.8,20.38,8.29,3.84,1,587.2,Apartment,Poor,Furnished,0,0,431131.37
1445.1,3,3,1,4.4,11.23,6.67,3.54,1,443.0,Apartment,Average,Unfurnished,1,0,381819.22
1776.4,3,2,3,9.9,6.88,6.94,6.02,1,2695.8,Townhouse,Good,Semi-Furnished,0,1,605385.53
2142.0,4,4,1,20.7,10.53,5.52,1.07,2,4113.8,Townhouse,Average,Unfurnished,1,1,653300.04
3040.8,4,4,3,5.3,8.69,9.14,1.96,2,5913.5,Villa,Average,Semi-Furnished,1,0,1017910.74
769.4,2,1,3,13.4,7.59,6.37,3.45,2,1765.6,Independent House,Good,Unfurnished,1,0,402278.73
1922.3,3,2,2,15.1,8.08,6.59,,1,3997.2,Villa,Average,Semi-Furnished,1,0,716206.35
1526.6,3,3,3,6.7,14.94,5.43,3.82,1,2960.7,Independent House,Average,,1,1,530647.99
2081.5,4,3,3,14.6,10.73,6.25,,1,2799.1,Villa,Average,Furnished,1,0,844721.89
2280.8,3,3,1,15.5,7.19,6.79,1.36,1,3711.3,Townhouse,Average,Semi-Furnished,1,1,669555.34
637.9,1,1,11,9.0,13.19,8.28,4.69,1,348.7,Apartment,Good,Furnished,0,0,406620.95
767.7,2,1,3,3.9,22.04,7.09,4.41,1,304.8,Apartment,Average,Semi-Furnished,0,0,117342.38
1016.1,2,1,2,3.6,7.1,8.29,6.09,0,169.2,Apartment,Average,Semi-Furnished,0,0,209355.65
1443.6,3,2,14,19.8,4.57,3.39,1.85,1,430.1,Apartment,Good,Furnished,0,0,488264.08
1919.0,3,2,6,19.7,13.87,8.73,4.48,2,818.8,Apartment,Premium,Unfurnished,0,0,684400.74
4419.5,7,5,3,11.1,7.18,4.75,4.21,3,9023.9,Villa,Average,Semi-Furnished,0,0,1286958.95
1199.7,3,3,2,12.6,16.88,7.82,5.72,0,474.6,Apartment,Average,Semi-Furnished,0,1,333307.22
3157.2,5,4,3,10.0,3.18,2.19,3.88,2,5129.7,Villa,Average,Semi-Furnished,1,1,1061747.15
2490.2,3,2,3,30.5,5.6,6.8,1.61,2,3749.3,Independent House,Good,Unfurnished,1,0,794236.3
2320.1,6,4,3,10.2,26.76,8.07,2.11,2,5065.7,Independent House,Good,Semi-Furnished,0,1,842656.68
1829.2,3,2,2,40.3,5.41,5.48,2.07,1,4586.4,Independent House,Good,Semi-Furnished,1,0,649807.96
1144.0,1,1,13,7.7,17.25,6.75,2.75,1,,Apartment,Average,Semi-Furnished,0,0,331459.39
1181.3,2,1,1,26.8,4.43,8.04,1.9,2,2741.7,Independent House,Average,Unfurnished,1,0,484627.9
841.2,2,2,15,5.3,13.16,7.76,1.1,2,598.4,Apartment,Good,Semi-Furnished,0,0,415455.27
2577.1,5,4,2,17.8,3.74,4.44,2.54,2,3945.3,Villa,Average,Furnished,1,1,1009564.25
1322.4,3,2,9,4.7,14.11,8.15,2.61,1,379.5,Apartment,Premium,Unfurnished,1,0,630334.07
1136.3,2,2,6,9.1,6.48,9.18,1.39,1,438.4,Apartment,Average,Semi-Furnished,0,0,369386.27
2443.2,3,3,1,26.4,5.56,8.46,4.5,2,2717.4,Independent House,Average,Furnished,1,0,599242.08
1698.8,3,2,1,4.9,6.61,4.92,2.04,2,2755.6,Independent House,Average,Furnished,1,1,751608.74
1124.4,1,2,1,34.1,8.16,5.13,1.89,0,1781.0,Townhouse,Average,Unfurnished,1,1,335242.7
1652.3,4,3,1,23.7,9.29,6.81,2.85,1,3027.2,Independent House,Good,Semi-Furnished,1,1,735013.18
1909.8,3,3,15,23.5,2.89,7.55,1.76,1,1027.4,Apartment,Average,Unfurnished,1,0,516729.05
1202.3,2,2,3,23.5,10.05,7.96,1.02,1,2977.8,Independent House,Good,Furnished,0,1,642616.12
1477.3,2,2,12,35.7,2.28,,2.42,1,592.4,Apartment,Good,Semi-Furnished,0,0,404619.31
1321.9,2,2,13,17.8,15.57,,1.95,0,440.1,Apartment,Good,Semi-Furnished,0,1,480583.58
982.9,1,1,5,9.0,10.57,5.51,4.51,0,392.6,Apartment,Good,Unfurnished,0,0,318725.36
1196.2,3,3,8,20.7,10.56,5.24,2.4,2,195.4,Apartment,Premium,Semi-Furnished,1,0,551878.91
699.2,1,1,9,13.5,14.0,7.29,5.17,1,218.2,Apartment,Premium,Unfurnished,0,0,403219.98
1727.8,3,2,2,31.6,10.83,6.59,3.64,0,2821.3,Townhouse,Average,Furnished,1,1,519790.01
762.7,1,1,1,14.0,22.69,7.36,3.75,1,233.3,Apartment,Good,Semi-Furnished,1,0,257565.45
2122.8,3,2,4,24.6,3.79,5.87,3.32,1,1267.9,Apartment,Premium,Semi-Furnished,0,0,719999.14
1587.5,3,3,3,6.8,2.78,7.67,2.32,2,3460.5,Townhouse,Average,Furnished,1,1,593224.39
1064.1,2,1,5,13.2,23.2,5.07,2.94,0,556.7,Apartment,Good,Unfurnished,0,0,299394.57
3008.8,4,3,2,13.5,10.86,6.04,6.56,2,4280.4,Independent House,Average,Unfurnished,1,1,798182.43
1444.1,3,3,3,31.7,11.73,5.1,1.44,2,1772.5,Villa,Good,Semi-Furnished,1,0,721249.16
1205.3,2,1,1,23.3,3.49,7.11,1.25,2,2690.4,Townhouse,Poor,Furnished,1,0,378467.02
1033.1,2,3,2,6.9,11.29,9.33,5.22,2,1819.3,Villa,Good,Unfurnished,1,1,681634.01
2345.1,4,3,1,14.4,7.49,7.23,2.77,1,1044.3,Apartment,Average,Furnished,0,0,550015.69
2971.1,5,4,2,11.1,13.02,6.55,1.65,3,1609.8,Apartment,Good,Semi-Furnished,0,0,793423.69
915.0,1,1,1,23.7,8.48,6.41,3.35,0,,Independent House,Poor,Semi-Furnished,1,0,268050.51
1311.9,2,2,3,25.3,7.46,5.86,2.89,1,1343.5,Independent House,Good,Semi-Furnished,0,0,443789.02
1903.0,3,1,1,29.8,8.56,8.3,3.3,3,3950.0,Independent House,Average,Unfurnished,1,1,606715.39
1089.5,2,1,15,25.1,5.01,7.3,1.47,0,685.3,Apartment,Good,Unfurnished,0,0,343757.19
1823.9,4,3,1,,5.94,4.27,1.06,1,4483.9,Independent House,Average,Semi-Furnished,1,0,580828.09
1287.8,2,1,10,13.5,17.81,8.28,5.76,1,414.4,Apartment,Average,Semi-Furnished,1,0,283586.73
1605.6,2,1,1,26.7,11.48,5.44,,1,757.8,Apartment,Average,Semi-Furnished,0,0,185843.9
903.7,1,1,1,32.9,7.11,5.75,1.25,1,596.9,Apartment,Premium,Furnished,0,0,477495.54
2415.2,3,4,1,5.1,11.41,7.28,4.43,2,4901.9,Villa,Average,Unfurnished,1,1,892642.31
846.7,2,2,12,20.4,10.23,5.83,2.18,0,161.1,Apartment,Good,Semi-Furnished,0,0,347429.0
1554.5,3,3,3,13.8,6.06,9.95,6.6,0,2140.9,Independent House,Poor,Semi-Furnished,1,1,612867.67
891.1,2,1,2,17.0,5.01,6.35,2.96,1,1175.3,Independent House,Good,Unfurnished,1,1,487777.64
1559.2,3,3,1,23.3,5.91,7.62,2.89,1,3033.5,Independent House,Average,,1,1,625373.89
1452.9,2,1,1,14.8,16.03,4.46,3.48,1,3899.9,Independent House,Average,Furnished,1,1,446204.29
2746.7,5,3,3,16.0,7.08,5.81,3.18,2,3726.3,Independent House,Average,Unfurnished,0,0,743033.81
1319.7,3,3,15,6.4,17.51,6.51,0.8,0,461.3,Apartment,Poor,Furnished,0,1,322744.61
1424.4,3,2,5,13.5,5.52,8.15,3.81,1,561.8,Apartment,Average,Unfurnished,0,0,277385.98
1634.5,3,3,3,12.9,4.54,5.14,1.43,1,3459.7,Townhouse,Average,Furnished,0,0,618383.53
553.3,1,1,12,12.5,7.38,8.44,1.91,1,409.1,Apartment,Average,Furnished,0,0,252161.44
584.9,2,1,15,12.3,9.76,6.88,2.76,1,335.1,Apartment,Premium,Unfurnished,0,0,441790.52
1183.5,3,2,8,38.4,8.57,7.17,2.96,1,581.7,Apartment,Average,Semi-Furnished,0,0,335768.56
1520.9,3,2,3,23.1,10.66,5.62,0.32,0,844.6,Apartment,Premium,Furnished,0,0,610064.75
1225.9,3,2,3,5.6,10.89,5.3,3.26,2,818.4,Apartment,Average,Unfurnished,0,0,247635.24
941.2,2,2,5,3.1,12.63,3.54,4.62,0,352.7,Apartment,Poor,Semi-Furnished,0,0,202832.71
2013.6,3,3,3,13.1,3.59,7.13,1.84,1,5399.5,Villa,Average,Semi-Furnished,0,1,790715.4
1179.3,1,1,10,28.4,5.15,7.61,2.49,0,540.2,Apartment,Average,Unfurnished,0,0,271172.48
3089.7,6,5,2,7.0,8.95,6.18,3.5,3,4118.7,Villa,Average,Unfurnished,1,0,1045493.45
3017.9,4,4,3,25.6,6.08,4.4,1.79,2,6489.2,Villa,Good,Unfurnished,1,1,1183651.95
1072.4,3,3,4,8.0,7.44,5.89,0.44,2,508.6,Apartment,Good,Semi-Furnished,0,0,509475.64
1809.7,2,2,2,11.1,8.13,7.24,1.65,0,3517.4,Independent House,Good,Semi-Furnished,0,0,740138.22
2075.3,5,3,1,12.7,6.82,6.97,0.24,3,,Independent House,Average,Semi-Furnished,0,1,660222.96
2208.8,4,3,2,14.8,6.0,7.67,1.07,3,4479.0,Independent House,Average,Unfurnished,1,1,784344.13
2708.6,5,4,8,4.6,4.24,4.35,4.01,0,1493.9,Apartment,Good,Unfurnished,0,0,756321.11
1337.1,4,3,5,5.5,6.99,6.11,1.84,2,317.7,Apartment,Average,Semi-Furnished,0,0,398065.13
2210.5,3,2,11,10.9,5.8,6.55,1.51,0,1279.7,Apartment,Average,Unfurnished,0,0,476394.3
1135.3,2,2,1,3.7,13.52,7.62,5.2,1,2437.2,Independent House,Average,Semi-Furnished,0,1,447541.54
1704.1,2,2,3,10.1,11.74,5.83,2.01,2,3649.2,Villa,Average,Semi-Furnished,1,0,734139.38
753.6,1,1,2,17.1,3.53,7.48,2.61,0,1547.1,Independent House,Good,Semi-Furnished,0,0,383337.56
1969.2,3,2,3,6.6,20.89,5.32,1.9,1,3551.4,Independent House,Poor,Semi-Furnished,0,1,606988.07
2923.7,4,3,3,9.9,5.95,,0.89,2,5105.6,Villa,Average,Furnished,1,0,968587.95
631.8,1,1,2,15.6,2.71,,2.86,0,1426.3,Independent House,Premium,Unfurnished,1,1,566145.27
1464.3,2,2,15,5.0,5.42,6.19,4.49,0,812.8,Apartment,Premium,Furnished,0,1,646123.46
2381.8,4,3,2,17.2,2.35,10.0,3.88,1,4693.9,Independent House,Average,Unfurnished,1,1,777468.4
1702.6,2,1,12,13.6,2.65,6.22,3.95,0,702.1,Apartment,Average,Unfurnished,0,0,333591.28
818.8,1,2,8,7.7,36.56,6.09,3.66,0,438.3,Apartment,Good,Semi-Furnished,0,0,287287.56
2283.0,5,3,3,30.2,13.12,4.63,4.33,4,5305.1,Townhouse,Poor,Unfurnished,0,1,521933.94
2236.2,3,3,2,6.3,3.26,8.14,3.16,1,3219.8,Villa,Average,Semi-Furnished,0,1,872294.66
1734.2,4,3,2,18.0,1.86,5.91,2.25,1,1047.2,Apartment,Poor,Furnished,0,1,434102.52
1565.0,2,1,3,18.4,7.4,6.65,2.6,1,3004.0,Townhouse,Average,Furnished,1,0,480024.94
1587.8,3,3,2,,1.61,,3.68,1,580.9,Apartment,Premium,Semi-Furnished,1,0,733183.39
2155.9,4,3,4,8.0,7.16,7.3,3.44,3,1301.0,Apartment,Good,Furnished,1,0,642294.55
1241.9,3,4,9,20.1,10.26,8.05,5.69,1,405.6,Apartment,Premium,Semi-Furnished,0,0,554713.04
2082.2,4,3,1,24.4,10.8,8.6,1.34,1,3709.3,Independent House,Good,Unfurnished,1,1,727479.24
3123.7,5,4,3,17.4,3.23,6.53,0.71,3,6692.0,Independent House,Good,Furnished,1,1,1139961.8
1279.4,2,2,6,20.1,9.27,5.84,4.57,0,471.6,Apartment,Good,Unfurnished,0,0,349129.55
843.4,1,1,10,10.2,15.63,5.75,4.62,0,570.2,Apartment,Good,Unfurnished,0,0,253807.32
1797.3,4,3,4,27.7,6.11,6.73,2.69,2,903.6,Apartment,Average,Unfurnished,0,0,414940.9
2471.9,4,2,2,3.9,3.1,7.07,1.72,2,965.9,Apartment,Average,Unfurnished,1,0,636928.37
2835.1,5,4,1,16.4,5.89,7.49,0.4,1,5346.3,Townhouse,Average,Unfurnished,1,1,829625.87
2495.3,3,3,3,27.1,3.58,5.47,3.32,0,4167.3,Independent House,Average,Unfurnished,0,1,680495.88
690.4,1,1,2,25.1,43.46,6.89,2.75,1,1557.1,Independent House,Average,Semi-Furnished,0,0,204857.42
1035.9,2,3,8,1.3,13.9,5.22,2.24,1,732.7,Apartment,Average,Semi-Furnished,0,0,269455.25
1290.8,2,2,1,23.5,11.97,6.51,1.18,1,2663.6,Townhouse,Good,Furnished,0,0,538225.12
1378.7,2,1,6,10.0,1.88,8.72,4.78,2,487.7,Apartment,Average,,0,0,386956.77
2749.4,3,2,15,9.8,6.41,6.37,6.56,1,1635.2,Apartment,Average,Unfurnished,0,0,570731.87
1414.9,2,3,2,16.8,5.64,5.42,4.64,1,2421.8,Villa,Average,Semi-Furnished,1,0,673525.48
4739.0,7,5,3,6.2,4.77,7.21,0.79,4,8429.4,Independent House,Average,Unfurnished,1,1,1427911.35
1897.1,3,3,1,18.4,17.0,8.0,3.26,1,4429.8,Villa,Premium,Semi-Furnished,1,1,1101879.75
1614.1,3,2,3,26.3,31.43,5.59,5.09,0,2293.8,Villa,Average,Semi-Furnished,1,1,523794.87
2635.5,2,2,3,32.9,4.78,4.74,5.4,1,5181.5,Independent House,Average,Furnished,1,1,750613.95
3284.1,5,4,3,42.2,1.11,5.52,2.17,3,5958.8,Villa,Poor,Unfurnished,1,1,1009864.47
1777.7,2,2,15,17.2,4.97,6.06,2.09,0,931.5,Apartment,Good,Semi-Furnished,0,0,549731.71
979.4,3,2,1,9.0,16.46,8.9,5.87,3,577.9,Apartment,Good,Semi-Furnished,1,0,411233.93
1670.6,3,3,9,7.2,13.9,4.66,4.25,1,223.0,Apartment,Average,Furnished,0,0,468034.55
876.5,1,2,4,46.9,8.08,4.24,3.72,1,481.3,Apartment,Average,Unfurnished,0,1,175434.36
968.0,2,2,2,11.4,11.89,7.09,3.84,0,461.6,Apartment,Good,Semi-Furnished,0,0,348145.79
1300.1,3,2,15,1.8,6.05,5.67,2.73,2,513.1,Apartment,Premium,Semi-Furnished,1,1,700803.73
1309.6,3,3,3,7.8,4.62,5.26,2.22,2,1776.8,Independent House,Average,Unfurnished,1,1,504447.64
2875.6,4,4,1,9.5,3.89,7.64,3.27,1,6484.7,Independent House,Average,Semi-Furnished,0,1,895199.75
1294.3,1,1,1,23.8,7.78,6.83,1.49,1,2040.9,Townhouse,Poor,Semi-Furnished,1,0,322296.02
1233.3,1,2,11,34.3,5.08,8.16,1.2,0,238.0,Apartment,Poor,Unfurnished,0,0,210328.38
1276.9,3,3,3,25.4,3.33,7.77,2.87,0,2350.8,Independent House,Good,Semi-Furnished,0,1,592342.17
2092.0,5,3,6,20.7,8.89,4.95,4.27,2,1224.1,Apartment,Premium,Semi-Furnished,1,0,737213.35
1022.8,2,1,13,34.8,5.57,4.27,5.56,1,510.3,Apartment,Premium,Furnished,1,0,542378.27
2185.8,3,2,7,24.9,16.86,8.32,2.34,1,530.7,Apartment,Good,Unfurnished,1,0,467988.45
2119.4,5,4,9,30.1,10.15,6.52,4.14,1,1101.0,Apartment,Average,Semi-Furnished,0,0,442606.39
1121.9,2,1,13,9.4,25.48,10.0,0.69,2,562.2,Apartment,Premium,Unfurnished,0,0,603883.12
1871.2,2,1,2,5.7,10.93,8.1,0.84,1,3828.2,Independent House,Average,Semi-Furnished,1,0,596158.45
1514.6,2,2,2,7.0,7.3,8.69,1.25,1,3269.0,Independent House,Average,Semi-Furnished,1,1,658249.98
2324.0,4,3,3,12.9,15.05,5.33,4.74,1,3908.9,Independent House,Good,Semi-Furnished,0,0,745844.67
1246.9,2,1,8,42.8,23.5,6.58,5.99,2,431.2,Apartment,Poor,Semi-Furnished,1,0,138780.38
1550.8,3,2,2,9.9,1.57,7.87,1.14,0,2120.7,Independent House,Good,Unfurnished,1,0,637622.05
1884.2,2,1,1,7.2,15.17,6.58,4.33,0,4136.3,Independent House,Premium,Unfurnished,1,1,846596.17
696.1,1,2,8,56.1,7.76,6.78,6.1,1,360.5,Apartment,Good,,1,0,232027.75
1790.1,2,2,1,17.7,11.07,7.05,4.82,0,3541.4,Independent House,Good,Unfurnished,1,1,644438.86
2167.6,3,3,1,10.7,24.78,5.65,0.71,2,3911.0,Townhouse,Average,Furnished,0,0,589122.1
1748.5,3,3,3,5.1,8.25,5.42,2.02,3,2176.9,Townhouse,Poor,Semi-Furnished,0,1,498620.24
2017.8,4,5,14,4.7,3.13,6.43,2.61,3,575.7,Apartment,Good,Furnished,0,0,679758.3
1408.2,4,3,3,26.8,2.14,6.1,2.59,3,3427.8,Townhouse,Good,Unfurnished,1,0,515724.94
1115.6,1,1,7,2.7,24.26,5.43,3.42,0,666.0,Apartment,Premium,Semi-Furnished,0,0,496488.97
846.2,1,1,5,14.0,10.1,6.52,4.15,1,456.5,Apartment,Poor,Unfurnished,1,0,159346.6
1141.0,1,1,3,33.7,8.27,4.81,4.27,0,150.0,Apartment,Average,Furnished,1,0,235218.52
5086.3,7,5,3,9.8,22.4,7.81,1.73,2,6546.7,Villa,Average,Semi-Furnished,1,1,1558505.01
1519.0,3,3,3,17.7,4.39,7.55,1.3,2,618.7,Apartment,Good,Semi-Furnished,0,0,536126.61
1058.0,2,2,2,8.4,4.41,7.69,4.3,1,404.3,Apartment,Good,Semi-Furnished,1,0,377231.65
886.7,3,2,5,43.8,27.54,5.48,,1,350.9,Apartment,Premium,Unfurnished,0,0,278071.63
944.3,1,1,2,19.2,3.83,5.3,3.04,1,1274.8,Independent House,Average,Semi-Furnished,0,1,415723.26
1164.2,3,3,2,33.0,2.63,8.62,0.75,2,2496.8,Townhouse,Average,Furnished,1,1,542027.58
3064.1,6,5,3,15.1,27.25,6.42,6.72,2,5661.9,Villa,Poor,Unfurnished,1,1,809013.35
1130.9,1,2,6,17.5,14.75,7.53,1.6,1,355.0,Apartment,Average,Furnished,0,0,302360.56
904.7,2,2,8,20.8,7.74,5.03,1.14,2,488.0,Apartment,Average,Furnished,1,0,301893.52
1155.5,1,1,2,12.8,36.42,6.29,2.97,0,2417.8,Townhouse,Good,Furnished,1,1,419772.7
1777.3,4,3,9,24.9,5.4,8.43,0.55,0,1011.8,Apartment,Average,Furnished,0,0,460272.51
1786.0,2,1,2,14.2,12.62,6.89,3.41,0,4083.4,Independent House,Average,Unfurnished,1,1,549833.97
1420.0,3,2,3,22.3,11.58,6.34,3.2,1,2817.0,Independent House,Good,Semi-Furnished,1,0,542924.31
1449.5,3,3,2,33.9,22.78,7.52,1.89,1,1943.7,Townhouse,Good,Unfurnished,1,0,475223.43
5625.7,7,5,3,16.4,4.32,7.16,4.63,4,8875.6,Villa,Average,Semi-Furnished,1,0,1663995.45
2753.9,5,4,1,9.4,27.25,9.72,1.61,2,7219.0,Townhouse,Average,Unfurnished,1,1,842735.45
2507.2,4,3,10,32.3,33.85,6.76,3.91,2,1198.1,Apartment,Good,Furnished,1,0,675017.66
790.5,1,1,3,20.8,20.05,7.64,2.01,0,1283.6,Townhouse,Good,Unfurnished,1,1,367668.69
1269.8,2,1,9,11.2,4.78,6.5,3.66,1,394.3,Apartment,Good,Unfurnished,1,0,434610.2
1409.6,2,1,2,8.3,9.83,5.27,4.38,1,1884.8,Independent House,Average,Unfurnished,1,1,451944.06
1700.2,3,3,12,0.6,11.55,7.31,2.41,2,686.5,Apartment,Average,Semi-Furnished,0,0,526283.39
2111.6,3,2,15,15.2,11.25,4.57,3.88,2,555.0,Apartment,Premium,Unfurnished,0,0,688919.05
1892.5,3,2,3,14.5,2.05,8.13,2.34,1,2439.3,Townhouse,Average,Unfurnished,1,0,492316.83
937.9,1,1,7,7.6,13.83,4.79,2.75,0,247.1,Apartment,Average,Unfurnished,1,1,174431.94
1025.0,1,1,3,7.7,10.41,5.42,1.77,1,233.8,Apartment,Premium,Unfurnished,1,0,486187.46
2398.3,2,2,2,8.2,7.44,5.3,4.61,2,5789.5,Independent House,Poor,Furnished,1,1,703516.78
1830.8,3,3,12,13.9,7.99,7.6,3.15,1,1004.7,Apartment,Good,Semi-Furnished,0,0,539423.35
1750.6,3,3,3,27.2,37.32,5.08,3.64,1,4551.0,Townhouse,Good,Unfurnished,1,0,571065.18
1428.8,1,1,2,12.7,20.26,7.44,2.44,0,630.6,Apartment,Average,Unfurnished,0,0,283890.34
1381.8,2,2,6,10.7,1.75,5.72,4.07,1,838.4,Apartment,Good,Unfurnished,0,0,425171.04
1514.9,2,1,5,6.0,7.5,6.53,5.26,0,525.3,Apartment,Average,Semi-Furnished,0,0,340662.18
2496.3,3,2,3,2.6,17.78,5.92,2.38,1,6473.6,Independent House,Good,Unfurnished,1,1,902398.2
2902.4,4,4,2,6.2,20.59,10.0,2.42,1,6805.0,Villa,Premium,Unfurnished,0,0,1225209.06
1366.5,3,2,9,9.9,11.03,4.29,2.4,2,799.1,Apartment,Premium,Unfurnished,0,0,618805.7
2182.1,3,3,2,8.9,3.33,7.41,3.1,1,5618.3,Villa,Poor,Unfurnished,0,1,731904.72
1590.6,3,3,3,17.0,3.02,6.69,2.42,1,2271.7,Townhouse,Good,Semi-Furnished,1,1,657776.18
1331.6,2,2,1,15.5,13.63,5.57,4.21,0,2460.2,Independent House,Premium,Unfurnished,1,0,673478.2
1324.5,2,2,3,6.3,6.29,7.27,0.96,0,1905.3,Independent House,Good,Semi-Furnished,0,1,628620.89
2322.3,4,3,3,17.0,3.87,5.31,2.21,1,5443.9,Independent House,Good,Semi-Furnished,1,1,877957.4
1369.8,3,1,3,7.8,0.63,5.14,2.76,1,3261.1,Independent House,Poor,Furnished,1,1,544769.89
2322.5,4,2,3,13.1,2.3,5.04,2.42,1,4091.7,Townhouse,Good,Unfurnished,0,1,758801.77
1614.8,4,4,1,6.0,10.2,6.82,0.14,1,3217.3,Townhouse,Poor,Furnished,1,1,580023.46
1909.0,4,4,8,17.0,7.05,5.83,3.48,2,493.0,Apartment,Average,Furnished,1,0,541395.57
1768.0,2,1,7,8.6,22.06,5.44,3.17,1,837.7,Apartment,Premium,Furnished,0,0,665642.84
2633.0,4,3,2,32.3,2.75,7.2,6.03,1,6725.3,Independent House,Premium,Furnished,1,1,1151542.72
1107.7,4,2,11,9.0,4.78,,0.9,2,316.4,Apartment,Premium,Unfurnished,1,0,692504.01
1606.5,2,1,4,5.6,5.56,4.64,0.64,2,515.6,Apartment,Average,Furnished,1,0,527520.44
1844.6,3,3,3,8.9,9.46,7.18,1.68,1,1015.1,Apartment,Average,Furnished,1,0,576910.46
705.2,2,1,11,7.3,5.58,7.46,4.34,1,451.7,Apartment,Average,Unfurnished,0,0,258939.93
3776.6,6,3,1,2.2,4.29,8.55,3.17,3,6567.2,Independent House,Poor,Unfurnished,0,1,1008994.34
4786.5,7,5,3,34.3,11.22,6.28,1.48,3,8609.2,Independent House,Premium,Furnished,1,1,1804658.59
2456.3,4,3,3,19.4,9.08,8.94,2.62,1,,Townhouse,Good,Unfurnished,1,1,825793.61
1898.0,3,2,9,15.6,15.1,7.55,0.4,3,730.5,Apartment,Average,Furnished,1,0,483856.81
2112.9,3,2,3,11.6,6.93,,2.31,2,3227.7,Townhouse,Poor,Semi-Furnished,0,1,499025.06
1181.1,2,2,8,6.0,19.21,7.14,2.5,1,639.9,Apartment,Average,Semi-Furnished,0,1,375988.97
1764.4,3,3,3,3.3,3.92,6.67,2.55,2,4036.7,Independent House,Good,Unfurnished,1,1,796296.31
2474.0,4,3,1,12.9,13.59,8.13,0.95,4,3254.2,Townhouse,Good,Semi-Furnished,0,1,784993.12
1096.4,3,3,2,14.0,16.14,8.41,5.38,1,2076.4,Townhouse,Poor,Semi-Furnished,0,1,316167.5
1056.8,2,2,3,11.0,0.78,5.29,1.71,1,2370.9,Townhouse,Average,Furnished,1,0,389201.89
1885.1,4,2,2,45.1,13.81,8.01,7.16,2,2166.9,Villa,Average,Unfurnished,1,1,604067.8
2434.5,4,3,1,2.1,7.71,6.51,0.97,3,4732.5,Independent House,Poor,Unfurnished,0,1,691450.76
1146.9,2,2,3,12.2,9.61,5.67,6.41,1,1473.6,Townhouse,Premium,Unfurnished,0,1,600546.8
1501.0,1,1,1,2.2,21.72,8.8,1.3,0,2361.5,Townhouse,Good,Unfurnished,1,1,591432.91
1293.7,4,3,6,10.6,8.29,6.01,1.12,0,680.2,Apartment,Poor,Furnished,0,0,295958.77
1456.3,2,1,3,9.9,3.68,6.75,2.19,2,3835.6,Villa,Good,Unfurnished,0,0,680673.87
485.6,1,1,14,4.0,13.05,6.59,5.68,1,255.7,Apartment,Average,Unfurnished,1,0,132283.5
879.1,2,1,14,6.7,7.26,7.45,3.13,1,150.0,Apartment,Average,Furnished,0,0,285316.07
2485.4,4,2,1,11.0,8.43,8.61,3.23,1,6077.7,Villa,Good,Unfurnished,1,1,952079.18
2266.6,3,3,2,11.6,7.8,9.03,1.62,3,3804.0,Independent House,Poor,Unfurnished,1,1,712749.77
1665.2,3,3,10,8.3,14.69,8.01,1.38,1,501.9,Apartment,Average,Semi-Furnished,1,1,451051.98
1747.8,1,1,1,29.5,11.15,4.25,3.39,1,874.2,Apartment,Good,Semi-Furnished,1,0,485608.41
1040.0,1,2,9,24.3,8.52,8.81,4.16,1,297.2,Apartment,Premium,Furnished,0,0,584145.36
1159.2,2,1,3,5.3,10.61,7.57,2.03,1,2706.7,Townhouse,Average,Semi-Furnished,0,1,485558.09
1583.8,3,2,1,5.2,3.83,8.29,1.38,1,633.7,Apartment,Good,Unfurnished,0,0,513606.13
2038.0,5,4,1,7.3,13.86,6.26,2.32,2,2490.5,Villa,Average,Semi-Furnished,1,1,894556.98
3260.4,5,4,1,15.9,11.37,6.68,2.63,3,8539.7,Villa,Good,Furnished,0,0,1231474.78
1936.6,4,3,2,10.0,23.68,8.08,,2,3099.4,Townhouse,Average,Semi-Furnished,0,0,580046.24
3168.7,7,5,3,14.6,5.25,9.62,1.19,4,7565.4,Independent House,Good,Semi-Furnished,1,1,1230794.93
1112.7,2,1,5,24.9,5.37,6.98,4.13,0,369.5,Apartment,Average,Semi-Furnished,1,0,299892.62
2118.5,4,3,15,6.6,9.99,4.89,2.49,2,932.1,Apartment,Premium,Semi-Furnished,0,0,763099.73
4343.4,6,5,1,2.8,8.26,7.57,1.89,2,7902.4,Independent House,Premium,Semi-Furnished,1,0,1638324.12
1383.9,4,4,7,17.9,3.7,6.43,1.11,2,602.0,Apartment,Average,Unfurnished,0,0,404913.42
1668.7,2,2,3,6.6,3.06,5.17,8.15,1,582.6,Apartment,Good,Semi-Furnished,0,0,416147.52
915.3,2,2,15,17.1,18.56,6.51,5.96,1,391.5,Apartment,Poor,Unfurnished,0,0,110342.0
1969.6,3,2,6,15.4,4.78,7.39,2.95,2,1032.1,Apartment,Good,Semi-Furnished,0,0,542759.06
2651.1,4,2,2,26.6,6.95,8.23,3.17,1,4424.4,Townhouse,Average,Semi-Furnished,1,1,763761.86
1501.5,2,2,1,16.3,2.84,6.0,2.0,2,3618.9,Independent House,Average,Unfurnished,1,1,606838.16
2363.8,4,3,1,13.5,34.04,6.06,0.15,3,2894.8,Independent House,Good,Unfurnished,1,1,857597.27
2079.0,5,4,1,13.0,5.06,6.55,1.2,1,4624.4,Independent House,Average,Furnished,1,1,781245.85
2177.6,5,3,1,38.0,7.62,9.25,4.82,2,4947.3,Independent House,Average,Unfurnished,1,0,659401.67
1902.9,3,2,14,14.7,2.01,8.65,0.25,0,923.7,Apartment,Average,Unfurnished,0,0,469833.15
2298.0,3,2,1,10.7,9.58,7.52,3.8,2,2962.4,Independent House,Poor,Unfurnished,1,0,623639.73
1556.4,2,1,3,8.9,28.13,7.46,5.45,0,2660.1,Townhouse,Poor,Semi-Furnished,1,0,316960.38
1920.0,5,2,9,17.8,3.15,6.24,1.05,3,1011.6,Apartment,Good,Unfurnished,0,1,590768.84
3553.2,6,4,2,34.5,9.9,7.82,4.0,4,8802.9,Villa,Good,Furnished,1,0,1360284.65
1072.0,3,2,15,20.1,6.02,5.26,2.38,1,381.3,Apartment,Poor,Semi-Furnished,0,0,245077.11
1352.0,3,2,8,30.9,8.59,7.39,6.66,1,584.9,Apartment,Average,Unfurnished,1,0,217861.5
643.7,3,2,1,21.0,6.43,3.75,0.91,0,323.1,Apartment,Good,Semi-Furnished,0,0,267704.38
1728.8,3,2,6,4.3,2.68,4.32,4.3,1,1002.0,Apartment,Good,Unfurnished,1,0,519533.92
2261.5,3,2,7,47.2,10.56,3.9,4.23,1,1029.3,Apartment,Good,Unfurnished,1,0,496469.03
1481.0,4,3,3,15.6,15.42,9.43,0.98,0,1648.1,Townhouse,Average,Semi-Furnished,0,0,409326.21
1954.5,4,3,3,38.3,6.21,6.47,6.32,3,4510.7,Independent House,Average,Unfurnished,0,0,529370.26
1233.5,2,2,5,30.8,18.43,4.74,1.74,1,634.3,Apartment,Good,Furnished,1,0,451491.74
1404.3,3,4,1,3.7,18.61,10.0,1.41,2,2144.7,Townhouse,Average,Semi-Furnished,1,0,572279.45
1491.6,3,2,1,13.2,15.43,5.58,0.36,1,701.6,Apartment,Poor,Unfurnished,0,0,305509.08
1329.4,3,3,3,8.0,3.54,7.46,1.84,1,2321.9,Independent House,Poor,Furnished,1,0,427024.6
1225.7,2,2,7,7.1,12.83,5.56,2.05,1,596.9,Apartment,Good,Semi-Furnished,0,0,328431.93
925.3,2,2,8,17.0,11.91,7.85,2.77,2,372.6,Apartment,Average,Unfurnished,0,0,232904.35
2113.2,4,4,1,23.4,4.15,6.68,3.48,1,3765.1,Townhouse,Good,Semi-Furnished,1,1,713301.68
2043.3,3,3,2,5.1,5.74,5.62,3.07,1,4632.5,Independent House,Good,Furnished,1,0,780060.16
1541.9,2,1,3,,8.66,4.76,3.29,0,2495.4,Independent House,Average,Semi-Furnished,0,1,480841.1
1675.9,3,2,2,14.2,5.54,5.67,0.82,0,2838.3,Townhouse,Good,Semi-Furnished,0,1,630761.08
1684.4,3,2,3,21.1,7.69,5.24,0.78,1,2068.5,Independent House,Good,Semi-Furnished,1,0,621068.89
2187.5,3,2,4,26.0,24.33,4.15,1.79,1,593.0,Apartment,Poor,Unfurnished,1,0,393666.16
1124.2,2,1,9,36.9,4.41,7.76,0.38,1,509.7,Apartment,Good,Unfurnished,0,0,247271.0
1766.6,3,2,11,34.1,4.32,8.32,2.06,1,898.3,Apartment,Average,Semi-Furnished,0,0,435165.16
1006.2,2,1,5,18.6,17.62,5.71,1.92,1,504.9,Apartment,Average,Furnished,0,0,239005.47
1904.7,3,2,9,20.9,9.01,3.68,3.22,1,1064.6,Apartment,Good,Semi-Furnished,0,0,504497.48
2550.9,4,3,3,25.1,9.82,7.23,3.39,2,4124.0,Townhouse,Good,Unfurnished,1,0,775806.2
2133.6,3,3,10,4.8,7.01,6.93,2.12,1,437.0,Apartment,Average,Semi-Furnished,1,0,520431.22
3060.6,4,3,1,12.6,7.08,5.25,3.39,2,6547.5,Townhouse,Premium,Unfurnished,1,1,1161239.85
1865.6,3,3,1,30.8,7.96,6.61,2.35,0,3606.4,Townhouse,Good,Unfurnished,1,1,654299.89
3108.2,4,3,2,7.0,9.86,2.7,2.28,2,5740.1,Independent House,Good,Semi-Furnished,1,0,940928.06
3655.6,6,5,2,3.7,15.31,,2.65,3,,Independent House,Poor,,1,0,1030315.46
844.6,1,1,2,7.2,3.82,6.48,0.53,1,560.8,Apartment,Average,Furnished,0,0,341916.37
1050.2,1,2,9,8.8,4.66,8.63,2.85,0,464.0,Apartment,Average,Semi-Furnished,0,0,249647.97
880.4,3,2,3,14.3,17.86,7.07,3.47,2,1430.2,Townhouse,Good,Semi-Furnished,1,0,385121.0
2576.6,4,4,3,20.7,9.34,6.83,4.37,2,4694.6,Townhouse,Average,Furnished,1,1,670780.59
718.0,2,3,13,25.6,6.43,9.55,4.06,2,152.7,Apartment,Good,Semi-Furnished,0,0,391876.32
640.7,1,1,11,19.0,10.84,5.55,2.25,0,420.6,Apartment,Average,Furnished,1,0,173200.89
1165.6,3,3,3,32.3,5.65,4.53,3.75,1,1863.7,Independent House,Good,Furnished,1,0,612813.26
890.5,1,1,1,8.6,17.16,8.02,5.99,0,1172.4,Independent House,Good,Semi-Furnished,0,1,418815.56
1516.8,3,2,3,8.4,4.96,8.22,2.85,1,243.3,Apartment,Good,Unfurnished,1,0,588085.02
1046.3,1,1,3,5.7,5.5,8.25,1.73,1,2086.6,Townhouse,Good,Unfurnished,1,0,478539.47
908.6,3,3,2,13.4,6.28,6.36,1.82,2,1768.0,Independent House,Premium,Furnished,0,1,702549.76
1329.4,2,1,13,7.8,11.93,5.67,1.52,1,644.4,Apartment,Poor,Unfurnished,0,0,231269.86
1861.3,4,3,1,27.0,18.52,4.9,0.42,0,3142.8,Independent House,Good,Furnished,1,0,662841.15
616.9,1,2,10,4.6,12.87,5.41,1.8,0,235.2,Apartment,Premium,Unfurnished,0,0,412993.65
1222.7,2,3,1,31.1,15.35,4.52,3.53,3,3146.3,Townhouse,Good,Semi-Furnished,1,1,537441.55
1599.1,3,3,1,6.9,2.12,6.06,4.41,1,3984.3,Townhouse,Average,Unfurnished,1,1,576225.69
1164.7,3,1,5,28.5,2.02,9.11,1.53,1,565.4,Apartment,Premium,Furnished,0,0,635171.0
1939.6,4,2,1,8.8,2.67,5.91,3.5,2,4935.0,Villa,Average,Unfurnished,0,1,757636.18
2707.6,4,3,1,22.9,8.14,6.89,2.02,3,4054.4,Townhouse,Average,Semi-Furnished,1,0,732919.82
5487.3,7,5,3,14.4,5.93,7.49,1.63,3,13074.7,Villa,Average,Furnished,1,1,1845958.19
1186.2,3,2,6,22.2,2.83,6.18,1.1,2,486.2,Apartment,Average,Unfurnished,1,0,404887.24
1060.7,2,2,3,2.7,0.3,6.17,3.51,2,2290.0,Independent House,Average,Unfurnished,1,1,535166.09
2018.5,2,1,3,11.4,12.52,8.56,2.31,1,4477.5,Villa,Average,Furnished,0,1,737369.94
1790.3,2,2,2,29.7,20.71,6.97,3.21,0,4019.9,Townhouse,Premium,Furnished,0,1,821264.76
1323.1,2,1,2,13.0,15.69,8.34,1.91,0,493.0,Apartment,Average,Unfurnished,0,0,268618.41
2388.3,3,2,1,8.3,7.8,10.0,4.04,1,2486.4,Independent House,Average,Semi-Furnished,1,0,716598.15
4177.8,6,4,2,4.4,10.07,5.44,3.06,2,6620.3,Townhouse,Premium,Unfurnished,1,1,1530580.73
1084.8,2,3,3,7.4,4.98,6.47,1.2,2,1649.3,Villa,Good,Unfurnished,1,0,697805.18
1333.5,2,1,3,32.6,8.48,6.46,0.18,1,1361.9,Townhouse,Average,Semi-Furnished,0,0,409814.64
2584.7,4,2,8,19.7,8.01,5.98,2.16,2,1168.9,Apartment,Poor,Unfurnished,0,0,475551.77
1086.6,1,1,4,23.4,11.44,6.07,2.99,1,447.9,Apartment,Good,,0,0,252230.17
2574.6,5,4,3,10.9,4.71,8.73,1.86,3,4239.9,Independent House,Good,Unfurnished,0,1,908961.24
2903.3,5,3,1,10.2,33.52,6.84,2.47,1,4724.5,Villa,Good,Furnished,1,1,983843.95
2274.6,5,4,4,23.3,3.08,10.0,1.75,0,1261.9,Apartment,Average,,0,0,617841.3
4127.6,7,5,2,27.5,9.98,6.11,1.28,3,10574.1,Independent House,Good,,1,1,1301391.92
2562.0,4,4,1,9.5,13.84,8.88,2.01,2,3998.9,Villa,Good,Furnished,1,1,1072957.75
649.9,2,2,8,20.0,3.3,9.25,3.75,1,456.5,Apartment,Good,Furnished,1,0,365654.2
1008.2,2,2,14,17.6,1.8,6.58,0.44,0,567.2,Apartment,Good,Unfurnished,0,0,413696.78
4628.6,7,4,3,4.1,13.99,7.35,2.46,2,,Independent House,Good,Furnished,1,1,1532864.2
1020.3,2,1,1,16.9,33.93,7.98,2.7,1,2412.1,Independent House,Good,Unfurnished,1,1,314756.1
1666.9,3,2,5,13.8,1.31,5.89,1.17,1,500.4,Apartment,Good,Unfurnished,1,0,424868.22
642.8,1,1,3,4.8,33.75,9.11,3.08,1,1026.6,Independent House,Good,Semi-Furnished,0,1,436909.58
935.4,2,1,3,21.9,14.4,5.52,3.66,1,1374.9,Townhouse,Average,Unfurnished,1,1,300439.45
3232.9,5,4,2,6.1,8.31,5.95,1.65,3,5820.0,Villa,Average,Semi-Furnished,0,0,1073534.46
1876.1,2,2,1,8.6,15.75,5.96,3.91,1,4281.7,Independent House,Good,Semi-Furnished,1,0,671419.02
1577.7,2,2,1,60.0,19.02,7.03,0.6,1,3931.2,Independent House,Good,Furnished,0,1,578001.62
1172.0,2,2,1,8.1,7.35,7.18,6.64,1,2022.6,Townhouse,Average,Unfurnished,0,1,371519.98
585.0,2,1,12,11.1,40.42,5.78,0.19,0,150.0,Apartment,Average,Unfurnished,1,0,127760.34
2207.8,4,3,3,3.9,33.07,6.54,4.53,1,3289.2,Townhouse,Good,Semi-Furnished,1,1,641791.62
1201.3,2,1,8,45.4,5.27,5.08,3.81,2,775.6,Apartment,Good,Unfurnished,1,0,297243.9
975.2,1,1,2,34.1,10.77,8.39,3.75,1,1348.2,Independent House,Average,Furnished,1,0,369571.67
1370.3,2,1,8,1.9,3.2,7.71,2.0,0,776.4,Apartment,Average,Semi-Furnished,1,0,410465.07
2106.2,3,3,3,60.0,2.43,6.2,5.93,1,4631.0,Townhouse,Average,Furnished,1,0,524068.43
1243.6,1,1,2,40.7,6.69,6.42,0.64,2,495.8,Apartment,Premium,Semi-Furnished,0,0,534464.22
1420.5,1,1,12,15.7,10.46,5.74,0.54,0,565.2,Apartment,Good,Unfurnished,1,0,435578.47
1374.8,3,2,3,7.2,4.1,5.35,1.06,0,400.7,Apartment,Good,Unfurnished,1,0,508823.73
1373.3,4,3,1,32.2,15.41,5.13,1.42,1,1832.7,Independent House,Average,Semi-Furnished,0,1,474513.99
1890.6,4,3,3,23.3,11.14,5.36,2.64,1,2636.5,Independent House,Good,Furnished,1,0,649308.81
1842.5,3,3,8,49.2,8.94,8.09,3.86,2,907.9,Apartment,Average,Unfurnished,1,0,362107.68
2853.8,4,3,2,46.1,4.59,8.2,0.93,2,7351.8,Independent House,Premium,Unfurnished,1,1,1100169.14
2575.9,4,4,3,14.0,5.01,4.71,0.81,1,4739.5,Independent House,Poor,Semi-Furnished,1,0,753964.05
1019.0,2,2,12,15.9,6.98,7.71,5.0,1,682.2,Apartment,Poor,Unfurnished,0,0,163636.93
2414.1,4,2,1,6.7,5.34,4.93,2.3,2,3611.7,Independent House,Good,Semi-Furnished,1,0,869735.88
1645.1,3,2,15,7.3,6.35,7.81,1.3,2,557.8,Apartment,Average,Unfurnished,0,1,471885.71
1004.3,3,3,2,12.7,4.63,6.82,5.33,1,577.6,Apartment,Good,Semi-Furnished,1,0,425745.8
1357.7,4,4,1,21.8,11.95,5.94,2.48,2,2970.7,Townhouse,Good,Semi-Furnished,1,1,542089.44
1800.0,3,3,7,48.7,2.91,7.35,4.34,2,995.9,Apartment,Average,Furnished,0,1,401303.74
3295.0,7,5,1,7.5,16.92,8.66,4.15,3,6924.9,Independent House,Average,Semi-Furnished,1,1,1029277.4
1040.8,1,1,3,13.2,5.6,3.98,2.33,1,1786.3,Villa,Good,Unfurnished,1,0,567363.72
3680.1,5,4,3,25.3,12.32,8.35,2.56,3,6695.9,Independent House,Good,Furnished,1,0,1156952.28
2690.5,4,3,3,15.7,8.74,5.55,1.17,1,6854.6,Townhouse,Average,Furnished,0,0,734423.37
1793.9,3,3,1,20.6,2.52,8.76,6.89,1,4004.1,Townhouse,Average,Semi-Furnished,0,0,544859.59
2013.3,3,2,2,14.9,16.19,7.96,3.25,2,3623.1,Villa,Good,Furnished,1,1,890296.54
1594.1,2,2,11,5.2,25.97,5.07,3.4,1,572.4,Apartment,Average,Furnished,0,0,390736.94
1033.8,3,1,6,,7.54,5.86,1.44,1,,Apartment,Good,Unfurnished,1,0,276210.52
1531.3,2,1,2,20.9,1.53,7.4,2.73,0,2381.0,Townhouse,Good,Semi-Furnished,1,0,619416.61
728.2,1,2,6,9.3,11.39,8.07,3.9,0,368.1,Apartment,Average,Unfurnished,1,0,205991.35
651.1,2,2,13,12.1,9.13,7.39,0.27,1,173.3,Apartment,Good,Semi-Furnished,0,0,304680.46
3603.5,6,4,2,8.5,4.21,7.27,1.06,2,2102.3,Apartment,Average,Furnished,0,0,927098.22
1694.3,4,3,2,22.7,9.2,5.77,1.81,3,2582.4,Townhouse,Average,Semi-Furnished,1,0,493695.71
1473.8,3,2,5,3.4,21.11,6.75,2.52,3,394.7,Apartment,Good,Unfurnished,0,1,456649.89
1335.6,1,1,3,8.2,18.41,6.59,4.24,0,250.5,Apartment,Premium,Furnished,0,0,613537.42
955.7,2,1,3,10.9,6.63,,,1,329.5,Apartment,Good,Semi-Furnished,0,0,278426.84
1189.3,1,1,7,,6.52,7.19,3.73,1,512.0,Apartment,Average,Unfurnished,0,0,272165.96
1920.1,3,3,3,6.3,3.93,,2.44,2,2568.4,Independent House,Good,Furnished,1,1,789603.65
1245.7,3,3,11,14.7,6.74,8.7,2.34,0,505.3,Apartment,Average,Unfurnished,0,0,329661.41
1347.4,3,3,3,3.5,10.13,8.4,3.33,1,2993.1,Independent House,Average,Semi-Furnished,1,1,564406.46
2260.3,4,3,3,23.0,9.83,,3.18,1,3841.2,Independent House,Average,Semi-Furnished,1,1,653880.14
1464.4,3,1,3,38.8,10.9,8.3,2.82,1,413.2,Apartment,Average,Furnished,0,0,405810.16
2179.6,3,4,1,17.8,10.82,7.59,2.61,0,3187.9,Independent House,Average,Unfurnished,1,1,694438.41
2484.9,5,3,3,6.4,4.68,6.67,4.16,4,3006.6,Independent House,Premium,Unfurnished,0,1,1147774.99
1536.0,3,2,1,21.6,16.02,4.65,3.67,2,3192.9,Townhouse,Average,Semi-Furnished,0,0,432380.94
1260.4,2,2,5,11.2,18.04,6.47,1.68,0,417.4,Apartment,Good,Furnished,0,1,375497.42
2521.8,4,3,3,17.8,9.07,6.22,3.53,1,826.9,Apartment,Good,Unfurnished,1,0,668804.88
1498.4,3,2,2,15.1,41.18,6.54,2.44,2,3592.4,Villa,Average,Unfurnished,1,1,574914.56
841.3,2,2,1,24.9,11.8,6.37,0.56,1,1145.6,Independent House,Average,Furnished,1,0,389717.52
2812.9,4,2,3,17.6,2.95,8.3,4.69,3,4513.0,Villa,Average,Furnished,1,0,961692.87
1710.1,3,4,2,10.5,7.01,8.46,1.95,2,3301.2,Villa,Average,Unfurnished,1,1,836810.94
860.6,2,2,15,7.9,6.66,5.99,2.62,0,588.2,Apartment,Good,Semi-Furnished,0,0,304953.85
2680.2,4,3,1,11.7,1.51,4.78,1.03,1,6705.6,Independent House,Premium,Semi-Furnished,1,1,1175360.07
1552.7,2,3,1,27.1,7.28,,2.65,0,3098.3,Townhouse,Premium,Semi-Furnished,1,1,787345.33
1087.0,2,1,2,11.4,15.57,8.5,2.61,1,2338.8,Independent House,Poor,Semi-Furnished,1,0,335408.79
3049.6,5,4,8,20.3,17.49,8.09,1.28,4,2045.5,Apartment,Average,Furnished,1,0,795781.84
687.9,3,2,15,21.2,27.27,5.05,1.08,1,214.8,Apartment,Average,Unfurnished,1,0,194957.88
1781.9,3,3,1,12.5,12.4,4.57,1.78,1,3071.6,Independent House,Premium,Furnished,0,1,929107.71
835.8,1,1,3,,14.64,5.84,1.23,1,1790.0,Independent House,Average,Unfurnished,0,1,264916.39
2070.5,5,2,2,13.6,5.4,9.3,1.23,2,3498.2,Independent House,Average,Furnished,0,0,691454.58
1033.6,3,2,3,3.8,13.42,7.31,1.19,1,427.8,Apartment,Good,Unfurnished,0,0,352084.38
1908.7,2,3,7,19.1,11.59,6.36,2.51,1,803.4,Apartment,Good,Unfurnished,0,0,529026.27
2211.3,3,2,1,9.8,6.72,6.52,1.77,2,3758.1,Villa,Average,Unfurnished,1,1,808984.98
2909.6,4,4,1,16.3,27.98,3.97,3.6,1,4282.2,Townhouse,Good,Unfurnished,1,0,768678.56
1377.5,3,3,2,9.1,2.93,6.28,3.15,1,1825.8,Townhouse,Poor,Semi-Furnished,0,1,396712.93
841.0,1,1,1,33.7,9.26,8.5,4.36,1,1177.1,Townhouse,Poor,Semi-Furnished,1,1,223251.95
1494.9,2,2,13,34.1,21.12,6.13,0.16,0,395.4,Apartment,Poor,Furnished,0,0,323752.12
1483.9,3,3,2,21.2,4.22,6.35,2.74,0,2692.1,Townhouse,Average,Semi-Furnished,1,1,605713.83
768.5,1,2,2,1.6,5.86,7.18,4.47,0,840.6,Townhouse,Premium,Semi-Furnished,0,0,577424.86
1186.3,3,2,2,12.9,15.12,5.07,1.32,2,2383.1,Independent House,Average,Unfurnished,0,1,399347.03
1634.4,3,3,2,25.0,15.13,7.18,1.43,1,3169.2,Villa,Good,Furnished,0,0,783370.64
4280.8,6,5,1,53.1,7.96,5.5,3.6,2,9671.3,Villa,Average,Unfurnished,0,0,1290295.43
2220.9,3,3,3,5.0,10.9,5.98,2.82,2,4581.9,Townhouse,Good,Unfurnished,0,0,716968.65
1425.8,2,2,3,1.8,9.2,6.15,3.39,0,2770.5,Townhouse,Premium,Unfurnished,1,0,649164.58
2252.1,2,1,1,9.8,16.33,6.15,2.71,1,5030.2,Independent House,Average,Unfurnished,1,0,616004.34
784.7,1,1,1,8.9,16.81,6.85,2.42,0,1745.4,Independent House,Premium,Semi-Furnished,1,0,549740.01
1301.5,2,1,1,21.1,22.53,6.59,1.24,0,1873.4,Townhouse,Good,,0,1,397664.74
2187.0,3,4,1,6.2,22.42,6.44,2.98,2,3628.3,Independent House,Good,Unfurnished,1,0,735603.5
1980.9,4,3,3,9.3,11.2,6.88,3.89,3,3870.1,Independent House,Average,Furnished,1,1,681422.34
1473.4,3,2,1,10.0,3.5,5.38,2.46,1,1938.8,Independent House,Good,Unfurnished,1,0,620015.71
1818.5,3,3,2,16.7,4.91,3.57,3.15,2,2337.9,Independent House,Average,Semi-Furnished,1,1,641795.03
1559.4,2,1,5,20.3,5.56,6.69,3.98,0,848.6,Apartment,Premium,Semi-Furnished,1,0,588314.97
1643.5,3,2,1,8.1,8.15,5.7,3.36,0,2912.4,Townhouse,Premium,Furnished,1,1,881082.2
2368.8,5,5,1,16.7,9.72,7.36,1.11,1,4937.1,Townhouse,Average,Semi-Furnished,1,1,805343.07
1546.8,2,1,6,1.9,4.07,5.9,3.22,1,1015.9,Apartment,Premium,Unfurnished,0,0,651025.95
2290.6,4,3,2,35.6,1.35,3.95,7.91,2,3226.3,Independent House,Premium,Furnished,0,0,923748.08
3795.4,7,4,2,6.9,12.81,6.53,5.06,2,5133.1,Independent House,Good,Semi-Furnished,1,0,1177005.75
1915.3,3,2,5,28.6,8.75,8.22,1.34,1,873.3,Apartment,Poor,Unfurnished,0,0,395619.75
3839.4,7,4,2,8.9,29.19,7.15,2.85,4,4895.1,Independent House,Average,Semi-Furnished,0,0,960698.55
1393.6,2,2,2,20.9,5.38,4.64,6.59,0,3334.0,Independent House,Poor,Semi-Furnished,0,1,411105.84
946.8,1,1,3,11.3,26.01,5.79,1.94,2,2064.0,Independent House,Poor,Unfurnished,1,0,303645.73
1275.6,2,2,9,,4.35,5.98,0.87,0,674.4,Apartment,Premium,Semi-Furnished,0,0,606061.51
1680.9,3,2,2,27.4,8.44,6.43,1.89,2,2733.4,Independent House,Average,Unfurnished,0,0,535421.68
2497.5,4,3,11,33.3,9.13,5.85,1.61,2,1014.3,Apartment,Good,Semi-Furnished,1,0,581215.03
1026.5,1,1,2,18.7,2.26,4.15,3.92,0,2094.9,Townhouse,Good,Furnished,0,1,485878.81
1308.9,3,3,4,2.7,10.57,6.5,1.08,1,491.1,Apartment,Good,Semi-Furnished,0,0,431170.99
2190.8,5,4,1,6.3,4.87,8.78,1.57,2,5342.2,Independent House,Average,Furnished,0,0,848992.03
1927.4,3,2,3,34.3,19.17,5.75,2.21,2,4038.5,Independent House,Good,Unfurnished,0,0,677942.23
1535.3,2,1,2,12.4,14.87,4.9,1.92,0,2370.2,Townhouse,Good,Furnished,1,1,647036.18
1918.2,4,2,2,11.7,11.77,8.77,1.04,1,4599.3,Townhouse,Good,Furnished,0,0,785612.06
2907.6,5,4,2,21.6,5.84,9.49,3.3,2,5161.0,Independent House,Average,Semi-Furnished,1,0,880829.52
3522.3,6,5,2,19.5,3.21,6.11,4.69,4,8926.4,Independent House,Good,Unfurnished,1,1,1214139.6
1371.8,2,2,5,46.1,25.12,7.04,3.66,0,496.3,Apartment,Poor,Unfurnished,1,0,123094.89
1581.3,2,2,1,13.6,23.77,7.02,3.73,0,2430.7,Villa,Good,Unfurnished,1,0,727828.15
3520.5,5,4,2,12.2,5.71,7.99,4.91,0,7840.0,Independent House,Average,Semi-Furnished,0,1,1052773.64
1416.6,3,3,2,26.7,16.67,5.08,3.99,1,2101.5,Villa,Average,Furnished,1,1,522200.9
4725.3,7,5,1,22.3,4.16,6.66,2.13,2,11120.9,Villa,Good,Semi-Furnished,1,1,1671995.32
3917.4,7,5,3,5.0,4.93,5.12,3.56,3,6655.6,Villa,Average,Unfurnished,0,1,1199546.85
3454.4,6,4,3,12.4,8.75,7.2,5.31,2,7216.6,Independent House,Premium,Unfurnished,1,0,1395474.66
2464.4,3,3,1,48.2,12.14,8.89,2.7,1,3662.3,Independent House,Premium,Semi-Furnished,0,1,1019497.05
557.1,2,2,10,7.6,3.01,7.18,1.38,2,280.7,Apartment,Average,Semi-Furnished,1,1,299378.35
1066.5,2,1,3,12.0,1.4,5.47,0.28,2,1645.1,Townhouse,Average,Unfurnished,1,0,464308.49
2102.2,4,3,3,40.9,4.71,8.14,3.48,2,2719.5,Independent House,Average,Semi-Furnished,0,0,615404.78
1242.3,2,2,3,40.4,8.09,5.81,4.1,1,1764.4,Townhouse,Premium,Unfurnished,0,1,555604.31
1618.8,1,2,3,31.4,2.84,7.39,1.73,0,3751.5,Independent House,Good,Semi-Furnished,1,1,671914.68
1750.2,3,2,2,10.9,6.2,5.57,1.92,2,886.4,Apartment,Poor,Semi-Furnished,0,0,440748.93
1259.8,1,1,9,8.5,6.37,4.77,2.89,0,735.4,Apartment,Average,Unfurnished,0,1,314777.72
988.8,2,1,1,26.2,33.02,5.6,3.97,2,2267.4,Townhouse,Poor,Semi-Furnished,1,0,90844.58
2393.5,4,3,2,35.4,12.39,2.78,3.64,2,3856.4,Townhouse,Good,Semi-Furnished,1,0,683704.15
1679.6,3,3,11,13.4,10.22,5.13,4.14,1,541.7,Apartment,Average,Semi-Furnished,1,0,425239.91
1218.7,3,2,14,18.4,7.03,9.8,2.83,0,490.7,Apartment,Poor,Furnished,0,0,304494.66
2491.4,3,3,3,8.0,22.44,2.61,4.57,1,4196.8,Independent House,Good,,0,0,614487.29
1717.2,2,3,2,4.1,3.18,4.42,0.48,2,3948.6,Townhouse,Average,Unfurnished,1,0,528321.92
2366.7,4,3,7,4.4,13.94,9.23,3.26,0,901.6,Apartment,Average,Furnished,0,1,652653.33
1441.7,3,3,9,13.5,23.36,5.31,1.83,1,474.4,Apartment,Good,Furnished,1,0,536842.45
2877.2,4,2,3,7.4,15.83,6.12,,2,3676.1,Townhouse,Premium,Unfurnished,1,0,997946.43
615.9,2,1,10,17.5,5.13,6.68,3.87,1,409.2,Apartment,Average,Furnished,0,0,175857.71
2241.1,5,4,2,8.5,2.89,4.31,5.81,2,2731.8,Independent House,Premium,Furnished,0,0,961567.04
1563.6,3,2,1,30.4,16.4,8.21,2.96,1,2856.7,Independent House,Average,Unfurnished,0,0,474286.73
943.2,1,1,5,10.4,14.17,6.53,5.32,1,393.8,Apartment,Good,Semi-Furnished,0,0,321153.86
2684.1,4,4,2,11.5,18.53,5.78,4.52,1,4812.9,Townhouse,Average,Unfurnished,0,1,715917.84
1965.5,3,3,6,34.4,15.05,8.07,1.11,2,746.1,Apartment,Good,Semi-Furnished,0,0,521801.94
582.5,1,2,9,16.4,19.54,4.77,2.98,0,150.0,Apartment,Poor,Furnished,0,0,70000.0
2495.8,5,3,2,17.7,7.0,,6.57,2,6104.8,Independent House,Premium,Semi-Furnished,1,1,1111523.76
2117.7,3,3,1,11.7,9.34,5.23,0.86,0,5269.2,Townhouse,Premium,Semi-Furnished,1,0,992930.33
1364.0,4,3,1,15.3,3.42,4.88,1.24,2,2864.8,Independent House,Average,Unfurnished,1,1,565382.27
952.7,2,2,14,5.7,2.78,9.6,3.16,1,469.7,Apartment,Average,Semi-Furnished,0,0,346273.46
693.7,1,1,6,26.7,11.62,6.88,3.91,0,342.6,Apartment,Good,Furnished,0,0,227695.3
1431.9,3,2,3,9.1,5.63,8.07,2.87,1,2262.3,Townhouse,Average,Unfurnished,1,1,454363.33
1531.5,4,3,2,4.9,23.88,5.95,2.98,1,3494.0,Townhouse,Good,Semi-Furnished,0,0,578410.03
3113.1,6,5,1,26.7,14.04,5.21,2.29,4,3355.5,Villa,Good,Semi-Furnished,0,0,1059977.1
1515.1,2,1,6,19.6,9.94,,1.24,2,599.3,Apartment,Average,Semi-Furnished,0,0,310256.0
1184.1,2,2,2,21.5,2.19,6.24,0.21,0,,Independent House,Average,Semi-Furnished,0,1,511856.2
2043.0,3,3,2,14.2,3.97,4.3,4.57,0,4213.2,Independent House,Premium,Semi-Furnished,1,0,938897.3
1483.0,1,1,3,36.3,4.97,6.84,0.38,0,1823.2,Townhouse,Poor,Semi-Furnished,0,0,298244.62
913.7,2,1,5,8.7,6.65,4.83,3.12,1,233.7,Apartment,Good,Semi-Furnished,0,0,360992.98
846.4,1,1,2,13.2,17.18,7.38,1.09,0,2010.5,Townhouse,Poor,Semi-Furnished,1,1,317450.55
1759.0,3,3,13,2.4,2.64,9.68,3.29,0,869.2,Apartment,Average,Semi-Furnished,0,0,558581.78
2229.1,4,4,2,1.0,32.69,10.0,1.79,1,4921.2,Independent House,Poor,Semi-Furnished,1,0,642800.17
2084.7,3,2,2,16.6,15.45,7.16,5.44,2,4280.5,Townhouse,Average,Furnished,1,1,610010.43
1640.5,4,2,1,19.8,3.53,6.68,4.84,1,3697.9,Villa,Good,Unfurnished,1,0,712187.09
1985.7,3,3,2,15.8,22.76,5.68,4.44,1,5191.3,Independent House,Average,Unfurnished,0,1,601807.63
926.0,1,1,1,19.9,13.86,5.57,6.17,1,1319.4,Townhouse,Good,Furnished,1,1,443666.72
1221.1,1,1,1,26.2,5.46,5.37,3.1,0,2098.4,Independent House,Good,Unfurnished,1,1,504632.36
1673.5,3,3,1,13.2,15.63,8.85,4.47,2,3079.7,Townhouse,Average,Furnished,1,1,646941.55
2487.0,5,4,2,11.2,3.73,6.13,0.68,2,3947.7,Villa,Poor,Semi-Furnished,1,1,916378.35
682.6,1,2,12,6.6,9.41,9.83,3.91,0,150.0,Apartment,Good,Furnished,1,1,376975.92
1428.6,2,1,3,17.5,13.04,5.35,2.7,0,1865.4,Villa,Good,Semi-Furnished,0,0,644870.27
1585.1,4,2,1,28.4,3.87,,4.11,2,4013.5,Independent House,Good,Furnished,1,1,687892.43
2764.0,3,3,3,22.5,10.29,4.86,1.56,3,3806.5,Independent House,Average,Semi-Furnished,1,0,797036.4
1172.7,3,3,1,45.9,12.09,7.47,1.07,0,,Townhouse,Good,Semi-Furnished,1,1,604567.33
1960.4,3,2,3,15.0,6.55,6.41,4.34,1,2895.4,Independent House,Poor,Semi-Furnished,1,1,620739.02
1499.9,3,2,15,10.3,5.06,6.65,3.18,3,821.6,Apartment,Good,Unfurnished,0,0,523697.35
1664.0,4,4,1,12.7,9.68,6.25,1.79,2,3995.1,Independent House,Average,Unfurnished,1,1,574997.37
1514.2,3,3,8,23.9,7.38,7.51,0.76,1,391.1,Apartment,Good,Furnished,0,0,581152.8
769.1,1,1,12,19.8,25.23,7.67,3.62,2,343.7,Apartment,Average,Unfurnished,1,0,183025.97
1252.8,3,2,2,9.1,13.2,7.91,2.32,1,2139.8,Townhouse,Good,Semi-Furnished,1,0,598328.65
2471.3,4,3,15,16.9,7.55,5.34,0.85,2,754.2,Apartment,Poor,Semi-Furnished,0,0,442420.01
2545.5,7,5,14,8.3,8.81,7.17,2.83,3,1410.1,Apartment,Good,Unfurnished,0,1,754375.34
2633.0,3,3,3,19.9,5.32,5.98,0.67,2,3535.8,Independent House,Average,Furnished,1,1,867770.24
2147.9,2,2,8,3.0,19.1,8.63,5.93,1,645.2,Apartment,Good,Unfurnished,0,1,491848.82
858.3,2,1,3,4.0,14.03,7.06,4.89,3,2142.8,Independent House,Poor,Semi-Furnished,0,1,390346.48
908.3,2,2,3,4.9,26.42,7.14,1.89,2,352.3,Apartment,Poor,Semi-Furnished,0,0,199357.09
1621.6,3,3,3,6.8,10.26,6.3,5.21,3,2176.8,Independent House,Good,Unfurnished,1,1,663679.47
5097.1,7,4,3,18.6,7.8,5.52,2.77,3,10091.4,Independent House,Poor,Unfurnished,1,0,1307487.49
1186.3,2,2,1,23.5,10.53,6.81,3.22,1,320.4,Apartment,Average,Semi-Furnished,1,0,269172.35
2526.8,4,4,2,13.8,25.71,8.48,6.26,3,5419.0,Independent House,Good,Unfurnished,1,0,756240.88
2611.2,4,3,1,4.9,6.44,5.58,2.26,1,4999.9,Villa,Good,Furnished,1,0,1041925.64
2146.2,4,3,3,26.9,5.85,8.61,3.3,1,3635.4,Independent House,Good,Semi-Furnished,1,0,806148.25
1339.7,1,1,9,13.0,7.08,7.53,2.38,1,460.8,Apartment,Average,Unfurnished,0,0,290793.85
996.8,2,2,3,30.6,5.24,3.76,7.68,1,1888.5,Townhouse,Average,Unfurnished,0,1,286402.01
594.3,2,1,3,14.9,11.07,5.37,0.88,1,1203.8,Independent House,Good,,0,1,346925.03
2318.0,3,2,13,3.5,6.56,10.0,3.01,2,1292.0,Apartment,Average,Furnished,0,0,547588.37
1426.4,1,1,1,7.7,21.87,6.52,2.82,0,3185.4,Independent House,Good,Semi-Furnished,0,1,604632.76
617.6,2,1,15,3.0,3.47,5.39,1.62,1,235.5,Apartment,Poor,Unfurnished,0,0,105383.86
2221.2,3,2,1,1.5,14.27,5.44,5.78,1,4725.7,Independent House,Premium,Semi-Furnished,1,1,972013.01
1613.2,3,2,7,10.5,19.98,6.5,1.72,3,438.1,Apartment,Good,Semi-Furnished,1,0,466637.99
1867.9,3,2,11,15.1,3.36,8.03,0.54,1,893.6,Apartment,Average,Semi-Furnished,0,1,532060.51
3559.0,5,4,3,,12.74,6.21,1.64,2,7647.9,Villa,Average,Unfurnished,0,1,1205089.58
1256.2,3,2,2,24.4,17.49,5.58,6.51,2,1943.9,Independent House,Average,Unfurnished,0,0,304556.66
1279.7,3,2,3,9.4,2.12,3.42,2.25,3,1498.9,Independent House,Average,Unfurnished,1,1,431914.86
1948.4,3,2,2,5.0,4.53,5.38,5.86,2,4220.5,Villa,Good,Semi-Furnished,1,0,790364.35
2330.0,2,1,3,14.9,19.1,5.69,2.04,0,,Townhouse,Average,Semi-Furnished,1,0,583804.79
559.5,2,3,2,9.5,19.14,7.17,3.98,0,226.2,Apartment,Average,Unfurnished,0,0,97828.13
1427.9,2,2,5,22.8,8.54,7.29,0.42,1,179.8,Apartment,Average,Unfurnished,0,0,296500.22
2440.7,4,3,3,9.8,10.54,8.79,0.97,2,2913.3,Townhouse,Good,Semi-Furnished,1,0,733393.28
1966.9,3,2,10,18.8,13.82,4.97,2.35,1,870.3,Apartment,Average,Unfurnished,1,0,426358.44
2999.6,6,4,1,40.3,17.08,6.89,4.75,1,4806.2,Villa,Average,Semi-Furnished,1,1,974021.7
2114.4,3,3,1,22.1,9.86,6.93,5.23,0,736.2,Apartment,Premium,Semi-Furnished,0,0,706827.98
450.0,1,2,1,32.8,17.08,5.25,1.55,0,255.5,Apartment,Average,Unfurnished,0,0,70000.0
2664.4,5,3,13,3.7,1.32,8.02,1.22,2,1232.3,Apartment,Average,Semi-Furnished,1,0,737417.84
1554.4,3,2,6,4.6,7.72,9.17,2.71,1,492.5,Apartment,Premium,Unfurnished,0,1,741892.03
2370.0,4,3,13,15.5,13.6,6.73,,0,1270.9,Apartment,Average,Semi-Furnished,0,0,549858.52
1128.4,3,2,2,22.0,11.58,6.01,6.58,1,1952.7,Independent House,Premium,Unfurnished,1,0,632350.29
647.7,2,1,12,18.5,23.2,8.87,6.11,2,150.0,Apartment,Good,Semi-Furnished,0,0,212507.97
3913.3,6,5,2,7.3,4.5,7.33,,3,9672.9,Independent House,Good,Semi-Furnished,1,0,1318342.04
1252.3,1,1,3,21.0,4.18,4.94,3.31,2,1474.0,Independent House,Average,Unfurnished,1,0,415203.58
1621.8,3,3,3,16.3,25.09,6.42,2.59,1,3406.8,Independent House,Poor,Semi-Furnished,1,0,410386.39
2306.3,4,3,1,9.7,2.38,6.18,0.58,2,3729.3,Independent House,Average,Semi-Furnished,1,1,777242.85
1871.9,3,3,9,31.5,15.34,5.47,0.78,2,763.1,Apartment,Poor,Furnished,0,0,392316.19
2128.2,3,2,6,21.9,14.28,5.54,1.36,3,605.5,Apartment,Poor,Unfurnished,1,0,416652.48
1486.1,3,2,10,28.6,6.18,5.73,3.68,3,775.9,Apartment,Good,Unfurnished,1,0,391995.0
1430.6,3,4,3,15.6,24.6,7.88,0.6,2,3518.9,Villa,Good,Unfurnished,1,1,770779.95
2486.5,4,4,1,20.1,8.92,6.27,2.45,2,5758.3,Independent House,Average,Furnished,1,0,785928.12
1832.7,2,2,11,18.3,9.58,6.82,3.7,0,321.9,Apartment,Good,Semi-Furnished,1,0,427444.73
769.9,2,2,1,3.3,4.59,8.1,2.37,0,,Townhouse,Premium,Unfurnished,0,1,690378.11
3353.3,6,3,2,14.0,5.13,6.27,3.67,2,6477.8,Independent House,Good,Semi-Furnished,1,0,1052162.93
650.2,2,1,1,,3.98,4.96,4.64,2,1653.5,Independent House,Good,Unfurnished,0,1,364702.9
2547.8,3,2,1,25.5,12.92,8.07,6.05,3,4419.9,Townhouse,Good,Semi-Furnished,1,1,768561.82
1415.9,2,2,1,7.4,12.55,6.15,3.06,0,3514.1,Independent House,Average,Semi-Furnished,1,1,511981.24
2485.4,4,3,1,14.7,1.27,9.28,2.94,3,6068.5,Independent House,Average,Semi-Furnished,1,0,888977.62
2289.6,4,3,2,30.3,18.4,8.16,2.51,3,3750.3,Independent House,Premium,Semi-Furnished,1,1,1055543.57
1332.1,3,2,10,11.7,8.18,7.47,0.35,2,580.5,Apartment,Good,Unfurnished,0,0,458800.52
1635.2,3,3,2,3.9,2.3,7.03,,1,807.5,Apartment,Good,Semi-Furnished,1,1,653072.83
2148.1,4,3,1,21.7,23.5,8.33,4.24,2,3987.5,Villa,Premium,Semi-Furnished,1,0,1054819.51
2227.0,4,2,2,15.6,6.98,7.06,6.77,1,4524.2,Townhouse,Average,Unfurnished,1,1,537088.28
3387.7,4,4,10,3.0,6.95,3.55,3.69,1,751.3,Apartment,Average,Furnished,0,0,788525.64
939.4,1,2,2,12.5,8.62,6.55,2.88,2,1564.0,Townhouse,Good,Semi-Furnished,0,0,407310.32
450.0,2,1,6,14.3,17.33,7.53,1.46,1,210.2,Apartment,Poor,Furnished,0,0,80968.18
1552.0,2,2,1,11.8,6.1,5.24,3.77,0,3662.9,Independent House,Good,Semi-Furnished,1,0,639398.98
1104.1,3,2,12,15.0,20.73,10.0,0.2,1,559.1,Apartment,Good,Unfurnished,1,0,503776.9
1577.0,3,2,1,16.1,3.98,6.49,3.97,3,1735.2,Independent House,Good,Semi-Furnished,1,1,632895.5
1118.1,3,3,2,16.9,6.62,7.51,2.61,2,1966.9,Townhouse,Average,Semi-Furnished,1,1,476123.8
1951.8,3,3,15,13.1,0.91,8.4,0.6,1,1213.0,Apartment,Good,Unfurnished,0,0,614630.21
757.4,1,1,5,23.2,7.1,7.58,3.84,0,169.0,Apartment,Average,Semi-Furnished,1,0,282438.96
2233.2,4,4,2,22.6,2.81,6.55,3.64,2,4357.6,Independent House,Premium,Unfurnished,0,1,982451.47
1769.1,3,3,14,9.0,3.29,7.28,3.56,2,671.6,Apartment,Poor,Unfurnished,1,0,467575.06
1545.3,1,1,9,34.7,2.93,6.42,,1,845.5,Apartment,Good,Furnished,0,0,329971.04
2267.6,5,4,1,8.4,8.86,6.56,1.73,1,5395.9,Independent House,Average,Unfurnished,1,1,746138.4
2015.8,3,1,12,16.8,8.66,5.04,4.16,1,951.5,Apartment,Average,Semi-Furnished,0,0,448408.27
1383.8,2,1,9,17.7,15.05,6.32,3.67,0,529.9,Apartment,Average,Furnished,0,1,245834.48
1169.8,2,2,6,5.5,6.8,4.96,3.64,2,583.7,Apartment,Average,Semi-Furnished,1,0,319416.29
2266.8,4,3,3,4.5,13.13,6.69,4.62,2,3662.5,Independent House,Average,Unfurnished,0,1,621546.1
1741.0,2,2,13,9.6,9.65,6.11,5.43,1,861.5,Apartment,Good,Semi-Furnished,1,0,439621.38
1966.0,3,1,5,21.2,5.63,7.43,4.68,1,931.2,Apartment,Good,Semi-Furnished,1,0,611833.97
659.1,2,1,13,1.3,17.81,4.53,1.99,1,237.9,Apartment,Average,Furnished,1,0,272870.27
1252.6,1,1,4,10.9,4.88,5.35,3.31,1,640.6,Apartment,Good,Unfurnished,1,0,394662.6
864.9,1,1,7,5.2,1.95,5.37,2.59,0,150.0,Apartment,Good,Unfurnished,0,0,366956.44
1712.5,3,2,2,24.9,1.02,6.68,5.15,2,664.9,Apartment,Good,Semi-Furnished,0,0,506529.16
1835.9,4,2,13,10.6,5.92,6.34,4.0,1,1050.4,Apartment,Average,Unfurnished,0,0,459913.75
1205.7,2,2,11,17.9,7.7,8.29,2.4,0,714.9,Apartment,Poor,Furnished,0,0,290043.45
1360.4,2,3,3,,7.8,6.76,5.95,2,2109.3,Independent House,Premium,Semi-Furnished,1,1,774173.51
1738.5,3,2,4,22.9,0.9,6.7,1.79,1,801.3,Apartment,Average,Furnished,0,0,428180.09
1279.4,1,2,8,10.2,11.47,5.17,5.83,1,900.0,Apartment,Average,Furnished,1,0,310733.52
4055.2,6,4,3,8.6,6.74,6.28,1.48,3,4859.2,Villa,Good,Semi-Furnished,0,1,1320300.34
3891.3,5,4,1,5.2,14.44,4.77,3.84,1,5960.2,Independent House,Average,Furnished,1,1,1119405.91
2813.4,4,4,1,16.3,8.82,7.42,1.16,3,6971.8,Independent House,Good,Semi-Furnished,1,1,1084021.91
1491.9,2,2,7,21.2,12.8,7.9,2.9,2,477.8,Apartment,Poor,Unfurnished,1,0,242007.21
2912.7,5,4,11,6.3,2.53,4.51,4.48,3,1269.3,Apartment,Good,Furnished,0,0,817364.87
1496.9,3,2,12,12.9,14.47,6.76,3.58,1,541.4,Apartment,Premium,Semi-Furnished,1,0,560520.75
1106.3,2,2,3,34.3,10.85,6.55,4.11,1,462.7,Apartment,Premium,Furnished,1,0,549640.09
1018.9,3,3,6,11.0,5.02,8.45,1.79,2,344.2,Apartment,Premium,Unfurnished,1,0,743971.73
1227.9,1,1,2,5.8,23.11,5.25,0.86,0,2821.8,Townhouse,Premium,Unfurnished,1,0,628130.41
1349.4,2,2,12,10.7,34.34,5.6,2.45,1,529.0,Apartment,Average,Furnished,1,0,346463.71
2244.8,3,1,1,10.2,5.13,7.08,0.73,1,4234.6,Independent House,Premium,Unfurnished,1,1,997067.04
746.7,2,2,5,22.5,15.26,5.99,,0,454.0,Apartment,Premium,Semi-Furnished,0,0,458466.14
1120.5,2,2,12,15.1,8.38,6.07,2.78,1,646.2,Apartment,Average,Semi-Furnished,0,1,292514.06
2020.8,4,3,1,3.0,12.42,6.04,3.34,2,5162.6,Independent House,Average,Unfurnished,1,0,665704.74
2421.6,4,3,1,26.4,10.16,7.46,4.17,2,3018.9,Independent House,Poor,Unfurnished,1,0,525923.6
1338.3,1,2,8,7.4,14.92,,7.77,0,420.0,Apartment,Good,Furnished,1,0,468263.05
1828.5,3,2,1,5.4,1.26,6.58,2.73,0,2557.4,Townhouse,Good,Unfurnished,1,0,659526.06
804.2,3,1,9,13.3,12.14,6.31,5.84,1,626.2,Apartment,Average,Semi-Furnished,0,1,248905.36
922.5,1,1,15,8.6,10.57,7.66,1.88,0,628.0,Apartment,Average,Semi-Furnished,1,0,260163.72
1801.4,2,1,1,23.8,9.12,7.0,6.57,1,4564.9,Independent House,Good,Semi-Furnished,1,1,665052.34
1676.6,3,3,5,15.8,19.36,6.93,3.27,2,692.8,Apartment,Poor,Semi-Furnished,0,0,378085.26
1818.3,3,2,2,10.7,3.38,8.34,5.04,3,2477.7,Townhouse,Premium,Unfurnished,1,1,828936.39
1155.2,1,1,3,7.5,14.39,5.15,3.51,2,2058.7,Townhouse,Average,Furnished,1,1,447942.27
1225.0,2,2,9,35.3,4.67,6.32,2.99,1,692.0,Apartment,Average,Unfurnished,0,0,250530.8
2553.1,4,3,4,29.9,5.83,5.28,0.92,2,1042.7,Apartment,Poor,Unfurnished,0,0,548953.21
1700.5,3,1,10,13.0,5.12,5.92,1.8,2,708.4,Apartment,Good,Furnished,1,0,529542.02
2080.5,3,1,1,2.7,9.02,4.85,5.16,2,5227.1,Villa,Good,Unfurnished,0,1,814382.65
1201.1,1,1,1,10.6,14.56,6.15,2.36,0,1921.8,Independent House,Poor,Unfurnished,1,1,391767.6
1002.7,2,2,13,22.1,8.42,7.24,6.08,0,388.5,Apartment,Average,Furnished,0,0,240648.19
1356.8,2,2,15,6.6,16.24,2.88,0.25,3,421.1,Apartment,Average,Unfurnished,0,0,326552.21
2075.1,4,3,3,37.1,6.46,6.23,3.44,3,3043.4,Independent House,Average,Unfurnished,1,1,655046.05
1715.8,3,3,15,34.0,2.15,6.57,1.83,2,756.1,Apartment,Good,Semi-Furnished,0,1,552524.66
1942.0,3,2,3,8.8,10.1,6.3,0.77,1,4217.2,Townhouse,Poor,Furnished,1,1,514006.91
1581.9,3,2,2,7.2,7.34,4.27,2.73,3,2569.6,Independent House,Average,Furnished,1,0,606309.6
1331.2,3,1,1,24.5,22.74,8.09,3.02,2,1760.4,Townhouse,Average,Semi-Furnished,1,1,377385.5
3196.5,5,3,13,18.9,3.78,8.07,1.83,1,1859.6,Apartment,Average,Furnished,0,0,733085.87
1071.0,2,3,5,11.3,11.35,8.36,5.94,1,536.9,Apartment,Average,Unfurnished,0,0,333130.64
786.5,2,2,13,25.7,8.45,5.89,3.01,2,336.1,Apartment,Average,Semi-Furnished,0,0,255085.73
829.0,1,1,1,5.0,2.34,6.95,2.55,1,1982.9,Townhouse,Average,Unfurnished,1,1,319603.94
1593.2,4,3,2,12.4,1.62,5.64,5.2,2,2775.4,Independent House,Poor,Furnished,0,1,433716.62
2008.0,4,3,1,30.1,1.74,,1.71,3,,Apartment,Poor,Furnished,0,0,427609.61
1295.5,2,2,1,21.2,14.54,5.07,4.82,0,1929.3,Townhouse,Premium,Unfurnished,1,1,697415.88
3437.2,5,4,1,24.3,8.28,6.99,0.61,2,4910.8,Independent House,Average,Furnished,1,1,1002593.63
1348.9,2,1,10,57.2,12.59,7.91,4.45,1,507.2,Apartment,Average,Semi-Furnished,1,0,211060.98
2156.2,3,3,8,17.5,13.03,8.57,5.16,2,1153.3,Apartment,Average,Unfurnished,0,0,420623.85
984.2,1,2,3,17.8,25.25,6.63,5.54,2,378.2,Apartment,Good,Semi-Furnished,0,0,287963.96
1353.1,3,2,1,5.3,16.94,5.71,1.46,2,2990.9,Independent House,Premium,Furnished,0,0,790017.29
1714.3,2,2,2,10.6,8.21,6.56,3.28,0,2220.6,Townhouse,Good,Unfurnished,1,1,564266.15
2263.2,3,3,1,20.4,11.99,8.11,3.04,1,3102.6,Independent House,Good,,1,0,680809.13
1714.2,3,3,1,19.6,3.06,9.05,1.46,0,3506.5,Independent House,Good,Furnished,0,0,738147.99
2089.5,2,1,3,25.2,2.56,8.41,0.41,1,5141.4,Independent House,Average,Semi-Furnished,1,0,711069.2
2852.1,5,4,1,14.4,7.47,8.26,1.82,4,6329.8,Villa,Good,Semi-Furnished,0,0,1095473.78
1017.6,2,2,3,14.3,4.85,8.67,2.3,3,2744.4,Independent House,Good,Semi-Furnished,1,0,609855.73
1601.5,4,3,3,12.5,8.68,6.81,3.7,2,2331.3,Independent House,Poor,Semi-Furnished,1,1,525129.37
1486.3,2,1,1,3.0,5.89,7.11,1.14,1,3518.4,Independent House,Average,Unfurnished,1,1,656431.72
1516.9,2,2,2,5.6,16.06,8.24,1.9,1,2498.6,Independent House,Average,Unfurnished,0,0,552728.29
2192.4,3,3,3,12.2,11.78,7.45,1.25,1,4201.0,Independent House,Poor,Furnished,0,1,687348.44
1801.9,3,4,2,27.7,5.1,7.96,3.63,2,4098.0,Villa,Good,Semi-Furnished,1,1,875101.3
710.8,1,1,1,14.9,13.13,5.82,4.95,0,1024.3,Townhouse,Poor,Semi-Furnished,1,0,166947.91
1673.2,3,2,3,12.7,3.16,8.73,4.23,1,4389.4,Independent House,Good,Furnished,1,0,728362.86
1055.2,2,2,1,13.5,8.05,5.98,2.11,1,2605.9,Townhouse,Premium,Unfurnished,1,1,664633.64
2276.3,5,4,1,11.8,16.32,8.31,2.73,2,2775.5,Independent House,Average,Furnished,1,0,675276.96
2314.4,4,4,1,11.7,1.28,6.57,2.83,2,5251.7,Townhouse,Average,Semi-Furnished,0,1,809037.06
741.3,1,1,3,7.9,19.95,5.93,1.29,2,1692.3,Independent House,Good,Furnished,0,1,425933.49
1335.0,2,1,1,16.2,6.09,3.81,3.98,1,2409.3,Independent House,Good,Unfurnished,0,1,567163.58
2583.9,5,3,1,27.9,16.54,6.38,2.16,2,5006.2,Villa,Average,Unfurnished,1,1,825313.46
748.7,1,1,4,14.2,6.1,,3.53,0,256.3,Apartment,Average,Semi-Furnished,0,0,158184.67
2567.2,5,4,1,17.3,1.92,5.36,3.01,1,3712.8,Independent House,Good,Furnished,1,1,936644.44
2871.4,5,3,3,15.0,5.33,7.44,5.49,2,6435.9,Independent House,Premium,Furnished,0,1,1215152.32
2081.0,4,2,3,19.6,18.71,4.5,1.14,1,4699.2,Villa,Average,Semi-Furnished,1,1,705222.48
1609.4,2,2,3,12.4,9.55,8.48,2.47,1,3909.6,Villa,Average,Semi-Furnished,1,1,767035.2
625.2,2,1,3,2.8,16.79,10.0,1.79,0,1481.1,Townhouse,Premium,Unfurnished,1,0,533289.44
2322.6,4,2,1,7.3,6.24,6.0,3.05,1,3567.4,Townhouse,Average,Semi-Furnished,0,1,688382.41
3137.4,5,4,9,13.0,4.3,8.45,0.92,1,1426.4,Apartment,Poor,Furnished,0,0,829504.54
4735.3,7,5,1,38.8,16.09,4.67,1.66,4,12224.9,Villa,Good,Furnished,1,0,1574861.83
1246.6,2,2,5,7.9,8.18,,3.41,0,718.5,Apartment,Poor,Unfurnished,0,0,241828.5
1167.9,2,3,2,9.4,10.69,7.21,4.95,1,2317.2,Independent House,Average,Furnished,1,0,439566.18
2627.2,4,2,1,9.0,11.32,10.0,5.29,1,5026.6,Independent House,Good,Unfurnished,0,1,861838.79
1564.4,4,2,2,3.4,1.18,6.16,3.3,2,2656.2,Townhouse,Good,Semi-Furnished,1,1,615380.68
1653.9,3,3,11,13.2,13.5,7.37,3.34,1,946.5,Apartment,Average,Semi-Furnished,0,0,398156.35
1536.5,3,2,2,2.4,3.19,6.43,2.77,1,629.0,Apartment,Average,Semi-Furnished,1,0,453824.5
1921.6,3,3,2,16.4,1.6,6.16,0.43,2,,Independent House,Good,Semi-Furnished,1,0,724471.55
2541.5,4,3,1,19.9,5.53,6.5,,1,4173.0,Townhouse,Good,Semi-Furnished,1,1,805885.43
2116.8,3,2,8,2.1,7.22,6.43,1.86,2,969.3,Apartment,Good,Unfurnished,0,0,627427.14
1483.8,1,1,2,57.1,21.39,5.78,2.98,1,3721.7,Independent House,Good,Unfurnished,1,1,449632.33
918.2,2,2,15,4.2,14.04,7.09,0.04,1,320.6,Apartment,Good,Semi-Furnished,0,0,379756.62
646.9,2,2,2,6.3,1.5,5.4,4.51,1,1421.3,Independent House,Premium,Semi-Furnished,0,1,685383.99
1169.9,2,2,7,45.4,10.61,6.12,0.68,1,648.7,Apartment,Good,Semi-Furnished,1,0,314271.24
854.8,1,2,7,3.9,8.11,9.49,2.0,0,168.0,Apartment,Average,Semi-Furnished,0,0,233117.87
1613.5,3,3,9,14.5,3.69,6.53,4.94,0,842.4,Apartment,Premium,Unfurnished,0,0,665054.55
1432.9,3,2,1,17.9,12.98,7.99,3.55,1,3644.3,Townhouse,Premium,Furnished,1,1,889033.11
1499.7,3,2,2,11.1,21.32,6.59,2.24,1,2784.3,Townhouse,Average,Semi-Furnished,0,0,452502.83
2599.0,4,3,1,11.1,8.73,7.81,2.98,2,5797.5,Independent House,Poor,Semi-Furnished,1,1,769524.08
1949.6,5,4,3,17.7,6.2,6.45,5.41,1,2213.8,Townhouse,Good,Semi-Furnished,0,0,653471.65
1288.3,4,3,10,29.1,9.1,2.95,3.1,2,354.8,Apartment,Average,Unfurnished,0,0,243680.37
2747.3,4,3,4,14.5,10.63,6.66,1.43,2,1304.3,Apartment,Good,Unfurnished,0,0,768120.52
1844.8,3,3,15,40.4,29.36,5.25,2.82,1,959.5,Apartment,Average,Unfurnished,0,0,253854.07
1870.5,4,2,2,3.9,4.62,6.26,4.52,1,2877.8,Villa,Poor,Semi-Furnished,1,0,656472.95
1157.7,1,1,10,39.7,4.79,7.7,2.37,0,545.7,Apartment,Average,Unfurnished,0,0,282267.92
3101.9,6,4,2,10.3,15.81,9.33,0.27,3,7050.2,Villa,Premium,Unfurnished,1,0,1425656.83
1473.3,3,3,8,39.4,5.73,4.66,1.1,0,960.0,Apartment,Poor,Furnished,0,0,317550.01
844.9,2,2,10,20.7,1.08,6.35,0.75,0,510.6,Apartment,Good,Semi-Furnished,0,0,321117.06
1970.1,3,2,9,6.5,21.5,6.72,2.12,0,524.3,Apartment,Average,Semi-Furnished,1,0,422985.88
2294.1,3,2,12,16.5,20.71,6.77,2.08,0,569.4,Apartment,Average,Semi-Furnished,0,0,471695.69
3035.2,3,3,1,2.7,2.73,6.78,1.24,0,5415.5,Independent House,Average,Unfurnished,0,0,877231.19
3154.2,6,4,1,8.1,8.75,7.52,1.83,3,7637.3,Townhouse,Average,Unfurnished,1,1,944251.76
3226.5,6,3,9,11.1,1.57,6.07,2.65,3,1631.5,Apartment,Good,Furnished,1,1,903820.63
3821.7,7,5,3,13.3,14.85,6.41,1.87,3,5402.5,Independent House,Good,Semi-Furnished,1,1,1239844.43
2132.3,4,3,1,29.7,14.38,7.27,1.34,2,3276.2,Independent House,Poor,Semi-Furnished,1,1,612230.73
2040.8,2,3,2,9.2,8.26,,0.65,1,2434.3,Villa,Average,Furnished,1,0,847242.11
1033.0,1,1,3,7.2,17.46,5.84,0.99,0,1551.7,Villa,Good,Unfurnished,1,1,545003.01
1856.5,3,3,3,6.9,1.76,6.6,3.26,1,3392.8,Independent House,Good,Semi-Furnished,1,0,693850.46
2298.2,3,2,3,15.8,9.94,5.84,5.0,1,4924.1,Independent House,Average,Unfurnished,1,0,603264.86
1882.1,2,1,2,22.8,1.09,5.28,3.09,0,2328.6,Independent House,Good,Semi-Furnished,1,0,547447.41
746.6,1,1,1,8.4,3.61,,3.1,1,1057.2,Townhouse,Poor,Furnished,1,0,281205.72
1638.4,3,3,2,15.9,1.53,6.64,3.35,0,3444.2,Independent House,Poor,Unfurnished,1,1,490766.88
1774.2,3,2,2,0.7,23.65,8.69,4.41,1,564.2,Apartment,Good,Furnished,0,0,503956.45
1201.1,3,2,2,9.7,16.96,7.27,3.95,2,1867.2,Independent House,Good,Semi-Furnished,1,1,575415.56
2388.0,5,4,1,3.1,1.2,5.32,,1,3473.5,Villa,Good,Semi-Furnished,0,1,957287.41
1621.9,3,2,7,37.1,10.41,8.95,1.86,2,1026.9,Apartment,Average,Unfurnished,0,0,340330.69
2955.4,5,4,3,37.9,1.22,5.97,5.37,3,3528.1,Independent House,Average,Semi-Furnished,0,1,851169.6
4573.0,7,5,1,15.6,13.51,9.0,0.71,3,11593.9,Villa,Good,Semi-Furnished,1,1,1565786.38
1154.5,1,1,12,3.7,15.67,6.59,4.65,2,776.3,Apartment,Average,Unfurnished,0,0,206982.63
1782.4,1,2,1,4.6,13.66,7.09,5.22,0,3338.9,Townhouse,Average,Semi-Furnished,1,0,509328.02
2438.1,3,3,1,14.9,10.37,6.17,3.98,2,4792.0,Villa,Good,Unfurnished,1,1,1020129.2
2925.9,5,5,3,14.6,7.2,6.27,2.42,3,3457.0,Villa,Average,Furnished,1,1,1101150.33
1695.6,3,2,10,2.8,9.87,8.7,1.7,0,772.8,Apartment,Average,Unfurnished,0,0,432433.23
2461.6,3,2,11,9.0,3.74,6.44,1.33,1,886.2,Apartment,Average,Semi-Furnished,0,0,656504.87
694.2,1,1,1,12.5,10.42,8.07,0.98,0,1780.8,Independent House,Premium,Furnished,1,0,617190.58
1612.7,2,2,4,30.2,6.37,6.77,4.91,2,499.0,Apartment,Average,Semi-Furnished,1,0,403360.32
1660.4,2,2,2,18.5,1.56,6.53,6.43,2,1037.5,Apartment,Average,Furnished,1,0,447055.74
1225.7,3,2,15,9.6,3.2,7.6,1.93,1,739.0,Apartment,Poor,Furnished,1,0,388711.23
522.8,1,1,8,31.9,15.61,6.53,1.97,0,306.7,Apartment,Poor,Unfurnished,0,0,94699.92
1608.3,4,3,3,35.9,1.74,5.56,6.29,1,3135.1,Townhouse,Average,Semi-Furnished,1,0,422325.81
1371.2,2,1,2,22.3,9.24,5.6,5.6,3,2089.4,Independent House,Good,Semi-Furnished,1,1,539143.56
3739.1,6,4,3,3.6,6.04,7.54,5.03,2,8671.9,Independent House,Poor,Unfurnished,1,1,1048220.78
2163.5,4,3,1,11.5,3.17,3.5,1.67,1,3566.6,Independent House,Average,Semi-Furnished,0,1,736924.28
968.7,2,2,3,9.1,17.73,7.25,3.83,1,362.3,Apartment,Poor,Unfurnished,0,0,89862.61
571.3,1,1,5,8.1,19.85,4.62,1.19,0,330.5,Apartment,Average,Furnished,1,1,264964.81
1733.9,4,2,14,32.7,1.95,6.95,1.9,4,1136.1,Apartment,Poor,Semi-Furnished,1,0,298332.19
1812.5,3,2,12,34.9,9.44,8.64,0.86,3,441.4,Apartment,Good,Semi-Furnished,1,0,565105.93
1235.8,1,1,13,9.4,6.78,5.42,1.96,1,486.6,Apartment,Good,Semi-Furnished,1,0,374849.9
1743.5,3,1,3,11.0,9.16,7.46,1.47,2,1029.5,Apartment,Good,Furnished,1,0,569682.34
1168.9,2,2,9,4.4,41.18,8.33,4.71,1,576.8,Apartment,Average,Semi-Furnished,1,0,224174.41
2118.2,3,3,2,,6.09,5.87,3.17,2,1350.8,Apartment,Good,Furnished,1,0,625917.88
2804.0,5,3,1,25.7,4.22,5.76,2.87,3,5627.8,Independent House,Good,Furnished,1,0,957769.7
928.4,2,2,3,7.6,7.71,7.24,0.65,0,1335.8,Independent House,Poor,Unfurnished,1,0,403721.33
1239.7,2,2,3,8.3,10.95,8.51,2.07,0,2842.8,Villa,Average,Unfurnished,0,1,556390.78
4337.3,7,4,2,17.7,5.83,10.0,0.2,4,10240.4,Independent House,Good,Unfurnished,1,1,1445646.88
2440.7,3,3,1,17.5,38.87,5.63,1.53,1,4713.3,Townhouse,Average,Semi-Furnished,1,0,597054.66
796.2,1,1,13,13.5,3.96,7.64,1.85,2,576.1,Apartment,Average,Semi-Furnished,1,0,264120.61
853.2,1,1,3,24.4,13.73,6.0,2.82,1,1561.7,Townhouse,Good,Unfurnished,1,0,345943.6
1476.4,3,3,3,19.5,22.53,5.06,1.28,0,605.1,Apartment,Poor,Furnished,1,0,287407.1
1021.2,1,1,3,16.0,0.53,6.36,1.04,0,1698.0,Townhouse,Premium,Unfurnished,1,0,687304.27
1184.5,3,3,1,9.1,11.67,6.37,2.65,0,233.2,Apartment,Average,Furnished,0,0,379106.79
1617.6,3,3,3,19.9,4.13,6.83,3.63,2,2151.0,Townhouse,Poor,Semi-Furnished,1,1,491498.74
1302.6,2,2,13,16.0,3.22,7.31,2.09,2,375.4,Apartment,Poor,Semi-Furnished,0,0,382940.19
2966.1,5,4,2,9.7,7.22,7.04,3.37,2,7204.9,Independent House,Average,Unfurnished,1,1,920333.9
3993.6,7,5,3,10.3,21.5,8.46,1.66,3,7836.5,Independent House,Premium,Semi-Furnished,1,0,1562212.86
1511.3,2,2,1,7.6,16.15,9.42,1.96,1,2020.6,Independent House,Good,Furnished,1,0,635955.88
1149.4,2,1,1,15.0,1.53,6.72,6.19,2,2256.1,Independent House,Premium,Unfurnished,1,1,705411.22
1942.7,3,2,3,22.4,16.08,5.99,3.16,1,2491.6,Townhouse,Average,Semi-Furnished,1,0,486605.88
2684.6,4,3,2,5.5,4.04,6.41,2.29,2,1081.2,Apartment,Average,Semi-Furnished,0,0,663082.96
1560.1,3,2,3,9.9,19.12,6.37,2.21,1,2848.2,Independent House,Average,Semi-Furnished,1,1,580741.98
2358.3,4,4,3,23.3,0.87,5.84,3.19,0,4602.4,Townhouse,Poor,Semi-Furnished,1,0,606007.08
951.9,2,3,3,11.2,12.35,4.53,0.47,2,315.5,Apartment,Premium,Semi-Furnished,1,0,585016.44
1365.1,2,2,8,13.7,3.6,4.75,4.61,1,692.4,Apartment,Average,Furnished,0,0,317526.55
1367.3,3,3,2,6.6,15.97,7.69,1.21,1,2248.3,Villa,Average,Semi-Furnished,1,1,642184.62
1856.4,3,2,2,6.1,25.49,7.79,1.52,1,3947.0,Independent House,Average,Unfurnished,0,1,571592.65
1571.2,4,4,3,9.6,7.33,7.17,4.25,1,3688.6,Townhouse,Good,Furnished,1,0,636382.01
2385.8,4,3,3,11.7,5.11,,5.13,1,3829.7,Independent House,Average,Unfurnished,0,1,738760.76
2855.1,4,5,2,17.3,6.51,5.97,4.11,1,1383.5,Apartment,Good,Furnished,0,0,798532.28
1401.4,3,1,3,32.6,7.84,4.71,4.29,1,2753.5,Townhouse,Good,Semi-Furnished,1,1,482523.85
584.2,1,2,4,6.0,12.06,5.76,3.14,0,360.2,Apartment,Good,Unfurnished,1,1,306160.15
1515.7,3,3,2,3.9,1.72,5.64,2.07,2,2591.0,Townhouse,Poor,Semi-Furnished,0,1,479613.07
2095.6,5,3,1,3.6,2.84,4.65,3.23,3,4214.2,Independent House,Average,Unfurnished,1,0,639496.49
1472.7,2,3,7,14.8,8.98,7.02,0.82,0,704.2,Apartment,Average,Furnished,1,0,427589.92
1729.8,4,2,1,17.5,8.04,5.63,2.99,0,3110.2,Independent House,Good,Furnished,0,1,679540.0
2527.3,4,3,8,8.1,2.66,6.76,5.31,1,734.4,Apartment,Premium,Semi-Furnished,0,1,961876.4
1956.8,4,2,1,14.1,18.49,4.56,3.33,3,2907.8,Independent House,Good,Semi-Furnished,1,1,633926.54
1768.4,3,2,2,24.7,4.55,7.55,2.26,2,2103.8,Independent House,Average,Semi-Furnished,1,0,560942.31
1333.0,3,2,3,11.1,29.18,7.32,3.33,1,2896.3,Independent House,Average,Semi-Furnished,1,0,491022.87
887.4,1,2,1,10.4,11.72,5.96,4.0,0,1348.7,Independent House,Good,Unfurnished,1,0,414591.92
2557.8,4,4,1,5.3,15.06,8.69,1.8,3,4472.2,Villa,Average,Furnished,1,1,1045943.94
1829.1,3,2,3,16.8,9.9,6.58,8.37,1,2881.1,Townhouse,Good,Unfurnished,1,1,587482.0
1184.3,2,1,1,7.5,5.16,6.9,4.15,3,1502.6,Independent House,Good,Unfurnished,1,0,566968.01
1813.9,3,3,3,19.6,9.63,4.44,1.42,1,4328.9,Independent House,Average,Unfurnished,1,0,558791.15
1273.7,2,1,1,10.9,7.04,5.57,2.5,0,231.6,Apartment,Average,Furnished,0,0,265596.04
1040.8,1,2,11,11.7,2.09,5.76,1.99,0,300.0,Apartment,Poor,Furnished,0,0,237704.14
1182.4,2,2,3,2.9,2.15,7.83,3.46,1,2395.5,Townhouse,Average,Unfurnished,1,1,487435.34
1603.9,4,3,3,25.2,6.11,8.1,2.69,2,424.8,Apartment,Good,Unfurnished,0,0,536173.36
1230.6,3,2,5,21.8,12.3,5.87,2.52,1,625.6,Apartment,Average,Furnished,1,0,303471.81
1055.6,2,2,7,7.4,6.11,6.95,2.5,1,459.5,Apartment,Average,Semi-Furnished,0,0,297561.16
1286.9,4,3,1,19.8,6.27,7.94,2.32,2,2687.8,Independent House,Poor,Furnished,1,0,476996.4
1281.1,2,3,9,5.9,12.6,6.21,3.47,1,293.7,Apartment,Poor,Furnished,0,0,356850.24
2724.8,4,3,3,20.0,6.04,4.58,3.28,2,3520.9,Independent House,Good,Semi-Furnished,0,1,859128.89
1799.6,2,3,3,17.6,36.83,7.73,2.3,1,3838.6,Townhouse,Good,Unfurnished,0,1,563497.88
1672.8,2,1,3,31.2,4.54,7.32,1.03,2,1929.8,Independent House,Average,Semi-Furnished,1,0,541078.59
1540.2,4,2,12,17.3,15.82,7.12,1.82,2,536.2,Apartment,Average,Furnished,1,0,335100.56
2926.5,4,3,3,6.9,8.91,8.09,6.32,1,4185.5,Townhouse,Average,Semi-Furnished,1,1,819469.47
1662.5,2,1,8,14.2,45.0,8.21,0.14,2,305.5,Apartment,Average,Furnished,0,0,332203.51
2061.4,4,3,1,10.7,5.67,7.6,3.19,1,3453.2,Independent House,Poor,Semi-Furnished,1,1,597811.77
1769.2,3,2,14,30.1,14.07,5.0,1.13,0,349.4,Apartment,Premium,Furnished,0,0,762856.01
2084.5,4,2,2,4.2,7.94,4.51,3.75,1,3711.2,Villa,Poor,Semi-Furnished,0,1,768406.42
1461.7,2,2,15,13.8,0.75,7.21,0.25,0,667.8,Apartment,Average,Unfurnished,0,0,395088.81
1343.7,2,2,3,6.7,8.57,6.79,1.57,0,2701.7,Townhouse,Poor,Semi-Furnished,1,0,401653.46
705.5,1,1,15,34.9,5.64,6.9,3.52,0,332.6,Apartment,Good,Unfurnished,0,0,281564.71
2134.2,4,3,1,14.8,10.3,9.15,6.33,2,,Independent House,Average,Semi-Furnished,1,1,754640.87
1908.6,3,3,2,18.4,4.31,8.03,4.0,1,2533.2,Townhouse,Premium,Furnished,1,1,907497.83
1199.0,2,2,13,10.8,0.48,6.43,7.17,1,311.2,Apartment,Poor,Unfurnished,1,0,223985.31
2090.4,3,3,1,20.3,24.2,5.63,1.65,1,457.0,Apartment,Good,Furnished,0,0,578396.21
999.3,2,1,3,6.9,4.84,7.64,0.15,0,394.1,Apartment,Good,Unfurnished,0,0,357072.78
643.0,1,1,11,7.2,15.37,7.37,5.79,1,213.5,Apartment,Average,Semi-Furnished,0,0,260599.01
1662.1,2,2,3,29.8,7.48,6.39,3.17,1,2803.8,Villa,Average,Furnished,1,0,699066.65
708.3,1,1,4,50.0,10.17,2.73,3.48,1,516.6,Apartment,Average,Semi-Furnished,0,0,70000.0
1559.4,2,3,5,3.2,9.5,5.31,5.28,1,470.9,Apartment,Good,Furnished,1,0,705099.56
1624.2,3,2,3,8.7,6.04,7.93,3.9,2,2383.0,Villa,Good,Furnished,0,1,810465.9
2046.0,4,3,8,24.6,8.62,4.83,0.74,1,1344.9,Apartment,Average,Semi-Furnished,0,0,523292.81
2028.1,4,3,1,17.6,14.74,7.54,0.7,1,832.0,Apartment,Average,Furnished,0,0,502949.37
1253.1,1,1,2,7.6,8.91,7.34,2.58,0,2970.5,Independent House,Average,Unfurnished,1,0,427527.98
1586.4,2,1,1,10.4,16.92,5.26,2.87,1,3289.5,Villa,Average,Semi-Furnished,1,0,636815.59
2313.1,3,2,3,8.1,5.62,8.0,2.3,2,5409.2,Independent House,Good,Unfurnished,1,1,862052.34
2490.1,3,2,3,19.2,7.94,6.58,2.36,2,4295.6,Townhouse,Average,Furnished,1,0,708568.8
956.6,1,1,3,7.6,2.89,6.48,0.78,1,1996.4,Villa,Average,Semi-Furnished,0,1,586583.59
1522.9,3,3,14,10.5,10.85,5.03,1.93,0,880.3,Apartment,Good,Semi-Furnished,0,0,513653.54
885.1,2,1,2,21.5,7.44,8.58,2.73,0,1398.4,Villa,Good,Furnished,0,1,690574.5
1467.7,2,1,1,15.9,9.36,4.97,1.81,0,1687.6,Independent House,Good,Unfurnished,1,1,705421.17
3526.2,6,4,3,26.6,23.2,4.95,2.01,2,7782.5,Villa,Poor,Furnished,1,1,1123552.89
4264.0,7,4,3,7.4,7.56,6.91,1.12,3,2380.5,Apartment,Premium,Unfurnished,1,1,1444315.92
1223.9,2,2,4,10.2,21.34,5.28,1.04,1,911.3,Apartment,Good,Unfurnished,0,0,334823.06
1094.5,3,3,1,6.8,3.96,9.7,0.36,2,1513.7,Independent House,Average,Semi-Furnished,1,1,621832.91
1329.9,2,2,3,9.2,4.36,5.27,0.8,1,1950.2,Townhouse,Poor,Unfurnished,1,0,357267.61
1696.4,3,3,3,4.6,4.1,7.85,1.27,2,1912.3,Townhouse,Premium,,1,0,844578.42
1681.0,2,2,1,1.6,2.55,9.08,1.34,0,3499.3,Villa,Average,Furnished,1,0,740177.57
1253.2,1,2,1,4.1,8.95,7.74,3.61,0,1983.4,Independent House,Good,Furnished,0,0,568054.28
1130.9,1,1,7,22.1,12.19,5.6,2.97,1,494.5,Apartment,Good,Unfurnished,0,0,238579.0
1597.5,2,1,8,4.4,30.37,7.2,0.57,1,794.7,Apartment,Good,Unfurnished,1,0,469433.88
1260.1,2,2,9,17.1,7.3,8.67,0.19,1,240.2,Apartment,Good,Unfurnished,1,0,403940.05
934.3,1,1,9,9.5,22.54,4.53,2.39,0,341.4,Apartment,Premium,Semi-Furnished,1,0,501971.11
1021.1,2,2,5,10.7,3.05,8.29,1.99,0,216.3,Apartment,Average,Unfurnished,0,0,349755.8
1553.1,2,2,1,4.8,4.53,7.41,5.06,1,3252.3,Independent House,Average,Unfurnished,1,0,521368.94
1214.5,3,2,3,8.3,7.02,9.44,2.23,0,2134.5,Independent House,Good,Furnished,1,0,556354.2
1226.0,1,1,3,15.0,3.22,7.32,1.02,1,2174.3,Townhouse,Average,Furnished,0,0,514641.85
1773.0,2,3,5,4.4,9.74,6.92,2.6,1,552.8,Apartment,Good,Furnished,0,0,572379.95
1677.6,2,2,1,7.9,2.36,7.69,5.35,0,2798.8,Independent House,Good,Unfurnished,1,0,667726.04
884.8,2,2,3,13.4,8.34,4.9,2.0,0,1653.2,Independent House,Average,Semi-Furnished,1,0,330775.36
2842.2,5,3,1,17.4,7.91,5.52,3.44,2,,Independent House,Good,Unfurnished,0,0,947003.79
1965.6,4,5,1,11.0,10.86,6.8,2.37,4,3662.5,Townhouse,Average,Semi-Furnished,1,0,562949.46
1033.7,2,1,3,35.6,21.23,5.94,4.74,0,1393.1,Independent House,Good,Semi-Furnished,0,1,324487.78
1415.3,2,1,3,13.0,4.63,5.81,1.24,1,3072.5,Townhouse,Poor,Furnished,0,1,489721.62
1183.0,2,1,3,19.9,26.85,9.65,4.91,2,2209.2,Townhouse,Good,Semi-Furnished,1,1,417889.04
2455.7,5,5,1,15.0,17.02,9.3,2.73,4,6447.7,Independent House,Premium,Unfurnished,1,1,1184195.47
1157.5,1,1,12,9.7,10.76,3.01,5.91,0,600.5,Apartment,Average,Semi-Furnished,1,0,250869.65
1312.3,2,2,15,2.6,2.43,6.76,1.6,2,541.4,Apartment,Average,Furnished,1,0,476518.13
1249.6,2,1,4,21.5,9.57,4.97,7.68,0,482.0,Apartment,Average,Unfurnished,0,0,234429.05
886.1,3,2,1,21.4,2.91,8.37,,0,2111.0,Townhouse,Good,Furnished,0,1,462818.01
2977.4,4,3,1,34.8,13.04,7.02,5.19,0,,Townhouse,Average,Unfurnished,1,1,829096.26
2440.7,4,3,2,9.7,5.73,8.82,2.77,1,4349.4,Independent House,Poor,Unfurnished,1,1,713948.0
1205.5,1,1,2,43.1,19.57,5.45,2.55,0,2104.6,Townhouse,Premium,Furnished,1,0,605728.53
1466.5,1,1,12,20.6,20.11,5.32,4.78,1,712.2,Apartment,Average,Unfurnished,0,0,302681.91
2782.2,4,4,3,,13.83,6.38,3.02,2,3709.0,Independent House,Average,Semi-Furnished,1,0,779540.34
1385.0,3,2,11,5.1,3.36,5.83,3.31,2,744.5,Apartment,Good,Unfurnished,1,0,582972.42
4283.3,7,5,3,13.9,6.46,6.57,2.08,3,5436.0,Villa,Poor,Semi-Furnished,1,1,1231836.3
4264.0,6,4,12,31.5,20.18,8.42,3.36,2,2233.8,Apartment,Poor,Semi-Furnished,0,0,957808.15
1564.9,3,2,2,5.0,38.58,7.38,4.36,1,3785.0,Townhouse,Premium,Furnished,1,1,743852.06
1291.9,2,3,3,0.6,5.39,6.27,5.28,2,3170.6,Townhouse,Good,Furnished,1,1,573746.83
1219.6,2,2,1,9.2,9.64,6.78,3.73,1,2123.6,Independent House,Poor,Semi-Furnished,1,1,542469.82
534.0,2,1,7,35.9,5.51,4.41,3.26,1,150.0,Apartment,Good,Semi-Furnished,0,0,147189.42
3762.6,6,4,3,28.4,3.56,3.87,5.02,2,9723.4,Villa,Average,Unfurnished,0,1,1117856.38
1422.3,3,2,1,12.9,4.28,8.46,5.75,1,2402.9,Townhouse,Poor,Semi-Furnished,1,0,437995.36
2383.2,3,2,1,8.0,8.13,5.6,3.84,1,3431.9,Townhouse,Good,Semi-Furnished,1,1,802647.6
2593.2,5,3,3,18.6,1.65,8.78,0.39,3,3580.0,Townhouse,Average,Unfurnished,1,0,761052.81
859.3,2,1,2,28.5,17.57,6.26,0.76,1,227.5,Apartment,Average,Furnished,0,0,163889.97
1116.1,3,4,1,20.6,6.86,,2.89,0,1673.4,Townhouse,Premium,Unfurnished,1,0,650271.04
2815.4,4,3,7,31.1,10.2,7.9,1.72,2,937.6,Apartment,Average,Unfurnished,1,0,615815.46
1313.8,2,2,14,31.2,9.94,8.07,2.92,1,711.5,Apartment,Average,Furnished,0,0,282378.7
1400.4,3,4,2,17.5,6.98,5.95,2.46,2,3157.6,Independent House,Average,Semi-Furnished,1,1,555431.3
1063.8,2,1,2,21.3,5.26,6.8,5.65,1,1381.8,Townhouse,Good,Semi-Furnished,1,1,506608.12
1275.0,2,2,14,15.0,4.75,6.67,,1,552.2,Apartment,Good,Unfurnished,0,0,416911.03
2548.8,5,3,12,2.9,16.86,7.25,2.8,2,861.2,Apartment,Premium,Semi-Furnished,0,0,954395.51
1804.4,2,2,11,15.4,2.44,6.98,6.0,0,758.4,Apartment,Average,Semi-Furnished,1,0,398393.55
1460.3,2,1,5,5.1,13.76,5.64,0.14,2,489.6,Apartment,Good,Unfurnished,0,0,397764.57
3601.3,5,4,3,4.5,14.34,6.92,1.2,4,7671.3,Independent House,Good,Semi-Furnished,1,1,1283292.91
2431.6,4,4,12,24.5,4.66,4.58,3.42,3,646.5,Apartment,Average,Unfurnished,1,0,523949.71
2126.4,4,3,2,8.8,5.94,6.7,4.09,2,4711.6,Independent House,Poor,Unfurnished,1,1,586075.43
4264.0,7,4,13,11.3,10.61,6.87,1.97,3,1405.5,Apartment,Good,Unfurnished,1,0,1135179.29
1219.5,3,2,9,6.3,10.0,5.28,1.23,1,571.0,Apartment,Average,Unfurnished,0,0,311264.82
2930.8,5,4,2,7.1,16.79,6.29,3.93,1,7117.9,Independent House,Good,Unfurnished,1,0,911314.33
1147.1,2,2,2,12.5,14.62,5.96,1.73,2,610.9,Apartment,Average,Semi-Furnished,1,0,273183.77
2410.8,4,4,3,16.1,4.27,5.98,4.1,1,5231.1,Townhouse,Poor,Semi-Furnished,1,1,612067.77
2006.8,3,3,1,12.0,19.66,7.8,1.91,1,4082.2,Villa,Premium,Unfurnished,1,1,1083874.67
2703.8,5,4,2,18.2,5.75,7.37,1.58,2,5867.0,Villa,Good,Semi-Furnished,1,1,1075148.1
5042.8,7,4,3,22.2,2.35,8.09,2.94,4,7747.7,Independent House,Average,Unfurnished,0,1,1480102.19
2018.0,3,2,1,3.5,1.74,9.71,4.52,2,1067.5,Apartment,Good,Semi-Furnished,1,0,690146.28
2015.9,3,2,1,19.0,13.42,8.29,1.84,1,4756.8,Townhouse,Average,Furnished,1,1,661515.17
1608.8,4,3,3,15.3,32.53,4.47,4.66,2,2624.2,Villa,Good,Semi-Furnished,1,1,712155.27
2410.7,4,2,1,15.1,4.01,5.75,1.04,2,4088.1,Villa,Average,Semi-Furnished,1,1,964401.55
886.0,1,1,10,5.4,1.5,8.65,0.69,1,438.1,Apartment,Average,Unfurnished,0,0,349086.79
1963.7,3,3,10,10.0,12.5,6.13,1.16,0,756.6,Apartment,Average,Unfurnished,0,0,505988.93
1943.2,3,2,2,20.0,3.21,6.03,2.72,2,910.5,Apartment,Average,Semi-Furnished,0,0,504144.13
1254.7,2,2,1,4.7,15.55,7.18,2.24,1,629.9,Apartment,Average,Semi-Furnished,0,0,318727.89
3716.5,5,3,3,48.2,7.03,6.29,1.03,4,4767.0,Independent House,Average,Semi-Furnished,1,1,1099431.44
2565.0,4,3,5,24.6,4.29,,4.4,1,881.2,Apartment,Premium,Furnished,1,0,958417.49
1440.8,2,1,15,6.6,7.28,6.47,2.82,2,490.0,Apartment,Poor,Unfurnished,0,0,269734.86
1715.7,3,1,7,10.6,22.76,10.0,3.12,1,910.1,Apartment,Poor,Furnished,0,0,334412.05
1288.7,3,3,3,4.2,1.37,5.89,3.76,1,2645.9,Townhouse,Average,Semi-Furnished,1,1,483557.67
1206.8,2,1,5,25.2,16.02,5.75,2.85,2,767.7,Apartment,Good,Unfurnished,0,0,324703.32
1049.2,2,2,2,12.1,17.11,5.49,3.82,1,1498.4,Townhouse,Average,,1,1,306748.35
1106.7,2,1,9,15.7,5.8,5.56,1.19,1,225.2,Apartment,Average,Semi-Furnished,0,0,262943.71
2131.9,3,3,3,13.6,13.04,7.75,2.55,1,4791.5,Villa,Good,Unfurnished,1,1,964910.72
673.7,3,3,1,20.8,10.56,4.75,3.45,2,150.0,Apartment,Poor,Semi-Furnished,0,0,152317.43
2102.3,4,3,2,6.5,16.99,5.24,3.9,1,5174.1,Townhouse,Premium,Semi-Furnished,1,1,955370.86
2078.4,3,2,1,56.2,7.33,7.45,2.56,1,682.1,Apartment,Average,Semi-Furnished,1,0,357248.06
1348.5,2,2,5,20.9,2.21,3.55,3.63,0,750.8,Apartment,Good,Semi-Furnished,1,0,512394.76
450.0,1,1,9,22.6,20.47,4.56,3.72,2,256.7,Apartment,Poor,Semi-Furnished,1,0,70000.0
1216.6,1,2,2,16.6,4.5,6.62,4.54,0,325.8,Apartment,Good,Semi-Furnished,0,0,372056.72
753.6,2,2,4,6.4,5.69,7.29,3.49,1,286.8,Apartment,Good,Furnished,1,0,402375.05
1277.3,1,1,3,10.7,6.74,6.21,3.51,1,2017.9,Townhouse,Poor,Unfurnished,1,0,320238.58
3400.5,5,4,1,9.7,18.7,7.33,3.65,1,6091.8,Independent House,Average,Furnished,0,0,967809.8
486.7,2,2,2,28.0,29.18,5.45,2.54,1,313.8,Apartment,Average,Unfurnished,0,1,70000.0
1171.1,2,1,1,7.0,6.22,8.9,0.82,1,1580.2,Townhouse,Poor,Unfurnished,1,0,322892.54
2337.8,4,2,2,14.1,6.43,8.02,5.11,1,2819.7,Townhouse,Premium,Semi-Furnished,1,1,949350.68
1007.5,1,1,10,5.0,10.26,5.52,5.54,1,444.5,Apartment,Good,Unfurnished,0,0,185640.84
975.7,1,1,4,20.5,3.46,6.43,1.56,1,575.5,Apartment,Good,Unfurnished,1,0,418363.6
3177.0,4,3,15,8.2,12.58,3.85,1.3,2,1052.5,Apartment,Premium,Unfurnished,0,0,1121118.46
1586.1,3,3,12,21.9,12.67,8.05,4.87,3,948.8,Apartment,Good,Semi-Furnished,1,0,578532.04
2442.9,3,2,2,26.2,10.47,4.84,5.68,1,3096.6,Townhouse,Good,Semi-Furnished,0,1,709887.79
2741.9,6,3,3,41.4,2.43,5.92,7.1,3,5892.0,Villa,Average,Unfurnished,1,0,889490.31
2384.0,3,2,2,12.3,28.44,,2.5,1,4770.0,Villa,Average,Semi-Furnished,1,1,822528.49
3787.7,7,4,2,16.4,13.4,4.7,1.45,4,7851.6,Villa,Average,Unfurnished,0,0,1190144.08
3673.0,6,4,1,13.5,25.82,5.49,0.75,3,9407.9,Townhouse,Average,Furnished,1,1,1056030.1
667.1,1,1,10,10.5,2.81,7.24,3.4,0,205.0,Apartment,Average,Unfurnished,0,0,158571.03
1333.1,2,1,13,24.1,3.93,5.98,1.24,1,520.6,Apartment,Average,Semi-Furnished,0,0,227859.86
1328.7,4,1,13,10.1,4.78,7.96,2.53,2,449.7,Apartment,Average,Semi-Furnished,0,0,378299.58
1129.8,4,3,6,21.0,29.4,7.78,3.45,3,326.0,Apartment,Average,Semi-Furnished,0,0,261029.64
2042.9,3,2,2,1.2,9.91,5.47,0.51,2,935.5,Apartment,Average,Furnished,0,0,548409.38
1838.0,3,1,1,8.2,8.34,6.04,2.57,2,4687.4,Townhouse,Average,Unfurnished,1,0,562036.89
3037.5,4,3,7,24.6,0.7,6.04,1.97,2,1401.6,Apartment,Average,Semi-Furnished,0,0,713790.58
2147.8,3,3,6,14.0,6.38,6.11,4.74,1,,Apartment,Average,Semi-Furnished,1,0,514594.63
3278.1,6,4,1,26.8,7.37,8.84,3.72,3,4449.1,Independent House,Good,Semi-Furnished,1,1,1046729.18
817.6,2,2,9,14.2,10.81,6.98,5.0,2,412.5,Apartment,Good,Semi-Furnished,1,0,341672.75
1317.3,1,1,3,23.4,29.71,4.29,1.23,1,2968.5,Independent House,Average,Unfurnished,0,0,340548.41
998.4,2,1,6,8.0,22.36,5.75,2.3,0,483.3,Apartment,Poor,Unfurnished,1,1,149363.41
2876.2,5,4,2,21.2,7.01,6.03,4.1,1,6140.4,Townhouse,Average,Unfurnished,1,1,784875.0
901.3,1,2,15,18.8,3.79,7.31,1.92,1,150.0,Apartment,Average,Furnished,1,0,236731.06
1112.8,1,2,2,13.0,6.91,9.31,2.36,0,1874.0,Townhouse,Average,Furnished,1,1,560342.24
844.8,2,1,10,23.6,9.23,7.84,2.79,1,281.9,Apartment,Premium,Unfurnished,0,0,405002.66
4264.0,7,4,5,26.0,13.04,6.55,1.07,4,2344.1,Apartment,Average,Semi-Furnished,0,0,1044969.53
1740.8,3,3,2,22.3,0.3,5.47,3.62,1,3103.7,Independent House,Average,,1,1,635147.96
1690.3,3,3,1,24.2,7.0,8.76,4.34,2,265.2,Apartment,Good,Semi-Furnished,0,0,473158.13
838.0,1,2,8,18.8,7.44,6.27,2.82,0,387.1,Apartment,Average,Semi-Furnished,1,0,279348.2
3332.7,5,3,2,5.8,6.85,4.64,4.75,3,6148.9,Villa,Poor,Semi-Furnished,1,0,1024314.45
642.4,2,2,12,15.2,29.57,7.22,2.12,1,176.9,Apartment,Average,Unfurnished,0,0,79236.28
1093.7,1,1,1,13.1,7.77,4.91,1.29,0,1889.6,Townhouse,Premium,Semi-Furnished,1,1,643924.23
1213.6,2,2,3,17.6,8.64,7.66,2.06,0,1397.5,Townhouse,Poor,Unfurnished,1,1,324396.06
1483.3,3,2,3,26.3,27.26,6.13,2.09,1,834.6,Apartment,Good,Unfurnished,0,0,381815.66
1182.6,2,3,2,22.7,22.13,,3.09,1,1695.7,Townhouse,Good,Semi-Furnished,1,0,471714.06
2566.1,4,3,7,21.9,20.01,2.72,1.18,3,1093.1,Apartment,Average,Semi-Furnished,0,0,508545.2
2282.9,4,2,3,1.9,10.45,8.26,0.39,2,3649.4,Independent House,Good,Furnished,1,1,934160.07
1012.8,1,1,11,13.3,6.04,4.99,1.5,0,486.2,Apartment,Average,Unfurnished,1,0,238175.47
2057.2,3,3,14,10.5,3.7,5.65,2.29,2,935.8,Apartment,Average,Semi-Furnished,0,0,525330.5
1147.0,2,1,7,20.2,17.09,6.98,3.21,1,600.1,Apartment,Average,Furnished,1,0,317555.8
1738.3,4,2,3,30.3,25.68,6.49,4.52,1,2237.6,Villa,Premium,Semi-Furnished,1,0,908998.16
2692.2,5,4,2,16.9,13.05,10.0,6.48,2,6823.4,Independent House,Average,Furnished,1,1,866044.54
795.1,1,1,3,4.8,3.16,4.2,2.41,0,2015.6,Villa,Average,Furnished,1,0,462892.84
2516.1,4,3,1,14.2,9.87,6.14,1.79,1,4184.5,Independent House,Premium,Furnished,1,0,1086555.79
1369.7,2,1,2,0.5,19.59,,2.05,2,2879.3,Independent House,Average,Furnished,1,1,568911.52
1222.2,2,1,3,24.6,4.05,6.06,3.38,1,3221.9,Townhouse,Premium,Semi-Furnished,1,1,610366.71
5069.8,7,5,3,10.3,4.23,6.7,4.53,2,6631.8,Villa,Good,Semi-Furnished,1,0,1627050.01
1320.0,3,3,3,27.9,12.37,10.0,4.9,2,3295.2,Townhouse,Good,Furnished,1,1,571979.15
2021.4,5,4,15,28.5,13.19,6.8,6.34,2,437.3,Apartment,Good,Furnished,0,0,528229.56
2078.0,3,2,1,32.2,11.97,8.73,2.25,2,3171.8,Independent House,Good,Unfurnished,1,1,683158.7
1938.0,4,3,3,10.1,21.27,7.64,2.41,2,4775.4,Townhouse,Poor,Unfurnished,1,1,554386.62
1217.9,2,1,8,44.7,8.53,7.77,5.53,0,329.3,Apartment,Premium,Unfurnished,0,0,398653.99
1191.5,2,1,3,27.9,5.65,6.41,0.65,1,745.2,Apartment,Premium,Furnished,1,0,640032.01
2570.4,3,3,7,10.7,16.17,4.34,6.26,0,993.1,Apartment,Premium,Unfurnished,1,0,852521.85
2731.6,5,5,3,29.9,33.79,8.28,2.95,2,4459.2,Independent House,Good,Unfurnished,0,1,882509.84
1096.9,3,3,2,10.4,5.97,7.51,4.89,1,435.3,Apartment,Average,Semi-Furnished,0,0,325890.85
1191.1,2,2,2,17.9,14.64,7.48,6.6,1,2023.9,Independent House,Average,Unfurnished,1,1,457768.86
1290.8,2,1,3,21.3,23.13,6.48,3.15,0,2862.1,Townhouse,Poor,Furnished,1,0,289388.51
2790.8,4,4,2,20.3,11.08,5.76,1.81,3,6366.0,Independent House,Average,Semi-Furnished,0,1,849927.49
2219.7,3,3,2,8.4,3.28,8.62,3.56,0,704.3,Apartment,Good,Unfurnished,0,0,656275.97
2812.2,5,4,2,31.5,11.3,7.17,1.78,3,4522.7,Villa,Good,Unfurnished,1,1,1054060.68
836.7,2,2,2,25.4,12.68,4.05,1.87,0,1311.5,Townhouse,Average,Furnished,1,0,272322.06
1856.9,3,3,1,37.4,7.19,6.62,2.35,1,466.4,Apartment,Average,Semi-Furnished,1,0,379571.77
2339.2,2,1,2,31.1,7.02,6.26,2.03,0,703.6,Apartment,Good,Semi-Furnished,0,0,589359.29
1455.3,3,2,10,27.6,2.52,2.89,3.21,1,573.0,Apartment,Average,Unfurnished,1,0,311748.7
3107.6,5,4,13,27.9,4.88,5.62,2.05,2,1250.4,Apartment,Premium,Furnished,0,0,1069340.87
1061.1,1,1,3,21.3,5.44,10.0,2.57,1,1846.7,Independent House,Good,Furnished,1,1,615232.04
2969.8,4,2,2,13.6,4.23,3.28,1.49,2,4541.8,Villa,Poor,Semi-Furnished,1,0,844300.34
1204.0,2,2,1,21.9,8.17,5.03,1.7,0,3100.9,Independent House,Poor,Semi-Furnished,1,1,420212.97
2573.7,4,2,1,7.9,17.88,3.17,2.69,4,6204.6,Townhouse,Good,Furnished,1,0,815134.43
2134.4,4,3,3,29.8,5.25,4.4,1.0,2,3497.3,Townhouse,Average,,0,0,535203.6
3938.0,7,4,3,52.7,24.37,4.03,2.25,4,9160.6,Independent House,Good,Semi-Furnished,1,1,1123042.01
2279.6,4,3,3,22.4,12.18,4.98,3.14,3,5100.7,Independent House,Average,Furnished,1,0,767066.49
1141.8,2,2,4,11.3,41.38,9.19,0.63,0,778.7,Apartment,Poor,Furnished,1,1,233543.74
1812.4,3,3,3,7.2,14.77,8.01,1.78,1,2699.6,Villa,Average,Semi-Furnished,1,1,784218.58
1218.0,2,2,1,13.2,2.04,6.32,1.92,2,689.2,Apartment,Good,Semi-Furnished,1,0,500717.76
1491.2,1,1,3,28.0,21.52,9.13,0.49,0,3188.8,Independent House,Premium,Semi-Furnished,0,1,739928.66
3922.3,7,5,3,20.4,1.23,6.01,2.54,4,8559.8,Villa,Premium,Semi-Furnished,1,1,1777449.39
3157.8,6,4,2,18.0,1.67,5.31,1.98,3,4106.4,Independent House,Average,Unfurnished,0,1,958191.95
721.6,1,1,5,14.2,17.88,6.07,4.97,0,206.5,Apartment,Good,Semi-Furnished,0,1,237141.43
1676.8,1,1,3,19.5,31.1,4.4,2.85,0,4153.1,Townhouse,Poor,Semi-Furnished,0,1,322824.07
1389.0,2,2,6,4.7,31.18,3.97,6.93,1,350.5,Apartment,Good,Unfurnished,0,0,87423.3
1331.0,2,1,2,12.0,11.33,7.66,3.58,0,2529.1,Independent House,Premium,Furnished,1,1,814418.5
1626.4,3,2,8,11.5,6.94,7.18,2.68,1,1027.6,Apartment,Average,Unfurnished,0,0,496604.35
3413.2,4,3,1,11.9,8.4,4.83,3.84,1,7552.3,Independent House,Premium,,1,1,1350768.64
3239.6,5,3,3,25.1,8.52,7.38,3.54,2,7500.2,Villa,Average,Unfurnished,0,0,988172.1
2382.4,4,2,12,4.3,9.68,7.44,0.83,3,1171.2,Apartment,Poor,Unfurnished,1,0,551735.03
1000.6,2,1,14,11.9,4.67,5.82,2.26,2,277.4,Apartment,Average,Unfurnished,1,1,231728.4
1876.6,3,3,1,16.0,9.34,5.32,3.55,2,3142.8,Independent House,Premium,,1,1,969208.22
980.9,2,2,13,14.0,6.0,7.85,3.37,1,151.0,Apartment,Average,Semi-Furnished,0,0,272775.33
1496.1,4,3,2,14.4,4.23,7.35,2.5,3,992.7,Apartment,Good,Unfurnished,0,1,504493.83
1553.8,2,2,9,4.1,24.95,9.22,1.53,0,368.9,Apartment,Average,Semi-Furnished,0,0,344979.55
2024.8,3,4,7,19.2,13.13,7.33,1.16,2,781.4,Apartment,Good,Semi-Furnished,0,0,613982.97
3208.4,4,3,2,5.2,13.0,4.13,0.29,3,8178.8,Independent House,Good,Unfurnished,0,0,1046456.87
2203.7,3,3,3,6.9,9.86,4.48,1.64,2,3616.3,Townhouse,Average,Unfurnished,1,1,641750.54
942.8,1,1,12,24.9,4.68,6.38,1.91,0,400.5,Apartment,Good,Unfurnished,0,0,325515.48
935.1,2,1,1,16.0,9.16,7.87,3.41,0,2302.6,Townhouse,Good,Unfurnished,1,1,463480.8
1683.3,3,3,11,10.3,30.4,7.17,2.88,1,690.6,Apartment,Average,Unfurnished,0,0,288787.22
2541.0,5,3,12,45.0,13.16,5.81,2.53,1,1254.3,Apartment,Average,Semi-Furnished,1,0,565936.79
1828.9,4,3,1,12.1,8.12,4.26,0.75,1,2566.9,Independent House,Average,Semi-Furnished,1,0,626727.35
712.4,1,1,5,6.8,11.87,8.83,0.9,0,267.9,Apartment,Premium,Furnished,1,0,539738.66
3960.5,6,5,3,3.3,6.84,8.76,0.72,2,7637.5,Townhouse,Good,Semi-Furnished,0,1,1328242.06
2735.8,5,3,3,27.9,6.56,4.66,2.03,1,4563.7,Villa,Good,Semi-Furnished,0,1,998064.01
1773.0,3,3,1,23.7,18.54,7.66,1.72,2,4021.7,Townhouse,Good,Unfurnished,1,1,662733.02
1131.5,2,2,3,15.2,9.9,7.07,3.87,1,2118.0,Independent House,Good,Unfurnished,1,1,479124.02
1362.2,3,1,14,8.8,13.59,7.69,2.14,0,364.7,Apartment,Average,Semi-Furnished,0,1,420516.21
1805.5,4,3,6,21.1,9.49,8.9,2.12,1,760.0,Apartment,Average,Unfurnished,1,0,524353.04
1671.3,3,3,12,23.0,15.68,8.77,3.05,1,1051.5,Apartment,Good,Unfurnished,0,0,418939.92
1389.0,3,3,1,1.2,6.49,7.43,3.81,0,3500.9,Independent House,Poor,Furnished,0,0,445978.6
1804.2,3,3,2,6.7,7.41,,2.53,1,4633.2,Independent House,Average,Unfurnished,1,1,653034.68
1044.6,2,2,9,25.2,28.52,6.27,2.01,2,571.0,Apartment,Good,Unfurnished,1,0,370663.25
2721.7,4,2,15,5.3,1.66,6.38,3.38,2,1065.3,Apartment,Good,Furnished,1,0,838736.24
1970.3,4,3,6,11.7,15.39,10.0,3.8,2,624.2,Apartment,Good,Unfurnished,0,0,565868.94
1323.9,2,1,3,14.3,10.61,6.77,2.37,1,2809.6,Townhouse,Poor,Semi-Furnished,1,1,386744.87
1131.3,1,1,1,8.4,7.71,7.83,0.31,0,2518.2,Independent House,Premium,Unfurnished,1,1,717614.87
2076.7,4,3,2,,4.83,7.3,3.12,1,5334.8,Independent House,Average,Semi-Furnished,1,0,723475.44
1811.0,2,2,2,8.5,20.77,5.27,1.7,1,4392.0,Villa,Average,Furnished,1,1,707051.16
1135.0,1,2,7,6.7,30.9,7.39,3.23,0,397.5,Apartment,Premium,Semi-Furnished,0,0,561263.02
1147.2,3,3,2,5.0,7.33,5.74,1.65,0,,Independent House,Good,Semi-Furnished,1,1,642809.13
1078.9,3,2,3,4.9,14.35,5.33,4.02,2,2642.3,Townhouse,Premium,Unfurnished,1,1,602720.43
1448.7,2,1,2,27.6,13.96,7.56,3.65,1,685.1,Apartment,Good,Semi-Furnished,0,0,402070.66
1991.3,1,2,2,22.1,14.72,4.87,4.07,0,5075.2,Villa,Good,Semi-Furnished,0,0,747055.17
3860.7,7,5,4,15.8,3.07,7.97,3.7,1,1331.0,Apartment,Average,Unfurnished,1,1,911543.37
2371.9,4,4,3,14.1,19.36,7.53,3.4,1,4825.1,Independent House,Average,Unfurnished,1,1,706149.1
1139.3,2,2,3,44.6,2.18,8.53,2.55,3,2807.6,Independent House,Premium,Semi-Furnished,0,0,731792.04
1168.7,2,1,3,25.6,13.84,7.4,4.11,3,1883.4,Villa,Good,Furnished,1,1,700631.01
1950.3,3,3,1,32.7,22.32,5.31,3.67,3,2815.8,Townhouse,Average,Furnished,1,0,512173.64
1145.3,2,2,7,14.7,6.17,8.32,4.27,0,700.2,Apartment,Average,Furnished,0,0,323315.85
3232.7,4,3,2,8.2,10.42,8.39,5.97,1,4851.9,Independent House,Average,Semi-Furnished,1,1,881094.97
2080.2,3,2,1,6.5,15.94,8.0,3.6,0,4975.9,Independent House,Average,Furnished,1,0,667917.68
717.6,2,1,1,7.3,7.6,7.76,0.37,0,1680.7,Townhouse,Good,Furnished,1,0,492817.11
1204.4,2,3,1,9.0,4.43,4.56,1.33,1,2733.1,Independent House,Poor,Unfurnished,0,0,369598.79
1018.9,2,1,4,14.3,14.63,7.94,4.79,2,291.1,Apartment,Average,Semi-Furnished,0,0,275515.99
1986.6,2,1,1,16.0,3.66,4.89,6.13,1,3300.7,Townhouse,Premium,Unfurnished,1,0,732274.52
1187.6,1,1,2,11.7,1.33,5.8,4.6,0,3015.9,Independent House,Average,Furnished,1,0,469126.35
1442.7,2,2,6,10.6,10.04,5.49,1.41,0,647.0,Apartment,Average,Furnished,1,1,440502.95
941.4,1,2,1,5.5,7.63,4.43,4.47,0,2259.3,Townhouse,Average,Furnished,1,0,399909.47
2233.3,4,4,2,45.5,14.79,6.96,2.14,1,3781.2,Villa,Poor,Unfurnished,0,1,696954.74
2158.7,3,2,3,4.5,10.62,6.65,3.22,0,4248.7,Independent House,Average,Furnished,1,0,660883.68
3414.2,6,4,2,37.3,34.25,8.63,2.89,3,5902.3,Independent House,Poor,Unfurnished,1,1,869922.74
1500.0,2,1,6,11.9,21.29,8.45,2.17,0,293.4,Apartment,Average,Unfurnished,1,0,306022.42
1580.7,4,3,3,11.5,11.51,6.96,1.86,1,4286.7,Villa,Average,Semi-Furnished,1,1,722978.66
2533.0,4,3,11,8.5,19.58,7.84,4.57,2,794.9,Apartment,Average,Furnished,0,0,579465.99
1527.8,2,2,2,21.4,23.51,6.55,4.76,0,2381.8,Townhouse,Poor,Furnished,0,1,346987.58
2283.4,5,4,1,7.0,23.51,6.54,6.17,1,2546.4,Townhouse,Premium,Unfurnished,1,0,928621.03
1428.6,3,2,3,14.8,4.01,6.88,2.34,1,2558.8,Independent House,Average,Semi-Furnished,1,0,553510.28
2314.1,4,3,1,19.8,4.82,6.48,0.44,1,2882.6,Villa,Average,Semi-Furnished,1,0,894891.82
1319.9,2,1,3,2.3,26.38,7.01,6.31,1,2464.6,Independent House,Premium,Unfurnished,1,0,692460.25
2115.8,4,3,1,9.5,10.29,7.66,2.31,1,2602.8,Independent House,Poor,Furnished,0,0,664423.12
2312.6,4,3,2,47.1,10.78,4.93,5.25,2,4449.2,Townhouse,Average,Unfurnished,1,0,521133.36
1340.4,2,1,3,8.9,13.44,6.11,2.59,0,2953.6,Townhouse,Good,Unfurnished,1,1,404269.87
1309.1,2,2,2,7.6,8.57,7.83,4.28,0,1849.1,Townhouse,Good,Semi-Furnished,1,1,623027.38
1571.7,3,3,12,10.3,28.12,5.9,2.46,3,1040.8,Apartment,Average,Semi-Furnished,1,0,401815.62
1166.8,2,1,3,53.7,12.23,5.93,4.01,1,1411.8,Townhouse,Good,Furnished,0,0,410262.37
976.8,2,2,2,37.7,18.23,8.17,3.33,2,1703.2,Independent House,Good,Unfurnished,1,1,349714.7
2143.5,4,3,3,13.5,7.13,5.63,6.39,2,4066.6,Independent House,Average,Unfurnished,1,1,713175.43
1766.3,3,2,1,27.2,8.01,7.33,2.71,0,2587.0,Independent House,Poor,Furnished,1,0,582266.56
1281.7,2,1,15,13.4,4.68,6.92,3.93,0,234.5,Apartment,Poor,Semi-Furnished,0,0,314975.81
2053.7,3,2,2,14.9,16.67,7.99,1.02,1,3749.3,Townhouse,Good,Semi-Furnished,1,0,639750.07
1785.8,3,2,4,18.4,9.03,6.6,3.96,1,672.1,Apartment,Average,Unfurnished,0,0,288953.45
1264.5,2,2,11,23.3,16.69,5.55,0.99,2,773.8,Apartment,Average,Furnished,0,0,280049.2
1029.7,2,2,1,10.2,15.57,5.75,1.68,1,2262.7,Townhouse,Average,Semi-Furnished,1,1,404968.36
1034.7,2,3,2,7.3,4.29,9.1,1.17,0,461.1,Apartment,Premium,Unfurnished,1,0,653088.42
1729.8,3,2,6,19.3,8.25,5.93,2.55,1,482.3,Apartment,Poor,Unfurnished,1,0,299568.09
1957.0,3,1,2,5.6,3.86,5.83,,2,4029.8,Independent House,Poor,Unfurnished,1,1,595716.36
1309.8,2,2,2,13.1,4.37,6.03,3.2,0,3035.0,Townhouse,Average,Unfurnished,1,0,398020.28
973.2,2,3,1,12.4,3.55,6.31,1.3,2,437.6,Apartment,Good,Unfurnished,0,0,387285.47
1753.8,3,2,9,3.1,5.03,6.11,2.09,2,438.8,Apartment,Average,Unfurnished,0,0,430822.17
1503.3,2,1,2,7.3,5.85,7.52,2.4,0,3262.3,Townhouse,Premium,Unfurnished,1,0,692131.34
2263.5,4,3,1,13.4,39.33,6.85,1.11,2,3290.7,Townhouse,Poor,Semi-Furnished,1,1,523166.11
2387.1,4,3,2,0.6,7.57,5.84,2.46,2,3579.5,Townhouse,Average,Semi-Furnished,1,1,733470.68
1446.8,2,2,3,25.2,17.39,7.75,3.59,0,3528.8,Townhouse,Average,Semi-Furnished,1,1,420119.63
2016.1,3,1,1,6.8,14.14,7.11,1.43,1,586.3,Apartment,Average,Furnished,0,0,466044.21
2360.8,5,3,1,20.9,12.17,8.62,1.4,2,2845.8,Villa,Average,Unfurnished,1,1,872998.73
1514.0,2,2,7,9.2,18.92,7.16,5.58,1,584.8,Apartment,Good,Furnished,0,0,371722.45
658.0,1,1,1,41.8,11.53,6.51,,2,1490.0,Townhouse,Average,Furnished,1,0,281126.89
899.9,2,1,3,14.0,4.69,6.4,3.22,1,366.9,Apartment,Good,Furnished,1,0,448993.7
1122.7,2,2,2,1.7,13.17,6.91,5.33,0,2626.3,Townhouse,Average,Unfurnished,1,1,377721.65
1183.5,2,2,12,23.3,15.54,7.23,2.54,0,674.6,Apartment,Good,Unfurnished,0,0,357169.52
1938.9,3,2,3,9.2,3.78,6.7,3.94,1,4726.6,Independent House,Average,Semi-Furnished,0,1,681085.97
1444.2,2,2,14,34.8,11.4,6.06,2.89,1,512.4,Apartment,Average,Unfurnished,0,0,312175.6
2083.6,4,3,3,60.0,18.29,7.61,3.52,3,3923.8,Independent House,Poor,Unfurnished,1,1,491586.18
1014.8,3,2,5,7.1,9.62,7.33,6.07,0,468.0,Apartment,Premium,Unfurnished,0,0,546214.51
1808.9,2,2,11,8.4,31.64,6.73,6.14,1,761.2,Apartment,Premium,Semi-Furnished,0,0,643638.07
2892.8,6,4,1,11.4,6.07,7.67,1.53,4,1095.5,Apartment,Good,Furnished,0,0,849671.73
1422.4,2,1,1,31.6,7.75,6.59,5.49,1,1890.6,Townhouse,Premium,Unfurnished,1,0,583329.0
1248.6,3,2,2,5.3,13.59,6.72,0.65,0,3070.8,Townhouse,Average,Furnished,1,0,441119.13
1670.4,2,3,1,5.5,6.45,7.62,2.05,1,2685.6,Villa,Average,Furnished,1,0,698949.14
1915.5,2,1,2,4.9,6.32,7.86,0.3,1,2453.2,Independent House,Average,Unfurnished,0,1,609766.19
1786.1,2,1,1,4.2,22.26,7.65,4.11,2,3508.9,Villa,Premium,Semi-Furnished,1,1,999222.97
654.2,1,1,12,7.1,7.85,5.59,2.64,1,150.0,Apartment,Average,Unfurnished,0,0,136874.82
1002.3,2,2,2,14.8,18.4,7.24,2.47,1,2319.4,Independent House,Average,Furnished,1,1,437191.01
2532.6,4,4,3,60.0,4.2,6.76,1.51,2,5758.1,Townhouse,Good,Semi-Furnished,1,1,754868.59
3166.0,5,3,1,,7.7,7.27,1.44,2,5050.0,Independent House,Poor,Semi-Furnished,1,1,949653.76
4361.6,7,5,2,14.4,7.43,9.34,1.36,2,8026.7,Villa,Good,Semi-Furnished,0,1,1542567.41
2032.3,3,2,2,18.8,7.87,6.39,3.48,2,2784.0,Independent House,Average,Unfurnished,0,1,616944.85
1218.9,2,2,3,11.7,4.22,6.73,4.68,0,2444.7,Independent House,Good,Furnished,1,0,567677.1
1537.5,5,4,3,15.7,7.04,5.88,1.0,2,2880.6,Independent House,Premium,Furnished,1,1,931057.5
723.2,1,1,8,9.8,9.53,6.42,3.36,1,255.4,Apartment,Good,Semi-Furnished,1,0,313656.48
972.0,1,1,3,8.0,1.85,5.72,5.75,0,2509.6,Independent House,Average,Semi-Furnished,1,1,358476.47
1836.7,3,3,2,10.7,6.19,5.14,1.83,1,4436.3,Townhouse,Poor,Unfurnished,1,0,488528.33
2793.4,5,3,3,27.6,13.49,3.86,0.67,3,4370.0,Villa,Poor,Unfurnished,0,1,808193.9
4206.5,7,5,3,21.9,5.39,5.69,0.84,4,9032.0,Independent House,Poor,Unfurnished,0,1,1108959.8
1306.6,2,1,12,12.8,11.13,5.79,1.75,1,392.0,Apartment,Good,,0,0,379653.47
764.9,2,2,11,4.8,5.07,6.61,5.58,1,354.5,Apartment,Average,Furnished,0,0,242162.21
1285.5,3,3,1,3.5,8.94,5.92,5.27,1,387.4,Apartment,Average,Furnished,0,0,329483.76
1465.4,2,2,3,10.5,1.31,,2.73,0,3094.9,Townhouse,Average,Unfurnished,0,1,548572.44
1100.8,1,1,12,20.5,13.22,7.03,3.0,0,652.9,Apartment,Premium,Unfurnished,0,0,525483.31
2135.0,4,2,3,19.0,6.32,7.78,2.76,3,5321.9,Independent House,Poor,Unfurnished,1,1,630854.11
990.7,1,1,1,17.6,16.99,8.13,3.25,0,1453.3,Townhouse,Average,Furnished,1,1,383875.87
1952.3,4,4,1,4.3,8.24,8.71,1.3,1,5044.7,Independent House,Average,Furnished,0,1,757156.94
1778.9,3,2,2,24.2,6.78,8.11,3.19,2,620.2,Apartment,Poor,Semi-Furnished,0,0,349159.82
2995.4,7,5,3,16.2,5.63,5.42,4.02,3,6165.8,Townhouse,Premium,Semi-Furnished,1,0,1226929.39
1541.4,4,2,8,6.7,6.28,7.95,2.71,1,898.3,Apartment,Poor,Semi-Furnished,1,0,337453.29
2864.0,4,3,1,25.6,6.09,7.16,2.34,2,5915.6,Independent House,Good,Unfurnished,1,1,924096.47
1122.9,2,1,9,6.0,4.99,8.65,3.2,1,410.8,Apartment,Good,Unfurnished,0,0,397602.41
1190.7,1,1,9,17.5,5.36,6.74,4.59,0,514.9,Apartment,Good,Unfurnished,1,0,309068.31
2383.1,2,3,2,8.3,30.27,8.36,5.96,1,1331.4,Apartment,Good,Unfurnished,1,0,581706.4
1038.8,2,1,3,11.4,8.42,6.84,4.86,1,1665.7,Independent House,Good,Semi-Furnished,0,0,518914.99
1142.3,1,1,7,18.8,1.89,6.9,1.83,1,497.2,Apartment,Average,Unfurnished,1,0,325907.43
2968.5,6,4,3,14.8,1.9,7.67,1.71,3,3918.9,Independent House,Average,Semi-Furnished,1,1,990438.71
1691.2,4,3,3,13.1,30.78,6.24,1.14,0,2813.2,Independent House,Good,Semi-Furnished,1,1,617578.51
1639.1,3,2,3,7.1,8.17,7.5,3.9,1,3321.9,Independent House,Good,Semi-Furnished,1,0,667287.33
1210.3,2,2,13,7.9,3.51,4.5,7.57,0,383.9,Apartment,Average,Furnished,0,0,329249.81
1421.2,3,3,7,8.3,18.34,7.4,3.76,1,575.0,Apartment,Average,Unfurnished,0,0,283522.45
2603.7,5,3,2,,5.48,4.86,1.82,2,3852.4,Townhouse,Average,Semi-Furnished,1,1,680838.66
1994.7,3,2,7,46.4,9.27,7.5,5.19,2,673.6,Apartment,Average,Unfurnished,1,0,375425.5
1856.9,2,2,3,,10.39,2.18,1.82,0,3478.9,Independent House,Poor,Semi-Furnished,1,0,479111.39
2140.7,3,2,15,36.2,3.76,4.07,1.14,1,1030.5,Apartment,Average,Semi-Furnished,0,0,496427.55
1904.7,3,3,2,6.4,5.59,6.78,1.03,1,4208.4,Townhouse,Poor,Unfurnished,1,1,609759.06
1940.9,3,2,5,17.6,14.69,6.8,2.6,2,526.3,Apartment,Good,Unfurnished,1,0,526547.6
1071.3,2,2,2,6.2,22.44,6.33,4.52,1,1575.1,Townhouse,Good,Semi-Furnished,1,0,419284.65
2808.1,6,5,14,29.0,15.76,7.75,3.53,3,1116.7,Apartment,Good,Semi-Furnished,0,0,735813.0
2027.1,2,2,2,24.2,11.62,8.05,1.97,1,4764.2,Independent House,Good,Semi-Furnished,0,1,688043.42
450.0,1,1,6,27.9,6.74,10.0,2.37,2,178.3,Apartment,Poor,Semi-Furnished,0,0,77314.7
4472.2,6,4,1,9.8,12.7,6.76,5.14,2,8390.5,Villa,Poor,Semi-Furnished,1,1,1270799.2
1851.9,2,1,2,7.3,14.36,8.2,1.05,3,3758.1,Independent House,Good,Semi-Furnished,1,0,710584.86
1145.9,2,1,5,27.2,22.04,5.5,0.79,0,320.8,Apartment,Good,Unfurnished,0,0,260038.16
1049.1,1,1,3,12.7,8.95,5.91,2.38,1,463.5,Apartment,Good,Semi-Furnished,1,0,393588.83
1627.3,3,3,14,12.8,37.6,5.51,2.03,2,528.3,Apartment,Good,Semi-Furnished,1,0,481928.98
931.6,2,1,15,9.7,17.4,6.54,4.04,1,289.7,Apartment,Good,Furnished,0,0,353840.5
1061.9,2,2,15,12.0,8.29,7.02,1.47,1,624.5,Apartment,Good,Semi-Furnished,0,0,422208.12
1465.1,2,2,3,27.3,19.66,8.21,1.22,0,3005.2,Independent House,Good,Semi-Furnished,1,0,609430.11
1634.5,3,3,3,9.0,6.97,7.2,2.0,4,3957.8,Independent House,Good,Furnished,1,1,789450.6
1089.7,2,2,4,8.8,5.52,8.64,2.37,1,419.7,Apartment,Poor,Furnished,0,0,384981.81
2360.7,4,3,2,7.5,1.94,8.66,0.33,3,4830.2,Townhouse,Poor,Unfurnished,1,1,743057.13
1516.1,3,3,6,11.9,29.86,6.76,1.65,1,724.5,Apartment,Average,Furnished,1,0,371470.97
2627.3,3,2,2,28.7,6.78,6.55,6.3,0,3322.5,Villa,Average,Unfurnished,1,1,778305.32
1748.5,3,3,10,7.4,14.23,4.49,4.04,1,688.3,Apartment,Good,Furnished,0,0,481501.72
1777.1,2,2,1,8.4,17.57,5.91,3.19,1,3610.5,Independent House,Average,Unfurnished,1,1,558409.45
1203.9,2,2,2,36.3,6.99,5.53,2.8,1,2263.3,Independent House,Average,Semi-Furnished,1,0,348914.47
2887.8,4,2,13,8.3,7.52,5.59,1.91,1,1036.3,Apartment,Good,Furnished,0,0,769625.16
1997.5,3,2,1,14.0,1.89,6.09,2.13,1,515.7,Apartment,Average,Unfurnished,0,0,344941.76
2663.7,4,2,14,40.9,3.95,7.46,2.01,2,1274.6,Apartment,Good,Furnished,1,0,777511.52
2853.7,5,3,3,,2.54,7.12,4.74,2,5438.5,Independent House,Average,Semi-Furnished,0,1,862369.95
1359.9,1,1,1,49.0,34.85,8.13,1.65,0,2655.9,Townhouse,Average,Unfurnished,1,1,392672.44
689.3,2,2,3,7.0,7.93,7.26,1.59,0,998.8,Independent House,Average,Furnished,1,0,413318.55
1102.8,3,2,3,47.3,5.35,5.84,4.09,2,1807.2,Independent House,Average,Semi-Furnished,1,1,394062.74
2414.4,4,3,2,11.8,6.53,7.8,2.42,1,3860.6,Independent House,Poor,Furnished,1,1,700475.77
1581.0,3,3,1,2.0,9.18,,5.99,1,2193.2,Townhouse,Average,Furnished,1,1,522099.88
1383.3,1,2,3,2.8,4.71,8.12,4.01,1,2220.1,Townhouse,Average,Unfurnished,1,0,530455.66
647.9,1,2,1,9.9,13.93,5.59,1.36,1,1794.1,Independent House,Average,Unfurnished,1,0,333310.18
1345.6,2,2,6,16.3,17.58,3.37,5.86,0,408.8,Apartment,Good,Unfurnished,0,0,343245.58
1173.2,3,3,3,12.6,8.06,7.49,2.18,2,1707.6,Independent House,Poor,Semi-Furnished,0,1,441383.71
998.1,1,1,2,31.3,5.75,6.25,3.89,1,360.9,Apartment,Average,Unfurnished,0,0,242438.96
1933.6,5,3,2,18.9,6.89,8.4,2.73,3,1056.8,Apartment,Poor,Semi-Furnished,0,0,477974.16
1199.5,2,2,2,11.3,4.09,8.1,1.18,1,1465.0,Independent House,Premium,Furnished,1,1,804156.11
914.1,1,2,10,15.4,7.59,5.27,6.5,1,342.5,Apartment,Good,Unfurnished,0,1,320589.8
1462.7,3,5,14,10.3,14.93,8.91,1.97,2,535.0,Apartment,Premium,Semi-Furnished,0,1,795468.88
1951.7,2,2,12,19.5,25.69,3.97,1.59,3,996.2,Apartment,Premium,Semi-Furnished,0,0,587850.14
1393.2,3,3,1,7.7,11.61,7.37,2.01,0,1921.4,Townhouse,Average,Unfurnished,1,1,456177.28
3422.4,5,4,3,19.7,14.7,8.77,4.08,3,8678.5,Independent House,Good,Unfurnished,1,0,1009377.98
790.8,1,1,10,12.3,8.18,5.23,,1,415.7,Apartment,Average,Unfurnished,0,0,215695.16
734.6,2,2,2,10.1,18.84,,4.88,1,389.3,Apartment,Premium,Semi-Furnished,0,0,500473.74
864.4,1,2,1,30.7,4.92,6.94,0.27,1,,Townhouse,Average,Unfurnished,1,0,312254.43
1112.9,3,2,3,40.6,3.1,7.24,1.98,2,2609.9,Villa,Average,Furnished,1,0,588938.8
1558.4,2,1,7,15.9,7.88,8.4,2.93,1,895.7,Apartment,Premium,Furnished,0,0,697474.97
1477.3,1,1,1,10.8,12.57,7.31,3.56,0,2436.6,Villa,Good,Unfurnished,1,1,713871.43
1022.1,1,1,2,11.0,2.91,4.78,1.85,0,2356.6,Independent House,Premium,Furnished,1,0,812130.6
1587.0,5,4,12,11.0,28.72,2.04,1.28,4,774.5,Apartment,Poor,Furnished,0,0,319000.72
2612.1,5,4,3,0.9,4.19,5.28,4.44,0,5264.9,Independent House,Average,Unfurnished,1,1,823779.25
2873.3,5,4,1,21.0,6.38,5.41,2.56,3,6649.6,Independent House,Average,Furnished,1,1,957472.25
2383.1,4,3,1,17.6,12.6,5.32,1.8,2,3078.1,Townhouse,Average,Unfurnished,0,1,672782.11
1122.1,2,1,2,14.8,11.33,5.78,0.87,0,2584.1,Townhouse,Average,Semi-Furnished,1,1,415482.6
2075.2,5,3,2,24.8,19.26,2.57,3.09,4,4374.1,Independent House,Average,Unfurnished,1,0,591991.64
2276.8,4,3,3,5.9,15.23,4.97,1.84,3,5619.3,Independent House,Good,Furnished,1,1,882328.77
1513.8,3,3,1,2.1,4.3,7.49,4.6,2,2789.9,Independent House,Average,Furnished,1,1,630923.76
2387.1,5,3,3,10.6,6.58,8.21,3.63,1,5203.6,Villa,Good,Furnished,0,1,1149111.74
975.4,1,1,1,22.1,13.41,5.64,4.06,2,1948.9,Townhouse,Good,Furnished,0,1,432451.24
1419.8,2,2,2,15.6,8.14,7.7,4.29,2,3287.8,Independent House,Good,Unfurnished,1,1,681496.51
2160.3,3,2,3,12.7,4.21,2.95,2.79,1,4675.7,Independent House,Average,Semi-Furnished,1,1,665165.11
2548.5,5,3,11,41.7,1.31,7.09,2.53,4,1539.3,Apartment,Average,Unfurnished,0,0,529871.09
2194.4,3,2,15,32.9,22.33,8.42,1.88,2,1352.0,Apartment,Average,Unfurnished,0,0,372895.18
1785.8,3,2,13,23.7,6.32,7.45,2.06,2,745.7,Apartment,Good,Unfurnished,0,0,489691.87
1910.9,3,3,1,12.2,13.3,6.66,4.78,1,4797.0,Independent House,Average,Furnished,0,0,531252.44
1310.9,1,1,6,60.0,4.49,3.0,2.36,1,649.1,Apartment,Poor,Semi-Furnished,0,0,169883.24
1006.1,1,1,1,6.3,11.68,9.44,1.57,1,2166.0,Independent House,Premium,Unfurnished,0,1,696820.44
952.6,2,2,6,28.4,1.63,9.51,3.31,0,525.9,Apartment,Good,Furnished,1,0,424952.77
965.7,1,1,2,29.7,4.43,7.72,1.53,0,386.4,Apartment,Good,Furnished,0,0,320740.28
2352.6,5,4,1,10.1,7.12,8.63,2.25,2,3372.0,Independent House,Average,Unfurnished,0,1,709064.94
2012.1,4,2,2,33.9,4.93,6.7,1.2,2,742.1,Apartment,Premium,Semi-Furnished,0,0,715158.93
2518.0,4,3,3,5.9,5.56,7.8,0.72,2,3637.9,Independent House,Average,Semi-Furnished,1,1,895641.54
2223.4,4,2,2,19.0,15.63,7.92,2.1,1,1061.8,Apartment,Average,Semi-Furnished,0,0,540754.04
2296.1,3,3,2,27.4,6.27,6.61,6.19,1,5412.9,Villa,Premium,Semi-Furnished,1,1,1115015.1
895.4,1,1,1,18.4,3.74,5.5,2.76,0,503.5,Apartment,Premium,Semi-Furnished,1,0,453484.08
2181.3,4,2,3,4.2,6.37,7.97,3.96,1,4220.9,Villa,Average,Unfurnished,1,0,810780.05
1363.0,2,1,1,27.0,1.26,9.42,1.0,0,3637.0,Independent House,Average,Semi-Furnished,0,1,584424.68
1783.6,3,3,13,32.9,7.35,8.5,1.85,1,975.1,Apartment,Average,Unfurnished,0,0,487955.84
1163.6,1,1,1,16.6,6.9,7.19,1.51,1,402.5,Apartment,Good,Unfurnished,0,0,463331.47
1298.2,3,3,14,3.2,7.32,7.08,5.66,1,554.8,Apartment,Good,Unfurnished,0,0,438768.25
2208.0,4,3,2,15.9,2.63,7.17,3.34,2,5176.5,Townhouse,Average,Semi-Furnished,0,0,625137.96
1353.7,1,1,1,9.4,10.47,3.39,4.74,1,1871.4,Independent House,Poor,Semi-Furnished,0,0,328890.44
2028.3,3,2,10,15.3,7.79,6.55,0.7,2,1065.7,Apartment,Good,Semi-Furnished,0,0,562299.3
936.9,1,1,2,23.4,21.87,6.39,3.79,1,1840.3,Townhouse,Good,Unfurnished,1,0,384697.23
1876.7,2,1,1,5.5,16.52,4.95,0.93,1,4119.9,Townhouse,Average,Furnished,0,1,628542.75
1588.2,2,2,1,37.3,4.54,8.23,2.48,2,2319.8,Townhouse,Good,Unfurnished,1,1,562792.4
2615.8,6,4,3,11.8,4.4,7.11,1.83,1,6007.6,Independent House,Premium,Semi-Furnished,0,0,1182784.07
926.4,2,2,2,,16.89,2.91,1.15,1,1010.8,Townhouse,Average,Unfurnished,1,0,321379.93
971.6,3,2,3,10.3,3.87,7.04,2.71,1,1710.3,Independent House,Good,Semi-Furnished,1,1,527043.43
3052.3,5,4,1,23.4,4.13,8.55,5.64,2,3540.3,Villa,Good,Semi-Furnished,1,1,1163882.51
1148.1,2,2,9,37.3,11.07,5.84,2.62,0,386.1,Apartment,Average,Semi-Furnished,0,0,233724.29
1302.4,3,2,3,8.0,5.53,5.21,0.58,0,620.4,Apartment,Good,Furnished,0,0,462709.16
1025.6,1,1,2,21.3,11.14,4.83,3.44,0,519.0,Apartment,Good,Semi-Furnished,0,0,235815.44
2420.9,4,4,3,8.9,1.77,6.84,0.63,1,3987.5,Townhouse,Average,Semi-Furnished,1,1,802020.14
1534.2,3,2,7,23.0,6.33,5.65,1.71,2,264.0,Apartment,Average,Semi-Furnished,0,0,397294.58
2464.4,4,3,1,15.0,18.05,4.57,2.47,2,3605.3,Villa,Good,Furnished,0,1,1043023.15
1130.7,3,2,3,26.4,4.3,9.05,2.05,3,2518.1,Independent House,Average,Furnished,0,0,466420.3
2036.9,3,2,3,17.8,5.72,7.0,2.78,1,5046.0,Townhouse,Poor,Semi-Furnished,1,1,615311.69
1218.2,3,3,1,50.8,7.21,5.94,4.65,2,2956.1,Independent House,Average,Semi-Furnished,1,0,458302.35
1026.1,2,3,13,10.3,5.96,9.13,5.83,0,482.7,Apartment,Good,Furnished,0,0,403848.73
1041.5,3,3,2,5.1,1.77,7.1,3.76,3,1800.4,Independent House,Premium,Furnished,0,1,850710.0
1266.9,3,2,15,,17.09,6.5,2.43,3,459.8,Apartment,Good,Unfurnished,1,0,364354.9
2889.8,4,4,3,9.8,7.65,7.02,4.44,1,4476.4,Independent House,Good,Furnished,1,1,1082266.98
2450.0,3,1,3,13.7,11.76,5.93,3.84,3,3751.9,Villa,Average,Semi-Furnished,1,1,831843.59
1535.0,2,1,2,11.2,18.87,6.5,2.72,0,3308.5,Independent House,Average,Semi-Furnished,0,1,459490.16
1934.7,3,2,3,16.8,5.68,7.55,3.66,1,4262.3,Independent House,Premium,Semi-Furnished,0,0,895808.92
1413.2,2,3,15,3.4,10.61,9.14,3.91,1,779.3,Apartment,Average,Unfurnished,1,0,399585.38
1900.0,2,2,3,,0.34,,3.11,0,3481.2,Independent House,Good,Furnished,1,1,729400.73
1777.6,4,2,2,11.0,0.79,7.61,0.42,2,3551.9,Townhouse,Average,Semi-Furnished,1,1,703054.22
1194.0,2,1,3,24.2,8.45,4.56,1.66,2,2284.6,Independent House,Average,Unfurnished,0,0,390762.32
1414.9,2,1,13,7.2,2.28,7.43,1.74,0,410.1,Apartment,Good,Semi-Furnished,0,0,476926.61
647.3,1,1,8,6.9,11.95,9.32,5.73,1,285.2,Apartment,Average,Unfurnished,1,0,140848.22
2101.3,3,3,2,14.8,13.58,6.73,3.37,1,4256.2,Townhouse,Poor,Semi-Furnished,1,0,559161.06
851.4,1,2,12,25.2,4.85,5.86,0.53,1,150.0,Apartment,Average,Semi-Furnished,1,0,299858.49
3030.4,6,4,2,0.8,12.92,5.93,4.19,3,5913.3,Independent House,Average,Semi-Furnished,1,1,969872.89
661.7,1,1,3,23.5,6.73,7.4,4.36,0,1279.7,Independent House,Average,Unfurnished,1,1,304435.35
4500.3,6,4,3,21.1,21.0,6.79,1.54,2,,Villa,Premium,Unfurnished,1,1,1720554.31
679.7,2,2,8,13.8,2.85,6.11,1.43,1,384.3,Apartment,Average,Unfurnished,0,0,230154.06
1345.7,3,4,1,16.4,7.61,7.65,5.23,1,3116.4,Villa,Good,Semi-Furnished,0,1,756271.85
1534.1,3,2,3,28.5,10.13,5.43,2.53,0,667.7,Apartment,Good,Furnished,0,1,514342.77
2139.6,4,4,2,9.8,15.01,7.95,1.09,2,5276.1,Townhouse,Poor,Furnished,1,0,667186.72
1640.6,3,3,2,4.7,14.19,6.24,2.99,2,3731.5,Independent House,Average,Semi-Furnished,1,0,512225.57
1968.4,3,3,15,21.2,6.1,7.66,3.61,2,1029.0,Apartment,Premium,Unfurnished,0,0,765194.91
968.3,1,1,10,20.0,6.94,7.92,1.91,0,548.4,Apartment,Good,Unfurnished,0,0,304616.4
1143.9,2,3,15,2.3,4.18,3.88,6.84,1,573.9,Apartment,Premium,Furnished,1,0,559087.82
1453.4,3,3,1,38.3,19.46,6.6,3.9,0,1554.7,Townhouse,Average,Semi-Furnished,1,1,337594.14
1474.0,3,2,2,19.2,25.2,4.48,5.5,3,1877.4,Independent House,Good,Unfurnished,1,1,485023.45
600.5,1,1,6,7.6,1.47,4.19,1.79,0,296.6,Apartment,Good,Semi-Furnished,0,0,210469.5
1339.1,2,2,6,20.3,16.68,6.36,0.38,2,227.8,Apartment,Premium,Semi-Furnished,0,0,586044.41
1572.2,3,2,1,18.4,13.6,7.15,4.97,1,2177.5,Townhouse,Poor,Unfurnished,1,1,427582.43
2128.0,3,1,3,10.8,0.65,4.46,1.94,2,959.5,Apartment,Premium,Unfurnished,0,0,771813.1
1076.8,1,1,1,16.3,15.75,7.09,2.14,0,2606.8,Independent House,Average,Semi-Furnished,1,0,341049.39
1702.9,3,2,2,16.4,21.72,5.43,1.54,1,3837.5,Villa,Good,Unfurnished,1,0,683963.82
3063.5,6,4,2,15.1,14.69,,6.33,3,6866.1,Independent House,Average,Semi-Furnished,0,0,961532.41
2090.3,3,2,2,14.2,3.91,10.0,5.06,1,3861.8,Independent House,Good,Furnished,1,0,803577.33
2078.2,4,4,1,18.6,28.15,6.24,5.18,0,3255.1,Townhouse,Average,Furnished,1,1,587282.97
2235.7,4,2,1,16.7,17.38,5.05,1.63,2,3376.7,Independent House,Good,Semi-Furnished,1,1,773003.92
1639.9,3,2,10,9.8,4.12,6.67,3.09,2,760.9,Apartment,Average,Unfurnished,0,0,325187.95
2907.1,5,4,1,6.4,12.22,6.42,1.51,2,1156.5,Apartment,Average,Semi-Furnished,0,1,668297.59
1920.4,4,4,3,16.2,11.69,6.2,1.13,1,5000.7,Independent House,Good,Unfurnished,0,1,699748.06
884.8,1,1,14,23.4,2.75,6.75,1.67,3,161.9,Apartment,Good,Furnished,1,1,396815.37
2416.7,4,3,3,15.8,9.34,6.43,1.27,2,3399.2,Independent House,Average,Semi-Furnished,1,0,699756.18
1456.7,2,2,1,9.7,11.25,4.91,1.39,0,2687.0,Independent House,Good,Semi-Furnished,0,1,599497.09
2127.0,3,2,2,3.2,5.86,7.9,3.54,3,3760.3,Villa,Average,Semi-Furnished,1,0,871703.22
1580.6,3,3,11,39.1,23.37,8.6,5.38,0,801.6,Apartment,Good,Unfurnished,1,0,435290.49
1168.6,1,1,3,19.5,7.26,6.16,4.51,0,2162.8,Townhouse,Good,Semi-Furnished,1,1,445705.38
1491.5,2,1,3,18.6,12.96,7.21,3.7,2,3631.2,Independent House,Good,Furnished,1,0,607867.62
1652.3,4,3,14,10.9,9.0,3.73,2.93,1,619.3,Apartment,Good,Unfurnished,0,0,481840.96
1310.4,3,3,2,3.4,4.81,6.67,2.03,2,2418.5,Townhouse,Average,Unfurnished,1,0,493246.47
2781.3,4,3,3,9.2,10.67,9.49,5.77,2,3664.0,Independent House,Average,Furnished,1,0,840783.84
1472.1,2,2,1,35.3,8.23,7.86,5.56,3,2339.5,Villa,Good,Semi-Furnished,1,0,710325.74
1219.6,2,2,3,5.3,27.83,6.92,3.01,2,2637.4,Independent House,Poor,Unfurnished,1,0,376169.3
3012.8,6,5,14,2.7,16.82,6.64,1.48,2,1723.6,Apartment,Average,Unfurnished,0,0,773574.38
867.7,1,1,1,38.8,2.06,6.27,2.97,0,1035.8,Townhouse,Good,Semi-Furnished,1,1,394622.05
1631.6,2,2,1,7.7,4.65,7.31,1.14,0,4315.3,Townhouse,Average,Semi-Furnished,1,0,590518.72
2944.5,5,4,4,12.8,4.06,8.19,3.56,1,1746.6,Apartment,Average,Semi-Furnished,1,0,629058.05
1630.3,2,2,3,18.7,0.63,5.97,2.83,1,2294.5,Townhouse,Premium,Unfurnished,1,1,791863.18
2382.1,3,2,8,46.6,13.82,,3.55,0,1301.5,Apartment,Average,Semi-Furnished,0,0,474225.25
1779.6,3,2,5,34.8,11.97,5.53,4.86,1,805.1,Apartment,Poor,Semi-Furnished,0,0,217292.25
1645.0,3,3,3,13.9,3.36,6.07,3.06,0,3670.2,Townhouse,Poor,Furnished,1,1,567100.15
1280.8,1,1,6,9.6,3.48,5.09,1.09,1,652.4,Apartment,Average,Semi-Furnished,0,1,267327.62
677.5,1,2,2,5.9,1.15,6.93,1.0,0,1368.0,Townhouse,Good,Semi-Furnished,1,0,374597.88
1183.3,2,1,2,19.7,4.35,6.82,2.47,1,647.4,Apartment,Good,Furnished,0,0,423149.37
2037.3,3,2,2,15.8,11.57,7.27,,0,4576.7,Independent House,Good,Unfurnished,1,1,607734.59
1491.3,4,3,4,3.1,30.03,7.15,2.84,2,560.5,Apartment,Average,Unfurnished,0,0,339948.6
5205.8,7,5,1,12.7,2.14,7.75,0.73,3,8727.2,Independent House,Average,Unfurnished,1,1,1600251.47
1522.5,2,1,1,16.1,10.82,9.72,2.71,0,740.2,Apartment,Poor,Unfurnished,0,0,271970.12
2149.9,5,3,3,20.9,32.91,,0.72,3,2800.0,Townhouse,Good,Furnished,1,1,707439.12
2206.9,3,3,11,6.8,7.68,3.84,2.31,2,998.1,Apartment,Good,Unfurnished,1,1,683459.15
1697.8,3,2,14,16.5,7.54,6.34,2.32,0,656.9,Apartment,Poor,Furnished,0,0,263097.48
1591.4,2,1,3,5.7,8.84,6.65,2.07,1,4184.1,Townhouse,Good,Unfurnished,1,0,602002.79
1786.0,3,3,1,18.8,8.03,4.4,1.11,2,3822.0,Independent House,Good,Semi-Furnished,1,1,723535.68
1922.5,3,4,3,12.4,14.33,7.9,4.49,0,4915.5,Villa,Average,Semi-Furnished,0,0,671399.5
1630.5,2,2,1,48.8,39.87,9.29,3.78,1,893.1,Apartment,Good,Unfurnished,1,0,307435.86
1259.6,2,1,9,7.9,4.79,5.44,3.2,2,767.6,Apartment,Good,Semi-Furnished,0,0,418471.51
2402.7,4,3,1,10.3,2.57,8.53,4.86,2,4618.4,Independent House,Average,Semi-Furnished,0,1,788813.63
1080.0,3,1,1,3.3,3.58,8.26,5.45,1,1624.4,Townhouse,Average,Semi-Furnished,0,1,487882.31
1439.1,2,1,12,14.4,15.12,7.1,2.0,0,402.1,Apartment,Good,Furnished,0,0,430888.86
3546.5,6,4,2,11.3,10.03,7.9,,2,6986.3,Independent House,Premium,Furnished,0,1,1425144.7
1501.5,3,2,1,15.4,16.96,5.59,,1,3695.5,Townhouse,Good,Semi-Furnished,1,1,554020.48
4007.5,6,4,3,13.8,1.48,8.37,1.86,3,8022.7,Independent House,Good,Furnished,1,1,1334448.49
1449.3,3,1,6,,7.3,8.54,2.72,2,496.2,Apartment,Good,Unfurnished,0,0,448182.66
1611.3,2,2,3,20.0,13.98,7.39,5.12,1,3640.5,Townhouse,Average,Unfurnished,1,1,504158.58
1420.9,3,3,13,24.4,1.43,7.14,3.92,1,775.5,Apartment,Poor,Semi-Furnished,0,0,235283.88
1621.4,2,1,1,15.7,10.75,5.55,4.45,0,2342.2,Independent House,Average,Semi-Furnished,1,0,483766.0
588.9,1,1,2,17.4,7.52,8.07,3.92,1,221.2,Apartment,Premium,Semi-Furnished,0,0,409530.25
2674.5,3,2,3,15.3,25.26,6.72,1.97,0,6393.1,Independent House,Good,Semi-Furnished,1,1,866766.14
4641.5,7,4,2,15.5,2.34,,0.55,3,7031.6,Independent House,Premium,Furnished,1,1,1666625.47
2261.2,3,2,3,9.6,17.97,8.07,1.94,1,4245.1,Independent House,Average,Unfurnished,1,1,622856.39
1698.4,4,3,6,24.0,6.01,6.28,6.17,2,991.7,Apartment,Average,Furnished,0,0,409075.52
1253.1,2,1,11,51.3,1.37,5.68,,1,994.6,Apartment,Good,Semi-Furnished,0,0,354977.15
2683.3,5,3,3,15.7,5.05,8.28,2.98,1,3159.7,Townhouse,Average,Semi-Furnished,1,1,779727.44
1623.0,2,2,1,7.1,16.46,4.51,5.3,2,2944.6,Townhouse,Average,Unfurnished,1,1,397892.6
2492.1,5,4,2,27.6,15.47,7.76,4.78,2,5319.2,Villa,Good,Unfurnished,1,0,949579.98
701.1,2,2,10,38.6,12.89,4.91,4.26,1,262.4,Apartment,Good,Semi-Furnished,0,0,200879.81
1479.6,3,2,3,10.1,3.59,4.07,2.06,0,3832.1,Independent House,Good,Semi-Furnished,1,0,618248.02
1578.7,2,1,9,5.9,25.72,7.65,5.86,1,1098.5,Apartment,Average,Semi-Furnished,0,0,272936.18
1980.5,3,3,1,22.4,8.77,7.17,0.82,1,441.2,Apartment,Average,Unfurnished,0,0,514559.66
2003.7,3,2,15,16.0,7.28,5.78,0.8,1,789.8,Apartment,Poor,Semi-Furnished,0,0,391762.58
952.0,1,1,2,21.1,8.71,5.02,5.63,0,2039.1,Independent House,Average,Semi-Furnished,1,1,396684.35
727.4,3,3,8,,2.64,7.19,3.59,1,448.9,Apartment,Average,Furnished,0,0,279035.93
1729.2,3,3,6,12.7,1.48,6.02,2.89,2,623.9,Apartment,Average,Semi-Furnished,1,0,400169.44
1350.5,2,2,1,7.5,7.66,7.85,1.49,0,2696.4,Independent House,Premium,Semi-Furnished,1,1,852323.9
2402.5,3,3,3,19.3,1.05,5.86,1.88,1,4214.0,Townhouse,Average,Semi-Furnished,1,0,710480.94
682.3,1,1,7,5.2,15.96,6.08,5.06,0,424.6,Apartment,Poor,Semi-Furnished,1,0,70000.0
1298.2,3,1,7,23.9,22.54,8.31,5.45,3,273.4,Apartment,Poor,Semi-Furnished,1,0,251258.0
1626.4,3,3,3,22.9,38.23,5.21,2.69,0,3749.5,Townhouse,Good,Unfurnished,1,1,477963.38
1655.5,3,2,8,18.8,4.64,4.59,2.36,1,404.6,Apartment,Average,Furnished,1,0,482198.14
877.4,1,1,8,32.1,15.49,5.34,5.06,0,265.3,Apartment,Average,Semi-Furnished,0,0,129326.59
809.0,2,1,2,11.9,14.9,7.05,3.05,0,1225.8,Independent House,Average,Semi-Furnished,1,0,314860.79
1453.9,2,2,9,11.6,7.83,9.47,4.44,2,353.9,Apartment,Average,Semi-Furnished,1,0,379769.55
2058.3,3,2,3,,12.34,6.92,2.33,2,5193.3,Townhouse,Good,Semi-Furnished,0,1,790786.96
2065.7,2,2,15,16.5,20.31,5.44,0.28,0,283.3,Apartment,Average,Unfurnished,1,0,453481.04
1163.8,2,2,11,13.5,6.43,,3.72,4,408.5,Apartment,Poor,Unfurnished,1,1,279727.36
1874.1,3,2,5,10.7,13.23,7.3,2.74,2,830.2,Apartment,Good,Unfurnished,1,0,577450.62
1659.2,1,1,11,11.4,12.08,4.19,2.72,1,859.9,Apartment,Average,Unfurnished,0,0,354104.47
2357.8,5,4,15,18.3,10.36,3.97,0.6,2,1472.7,Apartment,Good,Unfurnished,0,0,689672.38
1321.9,2,1,12,30.2,4.13,6.98,2.48,2,538.4,Apartment,Poor,Semi-Furnished,1,0,328040.91
1077.2,3,3,1,9.5,3.37,7.98,4.41,1,2333.9,Villa,Good,Unfurnished,1,0,742660.24
1796.2,4,3,2,2.0,6.49,8.02,2.85,1,3626.3,Independent House,Average,Furnished,0,1,784252.04
1404.2,2,3,3,22.1,16.1,7.2,4.1,1,648.8,Apartment,Average,Furnished,0,0,323096.17
2051.2,4,3,2,7.1,10.41,8.44,2.41,1,2629.6,Townhouse,Average,Unfurnished,1,1,612679.33
866.8,3,1,3,30.1,13.03,6.43,2.75,0,1762.4,Townhouse,Premium,Semi-Furnished,0,1,639731.19
1621.0,2,2,1,24.5,12.31,6.15,1.05,2,2249.5,Independent House,Average,Semi-Furnished,1,1,566403.41
1948.2,2,2,14,25.9,36.36,6.63,2.77,1,1270.5,Apartment,Premium,Furnished,0,0,647103.09
1295.1,1,2,6,15.4,14.96,7.13,3.54,0,698.9,Apartment,Premium,Semi-Furnished,1,0,562807.33
1190.0,2,2,13,29.2,4.12,10.0,3.35,2,398.3,Apartment,Average,Semi-Furnished,1,0,365126.12
3013.1,4,4,11,19.2,7.7,6.41,3.26,2,1159.4,Apartment,Average,Unfurnished,0,0,638580.54
863.2,2,2,3,18.2,17.14,6.96,2.77,2,390.9,Apartment,Average,Furnished,0,0,215210.42
3101.9,5,4,1,16.2,1.23,9.22,3.34,1,3756.5,Independent House,Premium,Unfurnished,1,1,1269136.8
3420.6,5,3,1,20.5,8.48,7.5,2.23,2,6410.2,Villa,Good,Furnished,1,1,1269562.31
1230.9,2,2,10,4.5,6.2,4.26,4.85,1,867.0,Apartment,Average,Unfurnished,0,0,291077.54
1627.4,2,2,2,10.7,3.63,9.19,3.14,1,3462.7,Townhouse,Poor,Semi-Furnished,1,1,469507.86
1332.4,2,2,3,10.7,3.44,7.17,1.81,1,508.5,Apartment,Good,Semi-Furnished,0,0,436660.31
1781.0,2,2,3,13.8,14.52,2.58,0.87,2,3102.3,Townhouse,Poor,Unfurnished,1,0,435227.95
1285.4,2,1,2,6.8,16.05,6.11,3.11,4,2247.4,Townhouse,Poor,Unfurnished,1,1,354920.01
1130.3,2,2,3,9.1,6.35,5.66,4.21,0,781.3,Apartment,Average,Unfurnished,0,0,336018.29
1591.9,2,1,1,5.5,6.81,6.01,5.45,0,2202.8,Independent House,Average,Semi-Furnished,1,0,502847.75
1944.7,4,3,1,9.0,7.96,6.65,3.45,2,4533.3,Villa,Premium,Semi-Furnished,1,1,1105881.81
1621.9,3,2,2,7.8,0.5,7.75,1.85,3,3462.3,Independent House,Good,Unfurnished,0,0,615509.92
721.1,2,2,2,8.9,28.39,8.54,7.41,1,1623.7,Independent House,Average,Semi-Furnished,1,0,253361.13
1719.1,3,2,1,24.8,13.9,8.59,1.98,1,3898.7,Townhouse,Average,Unfurnished,0,0,434955.51
1084.1,2,1,9,14.1,17.11,9.02,0.82,1,617.3,Apartment,Good,Semi-Furnished,0,1,428709.18
617.7,1,1,1,12.5,6.43,6.41,1.1,1,309.6,Apartment,Average,Furnished,1,0,191445.35
1424.4,3,3,1,32.0,13.76,3.67,1.68,1,2158.5,Townhouse,Average,Furnished,1,1,460331.17
1152.9,2,1,8,18.4,2.75,3.07,5.85,2,557.8,Apartment,Average,Furnished,1,0,289397.54
3157.3,6,4,2,19.4,13.25,7.82,3.45,4,5773.5,Independent House,Good,Unfurnished,0,0,927168.84
1315.6,3,4,3,16.2,8.91,6.61,3.53,1,1535.3,Townhouse,Premium,Unfurnished,1,0,691954.62
1791.0,2,1,13,25.2,2.84,8.87,3.29,2,610.1,Apartment,Good,Furnished,1,0,525397.31
2418.4,4,3,2,27.7,24.76,7.37,4.23,1,1089.7,Apartment,Poor,Unfurnished,1,0,413886.42
1711.0,3,2,3,17.9,14.23,4.16,2.56,1,2947.6,Villa,Good,Unfurnished,1,1,728107.32
1326.3,3,1,4,25.0,38.75,5.82,1.32,1,543.7,Apartment,Average,Unfurnished,0,0,240139.61
2796.5,4,2,14,20.5,4.07,7.32,,0,900.4,Apartment,Good,Semi-Furnished,1,0,650992.93
1489.6,2,1,11,18.4,7.46,5.09,0.09,2,486.0,Apartment,Average,Semi-Furnished,0,0,409735.86
2162.1,3,2,1,,14.43,8.88,2.03,0,5400.9,Independent House,Average,Furnished,1,0,653048.29
1877.3,3,2,3,8.7,0.97,,5.17,1,4001.9,Villa,Average,Semi-Furnished,1,1,802535.78
1805.6,2,1,1,4.6,10.64,6.23,2.6,1,790.2,Apartment,Average,Unfurnished,0,0,333307.65
2190.7,3,3,2,37.5,14.59,4.37,3.27,3,4517.8,Villa,Average,Semi-Furnished,1,0,746858.79
626.8,1,1,2,25.2,3.52,9.65,2.32,2,256.9,Apartment,Good,Furnished,0,0,378533.93
1591.9,3,2,2,10.9,9.12,6.42,2.5,0,3152.4,Independent House,Good,Unfurnished,1,0,600467.19
823.2,2,2,10,3.9,4.83,7.12,1.9,0,441.8,Apartment,Good,Furnished,0,0,426489.6
1729.6,3,3,3,20.6,11.54,5.58,4.01,3,4297.1,Townhouse,Average,Semi-Furnished,0,1,496795.66
1257.4,2,2,1,12.0,13.54,6.13,5.33,3,1536.7,Independent House,Poor,Furnished,1,0,439444.17
2017.0,3,2,2,26.0,8.8,7.15,0.86,2,4033.8,Townhouse,Average,Furnished,1,1,610650.59
1378.7,2,2,15,7.3,15.86,7.33,1.67,1,757.6,Apartment,Average,Semi-Furnished,0,0,318626.74
1094.1,2,2,1,10.6,2.74,7.54,4.22,1,1595.7,Independent House,Average,Semi-Furnished,1,0,457065.04
1811.2,3,2,3,12.9,16.25,8.17,2.1,1,3792.5,Villa,Premium,Semi-Furnished,1,0,1046426.42
2141.3,4,4,2,22.4,28.33,7.71,6.34,1,4258.0,Townhouse,Premium,Furnished,1,1,870886.25
2993.0,4,4,1,9.2,3.18,7.49,1.94,2,3962.7,Independent House,Poor,Furnished,1,0,863323.88
1265.0,3,1,3,20.7,3.02,5.75,2.81,1,2851.7,Independent House,Good,Semi-Furnished,1,0,546176.22
853.3,1,1,13,4.8,22.69,6.37,3.42,1,454.0,Apartment,Good,Unfurnished,0,0,307308.74
4193.4,6,4,3,14.2,10.37,4.92,3.02,3,10154.5,Independent House,Average,Furnished,1,1,1298450.96
1347.5,1,1,14,34.5,14.88,5.98,2.04,1,684.5,Apartment,Good,Furnished,0,0,332061.0
1920.4,2,2,1,43.5,5.01,,6.05,0,4410.3,Independent House,Average,Semi-Furnished,1,1,432688.58
991.8,1,1,7,28.7,6.08,7.28,3.6,0,315.0,Apartment,Poor,Furnished,1,0,120158.11
1481.0,4,3,12,3.8,19.6,7.66,3.25,1,324.0,Apartment,Premium,,1,0,743696.29
3391.0,5,3,3,13.2,6.87,8.83,4.25,2,8160.0,Townhouse,Good,Semi-Furnished,1,1,1153186.39
1836.0,1,1,3,14.5,5.53,4.8,,0,4661.1,Townhouse,Average,Semi-Furnished,1,1,550328.79
2890.4,5,3,1,26.5,1.43,3.99,6.07,1,3504.5,Independent House,Average,Unfurnished,1,0,724708.98
2254.8,3,2,2,16.0,6.01,6.32,2.06,1,2564.5,Villa,Premium,Semi-Furnished,1,0,1098715.56
879.4,2,1,7,7.0,3.06,8.84,4.43,1,237.3,Apartment,Average,Semi-Furnished,0,0,272173.02
1015.5,1,2,3,29.0,3.69,8.79,6.56,1,447.7,Apartment,Premium,Unfurnished,0,0,528555.04
846.1,1,1,12,40.2,4.56,6.99,5.15,0,488.2,Apartment,Good,Unfurnished,0,0,269691.19
1808.0,4,3,1,24.0,16.94,6.29,4.35,2,3227.4,Townhouse,Average,Semi-Furnished,1,0,449724.46
2758.8,5,4,3,9.0,1.32,7.08,1.97,2,4646.4,Townhouse,Good,Furnished,0,0,900441.6
1977.3,2,2,3,46.0,9.51,8.32,4.38,1,4587.8,Independent House,Good,Furnished,1,1,711959.43
1623.9,2,2,1,25.4,6.29,5.57,3.24,1,2261.5,Independent House,Good,Unfurnished,1,1,685195.79
971.1,1,1,4,22.8,10.99,5.87,3.93,0,305.4,Apartment,Average,Furnished,0,0,234276.59
1915.7,5,3,2,39.2,12.27,6.84,1.01,4,2852.9,Townhouse,Poor,Unfurnished,1,0,477107.28
1098.7,1,1,1,25.8,4.51,8.32,4.57,0,2488.8,Independent House,Average,Unfurnished,0,1,368547.41
1024.8,3,3,1,13.6,17.49,7.91,2.37,1,2514.0,Townhouse,Good,Semi-Furnished,1,1,480826.64
1974.7,3,3,2,36.2,29.25,,1.43,2,546.4,Apartment,Good,Semi-Furnished,0,0,407241.35
1204.0,1,1,7,7.5,2.85,7.91,6.7,1,587.4,Apartment,Good,Furnished,0,0,380275.64
1194.1,2,2,5,8.7,14.02,6.68,3.08,1,622.3,Apartment,Good,Unfurnished,0,0,419540.1
1260.3,2,2,1,10.2,7.91,7.62,2.51,1,767.1,Apartment,Poor,Unfurnished,0,0,303705.3
2506.7,5,4,3,16.3,8.94,6.39,2.83,2,3997.0,Independent House,Poor,Semi-Furnished,1,1,773069.55
1450.4,3,2,8,17.9,17.84,7.42,1.0,0,692.5,Apartment,Good,Unfurnished,1,0,414863.79
1207.7,2,3,3,13.0,13.94,6.77,4.21,0,2727.8,Townhouse,Average,Unfurnished,0,0,349919.36
1226.0,1,2,1,13.4,6.78,5.91,3.46,1,2316.9,Townhouse,Good,Unfurnished,1,0,594395.24
1702.6,2,1,2,18.5,19.4,5.6,2.3,2,3415.3,Independent House,Average,Unfurnished,1,1,541689.7
1536.1,1,2,4,,8.09,6.42,2.94,0,554.1,Apartment,Average,Semi-Furnished,0,0,349591.4
1333.0,2,3,9,21.6,4.56,4.82,0.92,0,488.3,Apartment,Premium,Unfurnished,1,0,567403.88
1284.1,2,1,11,1.8,9.97,6.06,,0,543.3,Apartment,Average,Semi-Furnished,0,0,352327.05
1682.4,2,1,2,14.9,21.16,6.23,3.5,0,2161.5,Townhouse,Poor,Semi-Furnished,0,0,340884.59
1332.6,1,2,4,10.1,2.06,8.2,4.73,0,360.0,Apartment,Good,Semi-Furnished,0,0,401119.15
1331.5,2,2,3,44.9,13.15,7.66,4.64,1,2578.1,Independent House,Good,Semi-Furnished,1,1,548380.02
2153.9,3,2,2,12.3,1.07,9.62,0.08,1,888.1,Apartment,Premium,Semi-Furnished,1,0,855993.92
1104.9,2,2,2,16.4,14.85,4.27,4.15,1,844.5,Apartment,Premium,Furnished,0,0,603717.74
1428.5,2,2,4,12.7,11.66,6.33,5.07,0,807.2,Apartment,Good,Unfurnished,1,0,389878.28
777.8,2,4,2,6.5,24.23,8.49,1.9,0,784.0,Independent House,Poor,Furnished,0,0,359978.87
1688.3,2,1,2,6.3,2.47,7.1,1.05,0,4032.9,Independent House,Average,Unfurnished,1,0,637159.49
1164.5,2,2,3,5.5,10.66,6.38,0.98,0,1797.6,Independent House,Premium,Semi-Furnished,0,0,693155.06
1093.7,1,2,3,14.7,4.4,5.35,3.38,1,2558.0,Townhouse,Average,Semi-Furnished,0,1,407002.51
5111.1,7,5,2,11.9,6.5,7.71,3.19,2,10233.7,Independent House,Premium,Unfurnished,1,0,1937751.75
2052.2,3,3,2,3.7,27.1,6.97,2.25,1,2944.4,Independent House,Good,Unfurnished,1,1,785456.84
2264.3,4,3,1,41.3,11.13,6.21,0.65,1,905.6,Apartment,Poor,Unfurnished,0,0,303515.43
2363.2,5,4,1,22.8,13.09,8.16,5.18,1,4409.5,Townhouse,Average,Unfurnished,1,1,685959.39
2792.9,5,2,2,16.6,6.29,9.95,0.71,3,4755.0,Independent House,Good,Semi-Furnished,1,0,1036998.05
1244.5,2,2,1,2.5,8.61,5.41,5.2,2,416.4,Apartment,Poor,Unfurnished,0,0,261156.32
3628.4,6,4,3,19.4,18.15,7.55,0.31,3,4940.9,Independent House,Average,Furnished,1,1,1114446.37
2354.6,5,4,1,16.0,24.17,6.9,6.33,1,2808.6,Townhouse,Good,Furnished,0,0,758767.66
1678.9,3,3,1,25.8,8.72,7.64,1.4,2,2943.0,Townhouse,Average,Unfurnished,1,1,545818.49
1511.2,1,2,7,8.8,21.02,8.61,3.18,1,783.6,Apartment,Average,Unfurnished,1,0,466898.13
1744.9,3,3,3,10.6,8.52,8.76,0.9,3,2345.7,Independent House,Good,Semi-Furnished,0,0,685164.86
1889.0,2,2,2,17.6,4.7,5.98,0.98,0,3066.9,Independent House,Good,Furnished,1,0,739327.19
1328.4,1,2,9,10.3,10.25,4.3,4.06,1,752.7,Apartment,Average,Semi-Furnished,0,0,268581.48
1588.1,4,3,10,19.2,4.27,6.56,2.4,1,1003.4,Apartment,Premium,Unfurnished,0,0,737805.35
2809.8,6,5,13,6.4,10.84,6.57,1.19,1,1612.8,Apartment,Premium,Furnished,1,0,1096457.2
815.6,1,2,12,13.9,2.85,2.71,2.28,0,634.2,Apartment,Average,Semi-Furnished,0,0,135108.41
3599.0,5,4,2,8.9,14.31,8.17,3.4,2,4229.4,Villa,Average,Unfurnished,1,1,1066718.99
1413.6,2,1,2,25.0,3.05,5.94,4.0,0,2286.0,Townhouse,Good,Furnished,1,0,453164.08
2306.2,3,3,8,47.5,4.73,6.63,,2,649.5,Apartment,Average,Furnished,0,0,412409.68
1176.2,2,2,15,40.4,5.45,5.87,3.68,1,307.9,Apartment,Good,Semi-Furnished,0,1,394322.94
2649.1,4,3,3,3.3,3.38,6.4,1.83,2,5121.3,Villa,Good,Unfurnished,1,0,1020676.29
1265.7,2,2,13,20.3,8.4,8.55,1.91,0,394.4,Apartment,Average,Semi-Furnished,1,0,357431.47
893.4,1,1,1,8.8,0.42,,0.96,0,1884.6,Independent House,Good,Unfurnished,1,0,527562.52
2808.6,5,4,14,6.2,7.59,9.78,3.81,2,1373.0,Apartment,Average,Semi-Furnished,0,0,653970.86
910.6,2,1,8,19.9,0.3,7.61,2.22,1,370.6,Apartment,Premium,Unfurnished,1,0,513815.72
1914.3,3,3,2,6.2,11.13,7.72,0.82,2,4739.1,Independent House,Average,Semi-Furnished,1,1,814167.15
869.6,2,1,7,30.1,2.77,6.4,3.56,2,354.0,Apartment,Premium,Semi-Furnished,1,0,552677.1
1054.0,2,2,2,20.2,11.83,6.61,3.2,1,1461.0,Independent House,Poor,Furnished,0,1,390121.2
1241.4,2,2,11,26.3,20.49,8.2,0.8,1,671.6,Apartment,Good,Furnished,0,1,464982.23
1440.3,4,3,3,17.6,5.53,8.42,2.83,2,3646.7,Independent House,Premium,Unfurnished,0,1,843380.9
1131.1,1,1,3,5.7,9.15,7.09,7.65,1,1519.5,Independent House,Average,Unfurnished,1,1,350863.56
1820.7,4,3,1,11.6,2.32,7.51,0.88,2,4108.4,Independent House,Poor,Semi-Furnished,1,0,690254.67
726.1,1,1,11,33.4,11.91,6.5,1.08,0,435.3,Apartment,Good,Unfurnished,0,0,153677.49
1948.0,2,2,2,13.6,13.9,7.02,2.62,1,3183.6,Independent House,Good,Unfurnished,1,0,601999.63
2111.5,5,4,3,12.9,2.0,6.83,0.95,2,4978.9,Villa,Average,Semi-Furnished,1,0,892966.26
477.4,3,1,2,35.7,14.14,6.76,3.16,1,311.5,Apartment,Average,Semi-Furnished,0,0,109737.25
1086.1,2,2,6,17.3,6.72,8.15,1.49,0,450.1,Apartment,Good,,0,0,445963.22
2249.8,4,3,2,31.2,5.74,6.63,1.01,0,2927.2,Independent House,Average,Semi-Furnished,1,1,614182.37
865.6,1,1,2,13.8,17.61,5.79,1.95,1,421.7,Apartment,Good,Furnished,0,0,339779.68
2291.2,4,2,1,7.4,5.33,6.31,3.76,2,3037.6,Independent House,Average,Semi-Furnished,1,1,739685.22
2216.3,3,2,1,2.1,2.48,6.28,2.58,1,2794.2,Independent House,Average,Unfurnished,1,1,703828.51
882.4,1,1,8,13.5,7.8,7.34,5.29,1,310.0,Apartment,Good,Semi-Furnished,1,0,269277.26
1641.5,4,4,3,16.0,15.26,5.89,1.61,2,1827.6,Townhouse,Average,Furnished,0,0,505948.82
2333.3,4,2,2,29.4,8.1,8.33,3.99,3,4730.2,Townhouse,Premium,Unfurnished,1,1,947895.67
936.3,2,1,10,0.4,6.76,6.31,4.82,2,315.5,Apartment,Good,Semi-Furnished,0,0,459686.8
1695.0,2,1,3,21.4,12.49,8.98,3.36,2,3191.4,Independent House,Average,Semi-Furnished,1,0,568038.14
2193.3,4,3,15,15.1,4.01,,3.19,1,881.5,Apartment,Average,Semi-Furnished,0,0,480114.14
943.8,1,2,3,13.2,9.49,7.47,2.71,0,217.1,Apartment,Average,Unfurnished,0,0,297780.74
2241.1,3,3,1,46.1,1.13,8.14,1.46,1,4679.8,Independent House,Good,Furnished,0,1,844223.38
859.9,1,1,9,20.3,11.97,8.47,1.02,2,411.9,Apartment,Good,Unfurnished,0,0,311045.48
1727.2,4,3,2,36.6,18.48,7.61,3.87,0,2589.7,Independent House,Good,Unfurnished,1,1,599157.21
1632.2,2,1,1,8.6,23.42,10.0,3.84,1,705.1,Apartment,Average,Unfurnished,0,0,315266.24
601.0,1,1,1,11.2,16.22,6.71,2.84,1,916.7,Townhouse,Average,Semi-Furnished,0,0,234431.74
1081.0,1,1,3,29.5,13.73,4.51,3.86,1,425.4,Apartment,Poor,Unfurnished,1,0,129552.56
2213.2,3,2,2,7.7,8.02,6.65,1.05,1,5634.5,Independent House,Good,Furnished,1,1,880841.04
2031.9,3,3,2,8.0,14.32,7.85,3.26,0,5371.9,Independent House,Average,Furnished,1,1,714573.88
1483.9,3,3,3,6.9,8.86,7.36,2.13,3,3739.7,Independent House,Average,Unfurnished,1,1,614311.82
1400.7,2,2,2,10.1,2.79,5.22,2.85,1,3471.6,Villa,Average,Furnished,1,1,733627.83
2406.2,4,3,2,17.8,19.11,6.21,2.03,3,3259.9,Independent House,Average,Furnished,1,0,743284.47
1614.0,3,1,1,21.3,1.13,5.53,1.1,1,2693.4,Independent House,Good,Unfurnished,0,1,653531.29
2074.7,3,1,3,16.7,5.88,5.74,2.08,2,5376.6,Townhouse,Good,Semi-Furnished,1,1,692810.36
2613.2,6,3,2,11.9,4.49,6.56,2.35,3,3840.6,Villa,Premium,Furnished,0,0,1292707.48
1531.4,2,2,1,15.5,9.03,7.38,1.81,2,2398.7,Independent House,Average,Furnished,0,1,527714.39
2899.6,5,3,1,36.8,15.79,5.64,1.87,2,6980.0,Independent House,Good,Semi-Furnished,1,0,937727.06
1054.1,2,2,1,15.1,13.35,5.78,6.84,2,516.7,Apartment,Poor,Furnished,1,0,135005.6
2720.4,4,3,1,11.3,1.65,7.73,2.22,2,3625.1,Townhouse,Good,Semi-Furnished,1,1,962412.07
3218.9,5,4,1,1.7,2.85,5.46,4.53,1,4230.3,Independent House,Good,Unfurnished,1,1,1080801.76
2103.0,3,3,12,14.2,13.8,5.39,1.95,2,952.3,Apartment,Average,Unfurnished,1,0,496624.49
1254.2,2,2,10,28.7,35.25,9.89,0.17,1,530.0,Apartment,Good,Semi-Furnished,0,0,331355.06
6492.5,7,4,3,3.6,5.3,5.94,1.08,3,13531.8,Villa,Average,Semi-Furnished,1,0,2040772.34
1758.7,3,1,2,5.5,2.58,4.05,4.01,1,2089.2,Townhouse,Average,Unfurnished,1,1,543083.67
1497.2,2,3,8,10.4,6.33,4.9,1.3,0,686.7,Apartment,Average,Unfurnished,0,0,387553.25
1340.5,4,2,5,9.3,2.24,3.81,5.65,2,411.6,Apartment,Poor,Furnished,1,0,280920.67
841.8,2,1,2,16.1,7.48,9.09,3.93,1,150.0,Apartment,Premium,Semi-Furnished,0,0,485229.6
3183.7,4,3,2,43.2,9.17,6.6,,2,4287.8,Independent House,Good,Unfurnished,1,1,1053114.45
1751.5,3,1,2,6.6,18.32,5.19,2.3,1,3846.2,Villa,Good,Unfurnished,1,1,718436.02
3277.6,4,3,3,9.2,12.56,7.51,1.71,1,4830.5,Villa,Premium,Unfurnished,0,0,1250082.11
3007.5,5,3,2,13.4,15.36,9.18,4.47,1,5538.7,Independent House,Good,Unfurnished,1,0,849897.71
2380.9,4,4,3,8.6,7.42,6.45,2.04,2,4774.9,Independent House,Average,Semi-Furnished,1,0,778406.42
1011.8,2,2,1,16.1,27.49,9.07,0.36,1,770.9,Apartment,Poor,Unfurnished,0,0,142593.69
1601.4,2,2,3,20.8,2.25,6.21,1.24,1,3169.5,Independent House,Average,Furnished,0,0,557828.01
450.0,1,1,4,9.3,7.68,4.99,1.73,1,150.0,Apartment,Premium,Unfurnished,0,0,423497.71
1288.4,3,2,10,26.0,7.45,9.32,4.27,2,771.6,Apartment,Premium,Unfurnished,0,0,665044.61
3120.6,6,4,2,11.5,4.7,5.65,2.06,3,3567.6,Villa,Good,Furnished,1,1,1214474.08
1672.6,3,2,3,8.5,20.67,5.88,4.57,1,2004.4,Independent House,Average,Semi-Furnished,1,0,503881.87
1056.0,1,2,7,4.5,0.42,8.21,1.26,0,150.0,Apartment,Average,Unfurnished,1,0,414805.2
1630.8,3,2,2,22.2,3.33,6.75,2.13,2,3156.6,Independent House,Premium,Unfurnished,1,1,887420.65
2749.0,5,4,1,18.1,9.15,6.54,3.52,2,6630.8,Townhouse,Average,Semi-Furnished,0,1,820381.01
1322.5,2,3,9,6.3,6.62,6.33,3.78,1,397.6,Apartment,Good,Semi-Furnished,1,0,528407.46
2952.5,4,3,15,7.8,7.87,5.73,2.82,1,1369.9,Apartment,Average,Furnished,0,0,701029.53
1064.6,1,1,1,17.1,3.64,6.96,3.34,2,389.0,Apartment,Average,Semi-Furnished,0,0,211508.27
1807.6,4,3,2,21.3,5.41,7.41,3.94,1,3857.1,Townhouse,Good,Furnished,1,1,713479.32
1375.4,1,1,2,18.5,17.68,6.38,4.93,2,1740.2,Townhouse,Premium,Semi-Furnished,0,0,576249.49
3943.5,6,4,3,22.2,13.28,7.52,1.99,3,8670.8,Townhouse,Good,Furnished,1,0,1195570.25
1459.1,2,2,15,51.6,8.29,7.3,4.97,2,378.4,Apartment,Average,Semi-Furnished,0,0,234010.38
5444.9,7,5,3,26.3,14.86,7.26,3.79,3,12876.3,Villa,Average,Semi-Furnished,1,0,1669925.14
1549.1,2,2,1,22.6,17.14,6.29,5.33,0,2743.2,Independent House,Premium,Semi-Furnished,1,0,737341.85
3510.2,6,5,1,10.0,30.83,6.16,5.05,3,7132.5,Independent House,Good,Semi-Furnished,0,0,979490.58
1421.7,2,1,15,5.8,14.28,7.24,3.38,1,413.5,Apartment,Average,Unfurnished,0,0,366302.6
2626.1,4,4,3,33.5,16.62,4.96,1.7,1,4282.0,Independent House,Good,Semi-Furnished,1,1,879357.88
1107.2,2,1,2,,4.34,10.0,1.75,1,2075.4,Independent House,Average,Unfurnished,1,1,455634.42
1566.2,2,3,5,19.7,11.77,3.05,1.98,1,632.0,Apartment,Poor,Semi-Furnished,0,0,280570.83
863.5,2,1,5,4.3,8.8,5.89,1.65,0,426.8,Apartment,Good,Unfurnished,0,0,422699.74
1507.3,2,2,15,2.9,16.99,7.45,4.2,1,658.8,Apartment,Good,Unfurnished,0,0,434471.27
715.1,1,2,10,26.1,16.34,7.76,1.64,1,193.6,Apartment,Average,Unfurnished,0,0,161743.74
1586.1,3,3,1,8.4,15.94,5.48,2.37,0,1742.5,Townhouse,Average,Unfurnished,0,1,395672.1
2143.6,3,3,2,19.6,19.9,5.76,4.01,3,1065.1,Apartment,Premium,Unfurnished,0,0,694922.09
1702.8,3,2,13,8.5,12.59,6.77,2.14,2,822.5,Apartment,Good,Unfurnished,1,0,523199.3
1100.6,3,2,3,21.0,4.68,4.73,2.58,0,1343.5,Independent House,Good,Semi-Furnished,1,1,564042.01
609.6,1,1,11,14.0,13.54,4.96,0.42,0,327.4,Apartment,Poor,Semi-Furnished,1,0,92227.98
1667.0,3,2,5,12.3,16.82,7.97,4.11,1,1115.8,Apartment,Premium,Furnished,1,0,726052.03
3590.2,6,5,2,18.4,17.21,7.88,4.99,2,5542.7,Independent House,Premium,Furnished,0,0,1412610.58
902.5,2,1,2,20.3,5.99,6.72,,1,373.4,Apartment,Average,Unfurnished,0,0,222304.26
3264.9,7,4,9,9.0,1.15,7.82,3.98,3,1499.1,Apartment,Average,Semi-Furnished,1,0,899881.67
1349.3,2,1,13,19.7,22.54,,1.4,0,399.2,Apartment,Good,Semi-Furnished,1,1,412857.71
594.3,1,2,1,20.7,5.54,5.58,2.02,0,150.0,Apartment,Good,Semi-Furnished,0,0,314382.58
856.6,2,1,2,25.8,7.62,5.02,1.62,1,1620.5,Townhouse,Good,Semi-Furnished,1,1,447831.17
1869.6,4,3,9,31.3,6.56,7.61,2.35,2,1059.8,Apartment,Premium,Semi-Furnished,0,0,714066.68
1428.7,2,1,12,14.4,10.03,5.72,2.47,0,741.2,Apartment,Good,Semi-Furnished,1,0,390652.51
4151.3,7,5,2,8.5,6.65,7.87,2.66,3,7970.6,Villa,Average,Semi-Furnished,0,0,1407508.09
1346.7,4,2,1,7.0,9.36,6.26,3.64,2,2015.9,Villa,Average,Semi-Furnished,1,0,660083.06
1422.0,2,1,7,9.5,4.29,8.58,2.28,2,593.8,Apartment,Good,Unfurnished,1,0,441263.49
1356.8,3,2,15,10.1,20.7,5.31,1.84,2,754.7,Apartment,Average,Furnished,0,0,348572.45
1553.8,4,3,2,11.3,12.96,5.05,0.67,2,2045.9,Townhouse,Average,Furnished,1,1,592261.24
1573.7,4,3,1,14.1,9.3,7.0,1.33,2,3338.8,Independent House,Good,Unfurnished,1,1,614375.75
1586.9,3,2,2,16.4,0.73,6.2,0.25,1,2116.4,Independent House,Average,Furnished,1,0,614941.35
1456.0,3,3,1,17.0,3.63,6.91,2.47,1,696.4,Apartment,Good,Furnished,1,0,568725.89
1536.3,2,1,9,23.6,14.81,,0.98,1,863.1,Apartment,Average,Semi-Furnished,0,0,336914.49
1504.4,3,2,12,33.3,4.12,5.95,3.14,2,706.1,Apartment,Average,Unfurnished,1,0,370672.56
3066.8,5,3,2,17.1,12.07,6.31,3.11,2,6465.8,Independent House,Average,Furnished,1,0,867821.84
1115.8,1,1,3,10.1,6.82,3.53,2.14,1,1828.7,Independent House,Good,Semi-Furnished,1,1,609859.63
632.2,1,1,3,23.3,9.31,8.86,2.06,0,150.0,Apartment,Good,Unfurnished,0,0,128498.15
2529.2,4,3,1,22.3,7.04,5.77,0.67,2,5994.1,Townhouse,Average,Semi-Furnished,1,1,699271.41
910.3,2,1,15,9.4,7.54,7.33,2.26,1,482.0,Apartment,Average,Semi-Furnished,1,0,323691.62
1575.7,2,2,1,22.6,14.52,3.68,1.35,0,3142.3,Independent House,Average,Unfurnished,1,1,490865.01
1722.5,4,2,3,1.2,14.85,5.41,2.29,1,2069.8,Villa,Good,,0,1,752091.35
1264.5,1,1,1,7.0,10.01,7.06,5.76,1,1855.1,Townhouse,Premium,Unfurnished,0,1,687093.67
733.3,2,2,15,5.8,15.1,9.32,2.42,1,150.0,Apartment,Good,Semi-Furnished,0,0,299827.85
1299.0,2,3,1,7.3,2.64,7.34,1.95,1,1318.2,Townhouse,Average,Semi-Furnished,0,0,486469.91
1777.2,3,3,12,23.6,8.64,7.5,2.08,1,864.9,Apartment,Good,Unfurnished,0,0,391004.92
1845.0,4,2,1,12.1,6.15,5.98,2.04,1,4172.8,Independent House,Average,Semi-Furnished,1,0,561740.48
1672.3,3,2,5,25.5,5.97,6.67,4.46,1,780.3,Apartment,Poor,Semi-Furnished,0,0,337906.37
1500.4,3,4,3,35.2,5.47,,5.79,1,3161.9,Independent House,Average,Semi-Furnished,1,1,605375.42
1976.9,4,3,4,34.1,19.04,7.13,1.73,1,507.4,Apartment,Poor,Semi-Furnished,0,0,354520.32
1092.9,1,1,8,9.2,3.49,8.48,3.69,0,437.4,Apartment,Average,Furnished,0,0,327131.76
558.1,2,2,8,12.5,5.49,6.18,5.73,0,150.0,Apartment,Good,Furnished,0,0,222047.05
1545.4,2,2,2,14.4,9.96,6.72,1.88,1,651.2,Apartment,Average,Unfurnished,1,0,344775.78
1867.5,3,3,2,38.4,5.75,6.11,1.34,2,549.0,Apartment,Good,Semi-Furnished,0,0,476277.89
1461.1,2,1,3,9.0,5.68,6.31,1.56,0,1870.3,Independent House,Premium,Semi-Furnished,1,0,758426.32
2238.9,4,3,9,28.1,6.4,8.33,1.73,1,886.0,Apartment,Good,Furnished,0,0,593061.77
946.5,1,2,1,19.6,13.17,7.33,1.35,1,292.3,Apartment,Average,Furnished,0,0,308664.68
1793.2,3,2,6,1.7,19.82,7.15,3.6,1,842.5,Apartment,Good,Semi-Furnished,0,0,488522.84
2815.5,6,5,14,,14.73,6.5,1.1,3,931.9,Apartment,Poor,Furnished,0,0,724675.4
1876.7,2,1,3,6.7,29.31,5.43,1.22,0,3044.9,Independent House,Average,Semi-Furnished,0,0,460797.22
2025.4,3,2,2,11.5,25.51,7.7,2.97,1,3270.4,Villa,Average,Unfurnished,0,1,689184.1
1294.3,1,2,10,1.8,1.56,7.9,1.62,1,561.8,Apartment,Good,Semi-Furnished,1,0,513123.78
3661.9,6,4,3,39.9,19.32,7.96,0.76,3,5585.8,Independent House,Good,Semi-Furnished,1,1,1102723.18
2188.6,3,3,1,10.8,24.97,6.67,2.0,1,3923.9,Independent House,Good,Semi-Furnished,1,0,676339.97
5481.9,7,5,3,11.6,12.77,5.56,2.64,4,7381.9,Villa,Good,,1,0,1760287.21
1521.4,2,2,12,37.5,7.62,7.62,4.55,2,737.3,Apartment,Average,Furnished,1,0,401930.89
1028.1,3,2,4,5.0,4.17,8.25,5.42,2,258.7,Apartment,Good,Furnished,1,1,502434.53
1291.4,2,1,1,20.1,13.93,7.91,5.12,2,1772.1,Townhouse,Premium,Unfurnished,1,0,669790.62
1896.4,3,2,2,8.3,2.81,5.56,3.17,2,4292.8,Independent House,Average,Semi-Furnished,1,1,637043.06
784.1,2,2,2,3.0,9.6,7.23,1.87,1,1084.7,Independent House,Premium,Semi-Furnished,0,1,775031.9
1351.6,1,1,1,21.8,42.05,3.87,3.05,0,1693.5,Townhouse,Premium,Unfurnished,0,1,501387.85
1118.7,1,2,7,31.9,2.28,8.63,0.65,1,577.0,Apartment,Average,Furnished,0,0,331277.91
2043.8,3,2,2,13.8,9.8,6.94,1.49,1,4320.3,Independent House,Poor,Semi-Furnished,1,1,640740.72
4177.3,5,3,1,24.0,17.23,6.98,5.12,3,5840.0,Independent House,Average,,1,1,1167697.5
1384.5,1,1,11,9.0,10.73,8.94,2.35,1,623.4,Apartment,Good,Furnished,0,0,461328.28
824.1,1,1,1,20.6,14.08,5.84,1.22,0,1269.9,Independent House,Poor,Semi-Furnished,1,1,344197.51
921.7,1,1,9,14.7,2.35,6.87,3.34,1,345.0,Apartment,Average,Unfurnished,0,0,231602.7
1842.2,3,2,2,9.8,28.61,5.45,2.21,3,2565.1,Townhouse,Good,Unfurnished,1,1,520279.06
1715.7,3,3,2,6.4,10.44,4.53,0.46,1,4541.6,Townhouse,Premium,Furnished,1,0,893436.96
3656.0,6,5,3,31.5,2.93,7.1,3.08,3,6468.8,Independent House,Good,Furnished,1,1,1206305.56
3333.8,7,5,2,15.1,16.64,7.04,2.64,4,4429.7,Villa,Good,Semi-Furnished,0,1,1273424.0
2438.6,4,2,1,11.0,28.14,3.62,0.6,1,5771.1,Townhouse,Average,Unfurnished,1,1,593286.27
1235.1,2,1,9,12.1,7.03,7.76,2.59,0,674.1,Apartment,Average,Unfurnished,0,0,268101.24
2146.8,3,2,8,21.0,8.34,6.64,3.07,1,403.3,Apartment,Good,Semi-Furnished,0,0,511549.44
928.7,2,1,6,23.5,19.42,7.79,1.51,0,426.2,Apartment,Average,Semi-Furnished,0,0,243587.32
2032.0,4,2,13,14.8,16.07,7.04,2.86,3,837.5,Apartment,Good,Semi-Furnished,0,0,563345.27
1201.7,3,1,14,19.8,4.7,8.22,1.25,2,624.8,Apartment,Premium,Unfurnished,0,0,609463.86
898.2,2,2,3,11.5,1.13,8.38,2.29,2,2207.0,Townhouse,Good,Semi-Furnished,1,1,564980.58
1735.8,3,4,1,12.6,28.52,6.99,6.0,1,460.8,Apartment,Good,Semi-Furnished,0,0,354093.84
2433.4,5,3,5,22.0,6.44,8.04,1.04,3,843.7,Apartment,Good,Semi-Furnished,0,0,606409.78
1557.9,3,3,1,11.2,3.32,7.98,3.09,1,2547.7,Independent House,Good,Unfurnished,1,1,734398.63
2608.3,4,3,1,6.0,5.0,4.99,2.31,2,685.3,Apartment,Average,Semi-Furnished,1,0,614322.79
921.8,1,1,3,21.3,22.44,5.42,1.08,2,1109.1,Independent House,Average,Semi-Furnished,1,1,385445.77
1347.5,2,3,3,18.8,0.3,5.24,0.42,0,2658.4,Villa,Average,Semi-Furnished,1,1,682209.6
1551.4,2,3,1,26.1,19.08,7.66,1.1,2,3573.9,Townhouse,Good,Unfurnished,1,0,628735.73
1157.9,2,2,6,21.1,12.82,,0.4,0,338.0,Apartment,Average,Unfurnished,0,0,249032.57
1022.4,1,1,9,18.5,7.39,3.75,3.84,0,504.1,Apartment,Average,Semi-Furnished,0,0,233826.7
1745.3,3,2,1,5.3,9.9,,2.52,2,4428.2,Townhouse,Good,Unfurnished,1,0,625428.11
1321.5,2,2,2,14.5,15.36,6.15,0.4,0,2097.6,Townhouse,Poor,Semi-Furnished,0,1,368434.86
1163.6,1,1,12,10.2,6.74,7.37,1.78,1,725.8,Apartment,Good,Semi-Furnished,0,0,392180.57
1854.7,3,3,3,20.9,5.0,8.57,2.27,2,4586.8,Townhouse,Average,Unfurnished,1,0,588264.41
1246.6,3,3,3,39.8,14.74,8.08,5.8,2,2356.9,Townhouse,Average,Semi-Furnished,0,1,349283.35
1294.1,3,2,1,23.2,10.77,6.96,1.43,1,936.6,Apartment,Poor,Semi-Furnished,1,0,236688.6
1409.1,3,2,1,5.0,23.45,5.5,2.24,1,2455.3,Independent House,Average,Unfurnished,1,1,463160.27
815.4,1,1,5,17.8,22.12,3.79,6.36,1,431.7,Apartment,Premium,Furnished,0,0,376111.64
1864.7,3,3,14,10.2,7.41,5.99,2.26,1,252.3,Apartment,Premium,Semi-Furnished,0,0,770635.63
3786.3,6,5,3,22.4,8.93,6.28,2.55,3,6100.2,Independent House,Good,Furnished,0,1,1160408.8
2115.8,3,3,2,24.8,21.21,6.85,2.8,1,1027.5,Apartment,Good,Unfurnished,0,0,449864.92
2124.3,3,3,3,14.2,17.4,8.0,5.52,1,3247.7,Independent House,Good,Furnished,1,1,794493.39
1033.4,1,2,2,11.3,13.15,7.67,3.52,0,393.6,Apartment,Premium,Furnished,0,0,550004.13
1199.4,1,2,15,18.5,19.62,6.84,3.31,0,699.5,Apartment,Average,Unfurnished,0,0,290381.32
3472.3,5,5,3,9.4,2.58,6.12,6.32,1,5265.2,Villa,Poor,Semi-Furnished,1,1,1012548.16
519.0,1,1,13,25.3,13.05,4.49,3.1,1,269.9,Apartment,Good,Semi-Furnished,0,0,173046.79
1161.5,1,1,9,21.2,4.38,,2.76,0,505.0,Apartment,Premium,Semi-Furnished,1,0,614153.54
3032.0,5,2,2,11.0,16.46,5.3,1.44,2,6980.0,Villa,Average,Semi-Furnished,0,0,903045.63
1145.7,1,2,1,6.7,12.89,10.0,0.91,1,2174.9,Independent House,Average,Furnished,1,1,579984.6
2207.6,4,3,2,17.2,19.04,9.59,2.21,3,5405.5,Independent House,Average,Semi-Furnished,1,1,754945.26
1585.1,4,3,8,28.2,22.49,4.87,0.78,2,515.3,Apartment,Average,Furnished,0,0,405443.97
734.6,2,1,10,24.1,3.11,,2.11,3,204.5,Apartment,Good,Furnished,0,0,389274.97
1916.8,4,3,2,5.9,13.19,4.74,3.62,2,4628.2,Independent House,Average,Furnished,1,0,616151.77
1043.9,2,2,13,19.8,5.94,7.02,1.95,1,421.1,Apartment,Premium,Semi-Furnished,0,0,620078.95
1611.4,3,2,8,21.2,15.36,5.99,0.41,3,559.2,Apartment,Good,Semi-Furnished,1,0,508770.51
2448.4,4,3,3,12.7,5.73,6.49,0.81,1,3194.5,Independent House,Poor,Furnished,0,1,736972.24
1599.8,2,1,15,15.1,6.1,8.22,3.44,1,827.1,Apartment,Good,Semi-Furnished,0,0,496432.58
1394.9,3,2,14,23.4,10.43,7.24,1.06,1,561.5,Apartment,Good,Unfurnished,0,0,449706.18
1527.5,3,2,15,16.2,2.98,7.96,4.9,0,900.1,Apartment,Average,Semi-Furnished,0,0,324604.69
1006.9,1,2,2,2.5,4.43,7.43,3.29,1,1211.7,Townhouse,Average,Unfurnished,1,0,386642.34
1824.3,3,2,3,8.1,14.03,5.64,1.82,2,3409.8,Independent House,Good,Furnished,0,1,741475.96
1322.6,2,1,1,10.8,26.13,4.8,1.96,1,2442.0,Independent House,Average,Semi-Furnished,0,0,361055.76
2086.7,3,2,3,8.3,1.6,6.27,2.0,2,,Apartment,Average,Semi-Furnished,0,0,543994.85
1802.7,4,3,13,25.1,5.43,6.26,2.3,0,714.2,Apartment,Average,Unfurnished,0,0,410468.63
2195.8,4,4,1,19.3,12.26,5.94,2.57,3,3787.8,Townhouse,Average,Semi-Furnished,0,1,593025.62
2778.7,4,4,7,5.3,2.03,5.68,1.71,1,931.9,Apartment,Good,Unfurnished,0,0,780211.95
1436.5,2,1,1,19.0,7.62,6.8,1.3,2,2239.7,Townhouse,Average,Semi-Furnished,1,0,428550.96
1768.8,3,3,1,26.4,11.31,8.62,3.21,0,3531.4,Villa,Good,Semi-Furnished,1,1,884185.43
1422.3,1,1,2,12.8,9.22,3.66,1.84,1,1966.3,Townhouse,Average,Semi-Furnished,1,1,435601.2
690.3,1,1,12,18.2,6.42,4.9,2.77,0,339.2,Apartment,Good,Unfurnished,0,0,191647.01
1174.7,1,2,2,15.8,2.6,7.08,3.12,1,2471.8,Villa,Average,Semi-Furnished,1,1,657088.95
1756.3,3,3,9,6.4,37.49,4.01,4.81,1,430.8,Apartment,Premium,Semi-Furnished,0,0,549956.92
1239.8,3,3,2,19.1,5.22,4.61,6.38,2,2609.1,Villa,Premium,Furnished,1,0,894663.73
1050.5,2,3,1,10.0,16.13,9.77,3.52,1,1321.5,Townhouse,Average,Furnished,1,0,397113.94
1581.0,2,2,1,34.7,14.25,7.52,3.82,0,2294.2,Townhouse,Good,Semi-Furnished,0,1,523805.52
1873.4,3,3,1,6.1,7.68,10.0,4.61,2,2922.8,Villa,Average,Unfurnished,1,0,679091.79
2393.5,3,2,3,14.6,6.52,4.22,3.2,2,4430.6,Townhouse,Good,Unfurnished,1,1,670725.7
1692.4,4,3,3,27.3,2.8,9.72,3.16,3,4352.7,Townhouse,Good,Furnished,1,1,789695.8
967.5,2,2,9,11.0,17.91,4.8,1.22,1,312.8,Apartment,Average,Furnished,1,0,330948.1
2779.3,5,5,3,18.8,18.98,8.0,3.33,2,6059.9,Independent House,Average,Unfurnished,0,0,820372.97
2240.9,2,2,1,60.0,7.96,3.54,2.66,1,3483.1,Townhouse,Average,Semi-Furnished,1,1,555333.19
748.0,1,2,9,26.1,5.53,7.12,0.7,0,171.6,Apartment,Good,Semi-Furnished,0,0,294371.32
2054.5,3,2,3,19.5,4.03,7.22,6.39,0,2891.1,Independent House,Good,Unfurnished,1,0,628743.96
1368.6,2,2,3,24.0,8.44,6.05,3.87,0,2527.4,Independent House,Poor,Furnished,1,1,404974.32
991.0,2,2,3,20.1,4.65,4.68,2.57,0,274.0,Apartment,Average,Furnished,0,0,250891.93
2966.9,5,4,12,7.8,10.37,6.29,4.9,3,1471.4,Apartment,Average,Furnished,0,0,777162.78
1738.4,3,2,3,18.5,11.52,7.05,2.29,2,2630.9,Townhouse,Good,Unfurnished,0,1,581008.56
1234.9,1,2,10,49.7,11.59,5.03,1.04,0,608.6,Apartment,Average,Semi-Furnished,0,0,177087.41
1402.1,2,2,1,31.0,4.16,6.4,0.86,0,539.3,Apartment,Average,Furnished,0,0,380199.36
2382.0,4,2,2,12.1,4.53,6.61,3.04,2,5963.1,Townhouse,Premium,Semi-Furnished,1,1,1016767.62
1007.7,1,2,6,13.2,7.87,7.36,2.04,1,587.2,Apartment,Average,,1,0,311719.58
1082.6,2,2,12,51.8,17.62,4.39,4.11,1,402.1,Apartment,Good,Semi-Furnished,1,0,295639.34
2434.9,4,3,3,,11.55,5.84,2.17,2,6336.7,Independent House,Average,Unfurnished,1,1,761082.86
715.7,1,1,8,11.1,3.88,6.96,4.86,1,410.0,Apartment,Average,Semi-Furnished,0,1,241154.86
3377.1,6,4,2,8.0,11.79,6.12,0.65,3,4326.6,Villa,Good,Furnished,1,0,1279050.6
1135.1,2,2,2,16.6,15.0,5.11,2.62,0,1294.0,Villa,Average,Unfurnished,0,1,531728.94
1488.2,3,2,2,10.6,19.57,8.06,3.09,0,3441.7,Townhouse,Average,Unfurnished,1,1,438635.84
1138.1,2,2,2,16.1,6.16,8.1,0.88,1,1672.5,Villa,Premium,Semi-Furnished,1,1,876404.47
1185.9,1,2,1,19.1,9.61,7.79,4.06,1,2242.2,Independent House,Good,Semi-Furnished,1,1,519837.68
2333.4,3,2,14,33.4,4.4,6.17,3.02,1,956.5,Apartment,Good,Unfurnished,0,0,566694.84
2865.6,5,4,2,13.0,3.43,6.4,3.01,4,3547.4,Independent House,Average,Unfurnished,1,1,872559.47
2194.3,3,2,13,2.4,17.19,8.51,1.99,2,1445.4,Apartment,Poor,Semi-Furnished,0,0,488228.94
1005.5,1,1,3,12.5,4.58,7.86,1.04,0,1378.4,Independent House,Average,Unfurnished,1,1,382839.37
1061.1,2,1,2,12.6,9.37,8.53,3.04,0,1327.7,Townhouse,Premium,Semi-Furnished,1,1,640312.78
1560.6,3,2,10,11.9,13.32,6.82,2.47,2,704.5,Apartment,Good,Semi-Furnished,1,0,541768.09
1827.2,3,2,4,14.2,10.42,7.58,1.13,1,632.3,Apartment,Average,Semi-Furnished,0,0,439283.76
1592.1,4,4,3,3.3,2.48,7.66,2.5,1,2771.7,Villa,Premium,Semi-Furnished,1,1,1072433.69
1061.0,2,2,9,6.3,8.04,8.79,4.47,0,677.7,Apartment,Average,Semi-Furnished,1,0,269847.38
841.3,1,2,13,,14.72,3.39,2.69,0,282.1,Apartment,Good,Semi-Furnished,0,0,311854.25
2715.0,3,2,3,26.1,8.11,6.88,1.45,1,616.8,Apartment,Average,Semi-Furnished,1,0,642141.18
1351.6,3,2,2,14.8,8.41,8.08,3.07,1,2525.2,Townhouse,Average,Semi-Furnished,1,1,504054.56
1872.4,2,3,3,21.2,16.3,8.41,2.98,0,4817.9,Independent House,Premium,Semi-Furnished,0,0,816267.3
1914.1,5,3,2,5.6,13.84,6.04,4.1,2,3810.7,Independent House,Good,Semi-Furnished,1,1,797957.39
2625.1,5,3,1,8.8,6.26,7.27,0.77,4,5490.4,Townhouse,Poor,Semi-Furnished,1,1,696928.39
906.9,2,2,15,0.7,22.75,7.77,3.11,1,416.5,Apartment,Average,Semi-Furnished,0,0,247797.94
2210.0,4,4,5,2.9,4.76,8.52,0.94,2,1090.8,Apartment,Good,Unfurnished,0,0,684266.7
964.4,2,1,3,46.9,6.0,7.22,3.48,0,1394.4,Townhouse,Poor,Semi-Furnished,1,1,289049.24
3015.3,3,3,3,5.3,9.28,7.07,1.66,2,4625.6,Independent House,Good,Unfurnished,0,1,1012349.13
899.1,1,1,3,7.2,13.35,6.31,2.03,2,1581.8,Independent House,Good,Furnished,0,0,583269.72
1294.9,3,1,2,8.5,20.55,8.33,1.57,3,392.5,Apartment,Average,Semi-Furnished,1,0,309213.0
3265.7,6,4,3,38.4,6.18,8.5,2.25,3,6830.6,Townhouse,Average,Unfurnished,1,0,924618.3
2211.4,3,2,3,5.5,9.52,8.21,4.19,2,4205.7,Townhouse,Average,Semi-Furnished,0,1,671301.48
1969.3,2,2,2,13.5,22.8,7.78,4.04,0,4149.7,Townhouse,Premium,Semi-Furnished,1,1,820771.74
1062.3,2,3,1,9.0,17.08,7.06,2.38,1,1811.3,Townhouse,Average,Furnished,1,1,433074.5
1357.3,3,2,1,10.6,11.94,5.85,1.5,2,3170.1,Independent House,Good,Furnished,1,0,704081.31
2902.1,5,3,3,4.5,10.41,5.63,4.99,3,3987.0,Townhouse,Average,Furnished,0,0,785132.82
2716.3,4,4,3,9.3,2.2,8.19,3.23,3,5911.8,Villa,Good,Semi-Furnished,0,1,1071205.28
2398.1,3,2,1,22.2,13.2,8.34,3.25,2,3970.2,Townhouse,Poor,Furnished,1,1,679556.39
1395.6,2,1,14,13.4,6.57,7.06,3.03,0,725.9,Apartment,Poor,Semi-Furnished,0,0,296280.54
1202.0,2,3,12,18.7,18.57,7.05,1.8,1,766.2,Apartment,Good,Furnished,1,0,456565.23
2276.8,3,2,2,6.0,10.08,7.01,1.68,2,3380.6,Townhouse,Good,Unfurnished,1,0,682811.47
1839.9,2,2,2,23.9,2.91,8.44,4.36,0,4067.5,Townhouse,Average,Furnished,0,0,452529.02
1536.3,3,4,1,14.0,3.89,7.8,4.46,1,2472.7,Townhouse,Average,Semi-Furnished,1,0,617559.21
1020.4,2,1,3,10.7,31.59,6.08,3.91,1,2113.5,Independent House,Premium,Unfurnished,1,1,593158.46
2019.7,3,2,13,11.9,13.79,7.44,4.17,0,698.8,Apartment,Poor,Furnished,0,0,482869.12
2223.1,3,2,1,15.3,5.99,4.4,2.52,2,5841.3,Independent House,Average,Semi-Furnished,1,0,704051.17
1432.6,2,2,3,14.9,10.48,5.8,0.59,0,2974.1,Independent House,Average,Furnished,1,1,597914.93
2220.2,3,2,12,33.4,7.83,4.16,0.98,3,1246.2,Apartment,Average,Unfurnished,1,0,417862.78
1498.9,3,2,12,15.7,18.39,5.46,2.3,1,345.8,Apartment,Good,Semi-Furnished,1,0,526378.41
1511.3,3,3,11,,14.83,5.59,1.63,2,494.8,Apartment,Good,Semi-Furnished,1,0,488545.27
1961.2,4,3,1,13.0,41.63,3.68,3.93,3,694.8,Apartment,Average,Unfurnished,0,0,327799.45
2447.2,5,3,2,17.5,11.53,8.4,1.49,2,4268.2,Independent House,Good,Semi-Furnished,0,1,910571.5
2519.9,4,2,3,25.5,3.41,5.96,4.44,2,4723.3,Villa,Average,Semi-Furnished,1,0,798632.62
1524.4,5,4,3,2.9,1.51,6.23,4.25,3,3331.6,Townhouse,Good,Unfurnished,1,1,748701.49
3112.6,6,3,15,2.6,0.89,5.45,0.6,4,1539.3,Apartment,Poor,Semi-Furnished,0,0,690214.46
1357.9,2,2,1,12.6,17.26,7.52,4.55,1,1908.3,Independent House,Average,Unfurnished,1,0,439934.1
2528.0,4,4,3,8.1,9.95,8.7,2.04,1,5597.3,Independent House,Good,Furnished,0,1,964529.73
1306.2,1,2,10,14.8,7.84,7.46,1.87,0,451.3,Apartment,Average,Furnished,1,0,440534.81
2236.9,4,3,2,15.0,4.19,7.2,3.85,2,3970.3,Independent House,Poor,Semi-Furnished,1,0,576243.71
2271.3,5,4,3,12.5,8.7,3.84,,1,783.5,Apartment,Average,Semi-Furnished,0,0,505291.84
1187.0,4,2,10,29.9,14.75,6.55,1.66,2,765.0,Apartment,Good,Semi-Furnished,0,0,398929.96
1742.1,3,2,5,7.5,7.98,7.64,1.29,2,347.9,Apartment,Average,Unfurnished,1,0,373138.3
1512.6,3,2,4,8.7,19.27,8.44,3.89,2,741.2,Apartment,Good,Furnished,0,0,406963.12
1411.6,3,2,1,35.4,26.89,7.58,2.7,1,3202.2,Independent House,Good,Unfurnished,1,1,487318.37
2798.8,6,5,3,,10.49,9.73,3.57,3,3569.3,Townhouse,Good,Semi-Furnished,1,1,973434.62
1824.0,2,1,2,11.9,7.41,5.64,2.81,1,715.3,Apartment,Average,Unfurnished,1,1,365187.99
1374.7,4,2,1,11.0,6.91,5.64,2.85,2,2767.6,Townhouse,Good,Semi-Furnished,1,1,614745.65
2150.8,3,2,15,19.6,10.1,7.26,1.66,1,1183.5,Apartment,Average,Furnished,0,1,585199.48
954.2,1,1,3,13.6,10.41,8.55,4.5,1,563.1,Apartment,Premium,Unfurnished,1,0,436739.33
1336.7,2,3,7,4.7,11.56,8.79,4.95,1,418.6,Apartment,Good,Unfurnished,0,0,463374.81
1543.2,2,2,2,9.8,2.16,3.75,3.16,2,3701.6,Independent House,Poor,Unfurnished,1,1,503684.76
1855.0,3,2,11,9.0,11.24,6.86,1.78,2,751.6,Apartment,Good,Unfurnished,1,0,560528.35
1510.8,1,1,2,22.0,11.05,8.08,2.93,0,3320.2,Independent House,Average,Semi-Furnished,1,1,577092.82
1860.6,3,2,13,35.3,14.41,8.04,3.3,2,648.7,Apartment,Average,Furnished,0,0,448921.77
2372.1,4,4,1,29.9,15.96,7.52,4.68,2,3375.9,Independent House,Average,Semi-Furnished,1,0,678661.52
1578.5,4,2,2,13.3,20.19,6.58,4.95,2,2577.4,Independent House,Good,Unfurnished,1,0,569589.38
2917.7,5,4,14,26.4,11.9,2.3,0.89,2,879.5,Apartment,Good,Semi-Furnished,0,0,751455.1
989.4,3,2,6,26.7,16.07,9.68,1.81,1,769.6,Apartment,Premium,Furnished,1,0,590214.99
1232.6,2,2,2,40.1,11.99,7.59,0.94,2,2853.6,Villa,Average,Semi-Furnished,0,1,611748.75
2364.0,4,3,1,0.4,19.92,5.42,2.12,1,5970.1,Townhouse,Good,Unfurnished,1,1,834049.01
749.3,1,2,3,10.6,8.94,6.23,6.59,0,1713.2,Independent House,Good,Semi-Furnished,1,1,461370.19
2531.7,4,4,2,21.3,6.09,7.08,1.36,1,1095.5,Apartment,Good,Unfurnished,0,0,672359.44
1412.1,3,2,15,8.4,9.77,7.39,3.31,0,414.5,Apartment,Average,Furnished,1,0,369420.38
906.1,2,2,2,4.8,22.98,4.68,3.18,1,2208.0,Townhouse,Average,Furnished,1,1,385711.75
1240.8,1,1,2,5.8,6.43,5.26,1.21,1,2373.2,Independent House,Good,Furnished,0,1,664824.36
681.1,1,1,2,18.0,22.68,7.43,1.24,0,162.9,Apartment,Average,,1,0,184741.21
2170.4,3,4,3,9.0,12.31,5.86,2.69,2,3858.5,Independent House,Average,Unfurnished,0,1,595044.05
1058.4,2,2,1,5.9,17.16,4.12,5.32,2,2277.9,Independent House,Average,Furnished,0,1,464403.6
1670.6,3,2,4,35.9,13.12,5.55,3.07,1,545.2,Apartment,Average,Semi-Furnished,0,0,301539.32
1190.4,2,2,13,17.8,10.32,6.68,2.5,1,378.2,Apartment,Poor,Semi-Furnished,1,0,262320.49
1108.1,2,2,15,32.4,6.04,4.32,2.66,0,499.4,Apartment,Poor,Semi-Furnished,1,0,145567.26
2043.6,3,2,2,10.8,39.13,9.07,0.83,2,4740.2,Townhouse,Good,Unfurnished,0,1,633981.95
2401.2,5,3,3,24.4,2.65,8.42,4.73,2,4000.3,Independent House,Premium,Semi-Furnished,1,1,981282.05
2669.8,5,4,1,6.8,18.86,8.03,1.85,3,3793.9,Townhouse,Average,Furnished,1,1,819870.09
1036.8,2,1,15,9.0,1.85,6.83,3.48,0,442.1,Apartment,Average,Semi-Furnished,1,1,290855.33
1825.0,5,4,1,10.5,25.42,4.91,4.32,2,3355.9,Independent House,Good,Semi-Furnished,1,1,621011.63
1263.6,2,2,2,9.1,14.76,5.48,1.63,2,2373.4,Townhouse,Average,Furnished,1,1,555743.2
1766.9,4,3,1,5.6,4.73,8.62,1.53,2,3166.0,Townhouse,Premium,Semi-Furnished,1,1,931966.07
1189.9,1,2,2,9.6,5.06,5.55,1.16,0,2277.5,Townhouse,Good,Unfurnished,1,0,567645.82
1132.2,2,2,5,4.0,9.8,6.65,6.89,0,380.6,Apartment,Average,Semi-Furnished,0,0,254863.99
1549.8,3,3,1,14.7,1.69,6.28,3.45,1,2267.3,Independent House,Average,Unfurnished,0,1,556127.63
1530.4,2,2,2,28.3,19.71,6.47,1.42,2,573.8,Apartment,Average,Unfurnished,0,0,310667.12
1354.7,2,3,12,8.2,5.61,6.52,4.2,2,628.6,Apartment,Good,Semi-Furnished,1,0,455722.59
1673.6,4,4,8,12.4,3.0,6.35,0.67,3,813.6,Apartment,Poor,Unfurnished,0,0,425497.53
1577.5,2,1,2,26.7,17.58,6.05,3.45,3,3565.4,Townhouse,Good,Unfurnished,1,1,605358.79
1448.6,3,3,1,36.5,1.36,6.24,0.97,1,2035.1,Independent House,Good,Semi-Furnished,1,0,627668.67
1466.2,3,2,4,25.4,9.01,6.4,1.92,2,639.2,Apartment,Good,Unfurnished,1,0,432081.46
1257.2,2,2,3,15.0,3.97,5.33,1.21,1,2749.0,Independent House,Premium,Semi-Furnished,1,1,809005.41
2347.0,3,2,2,20.0,12.83,4.67,0.38,1,3604.9,Independent House,Average,Unfurnished,1,0,675401.45
1200.1,3,2,14,21.2,19.98,6.16,0.95,2,276.2,Apartment,Average,Semi-Furnished,0,0,271404.39
2013.8,3,2,2,20.2,1.62,5.43,3.14,2,3065.4,Independent House,Good,Furnished,0,1,739775.96
1484.0,3,2,1,8.9,20.1,6.6,8.09,1,463.3,Apartment,Average,Unfurnished,0,0,246996.91
4364.6,7,5,3,23.5,8.09,5.15,2.42,3,6622.7,Villa,Poor,Furnished,1,0,1317270.83
1588.2,3,2,2,28.0,3.53,3.96,3.65,1,841.2,Apartment,Average,Unfurnished,0,0,364594.83
1395.3,3,2,7,1.7,3.33,8.81,1.57,1,374.2,Apartment,Average,Unfurnished,0,0,409321.1
1233.7,1,1,1,10.6,8.13,5.78,2.15,0,2096.7,Townhouse,Premium,Semi-Furnished,1,1,719834.88
1895.2,4,2,15,18.8,1.36,3.48,0.8,1,806.2,Apartment,Average,Unfurnished,0,0,443141.63
1649.7,2,2,2,16.3,7.85,7.78,5.62,0,2522.4,Independent House,Good,Unfurnished,0,0,471219.18
869.4,1,1,1,19.1,8.7,5.99,0.93,0,2213.9,Townhouse,Premium,Semi-Furnished,1,1,605894.57
1246.6,3,3,6,6.3,13.52,6.6,1.92,1,926.3,Apartment,Average,Furnished,0,0,294825.98
1788.2,3,2,3,1.6,18.81,6.87,6.2,1,4113.1,Townhouse,Good,Furnished,1,1,617668.05
1310.4,2,2,2,15.5,14.39,8.03,3.02,0,3325.9,Independent House,Poor,Furnished,1,1,391313.85
1758.5,3,3,2,13.2,23.14,7.01,6.46,1,4045.4,Independent House,Poor,Semi-Furnished,0,1,458060.88
1601.2,3,2,1,27.7,4.06,4.54,1.4,1,3108.2,Townhouse,Average,Unfurnished,1,1,452858.55
1321.6,2,3,11,19.0,12.29,4.83,2.84,0,732.1,Apartment,Average,Unfurnished,1,0,303288.47
2272.5,4,3,10,1.7,13.06,4.48,4.95,1,807.0,Apartment,Average,Semi-Furnished,1,0,550961.91
1065.3,1,2,3,19.3,22.78,5.85,2.52,1,2066.0,Independent House,Average,Furnished,1,1,405168.9
4341.9,7,5,2,32.9,12.93,7.13,1.88,2,8163.4,Independent House,Average,Unfurnished,1,0,1163764.62
1627.4,3,3,2,27.0,5.1,,1.64,0,3559.4,Townhouse,Poor,Unfurnished,1,1,435101.84
2358.0,4,4,1,19.0,9.19,5.58,2.34,3,5210.1,Independent House,Good,Semi-Furnished,1,0,860489.43
1427.6,1,1,10,9.7,12.42,5.52,3.22,0,527.5,Apartment,Poor,Furnished,0,0,215165.89
895.1,1,2,2,12.2,2.37,5.72,0.79,2,1519.4,Independent House,Good,Semi-Furnished,1,0,489579.73
868.1,1,1,14,12.0,24.79,7.56,1.01,0,261.0,Apartment,Premium,Semi-Furnished,1,0,523827.17
1085.6,3,2,10,21.3,9.31,6.16,4.61,1,678.7,Apartment,Good,Semi-Furnished,1,0,405509.1
2504.6,4,3,1,20.4,32.1,8.18,3.41,1,5476.2,Townhouse,Good,Semi-Furnished,1,0,777499.28
756.5,2,2,15,14.7,2.76,5.81,3.5,0,392.4,Apartment,Good,Semi-Furnished,0,0,341962.04
1555.0,2,1,1,25.7,4.28,6.63,0.69,2,1964.6,Villa,Good,Semi-Furnished,1,1,754310.07
1450.0,3,3,5,8.1,13.4,6.31,6.77,2,843.7,Apartment,Premium,Semi-Furnished,1,0,561720.87
2254.0,4,3,2,24.4,6.97,7.01,0.85,1,4338.8,Independent House,Premium,Semi-Furnished,1,1,1047112.73
2225.6,6,5,2,36.9,18.27,7.37,4.11,4,5436.6,Independent House,Average,Unfurnished,1,1,773750.4
1222.4,3,3,1,30.7,9.85,6.63,1.81,0,,Independent House,Good,Unfurnished,1,0,525120.43
1138.5,3,3,1,24.5,9.48,10.0,4.51,4,2355.5,Villa,Good,Unfurnished,1,0,663904.56
1696.8,4,3,8,9.5,9.21,8.82,,2,936.7,Apartment,Poor,Unfurnished,0,0,271330.4
2470.0,4,3,13,17.3,3.09,5.82,2.9,1,1336.5,Apartment,Average,Unfurnished,0,0,485694.86
1170.3,2,2,12,21.0,10.04,8.57,6.51,1,484.9,Apartment,Good,Semi-Furnished,1,0,367212.91
836.6,1,1,4,16.8,4.05,8.41,4.11,0,231.7,Apartment,Good,Furnished,0,0,339022.1
1542.7,3,2,2,20.9,32.94,4.75,1.76,0,3646.2,Independent House,Average,Semi-Furnished,1,1,440838.14
1947.0,1,1,2,43.5,1.05,3.59,2.36,0,4641.3,Townhouse,Average,Semi-Furnished,1,1,529339.8
1226.8,2,1,1,30.1,11.05,6.97,3.38,1,320.8,Apartment,Average,Furnished,0,1,283666.67
2443.3,4,3,11,39.1,12.07,6.47,4.7,0,1176.1,Apartment,Good,Furnished,1,0,572644.85
2433.3,4,2,3,29.1,13.5,3.07,5.5,1,5784.1,Townhouse,Premium,Unfurnished,1,1,933832.37
1996.8,2,1,2,12.3,16.07,6.85,2.42,2,2362.2,Independent House,Premium,Unfurnished,1,1,887983.06
595.4,1,2,4,6.7,1.91,6.73,2.22,0,212.5,Apartment,Average,Unfurnished,0,0,194831.01
1381.8,1,1,1,12.1,12.4,5.78,4.02,0,2491.9,Independent House,Average,Furnished,1,1,456873.73
1468.0,4,3,3,16.2,8.78,8.95,1.72,2,2897.7,Independent House,Good,Unfurnished,1,1,638249.68
1350.6,2,3,2,28.0,7.81,6.34,2.81,1,1997.4,Independent House,Good,Unfurnished,1,1,514472.06
1465.9,1,1,7,25.0,17.53,6.09,2.79,0,503.7,Apartment,Average,Semi-Furnished,1,0,290942.39
2019.6,3,1,3,8.1,21.3,6.66,3.91,2,2722.2,Independent House,Average,Semi-Furnished,0,0,565101.11
669.8,2,2,13,17.1,2.64,4.69,6.74,1,305.9,Apartment,Average,Semi-Furnished,1,0,144248.54
1897.0,3,2,1,33.0,9.28,5.33,2.38,2,637.7,Apartment,Good,Furnished,0,0,492296.71
1860.6,2,2,1,8.3,15.48,2.58,6.71,1,4048.7,Independent House,Good,Semi-Furnished,1,0,583319.45
2147.5,3,3,1,13.6,9.97,7.22,0.9,1,3825.0,Independent House,Average,Furnished,0,0,674262.4
1849.9,3,3,8,11.8,20.22,7.99,1.36,2,754.7,Apartment,Premium,Unfurnished,0,0,686783.35
1339.1,2,2,3,26.3,4.96,7.07,1.85,1,2291.0,Independent House,Good,Furnished,1,1,652127.14
2295.8,3,3,1,40.1,19.09,6.96,0.47,2,948.2,Apartment,Premium,Semi-Furnished,0,0,755365.69
1554.6,3,3,2,11.2,7.03,6.53,2.13,1,4130.4,Townhouse,Average,Unfurnished,0,0,497970.42
4204.5,6,4,2,9.5,3.98,8.84,2.8,4,8762.3,Villa,Average,Furnished,1,0,1411891.84
1133.5,3,3,2,5.5,10.03,6.43,1.99,1,1736.4,Townhouse,Premium,Furnished,1,0,729994.42
3381.0,6,3,1,15.7,8.16,7.94,4.63,2,7841.2,Independent House,Premium,Furnished,0,0,1302544.71
1128.7,1,2,2,27.3,2.37,7.79,1.12,0,1619.2,Townhouse,Premium,Furnished,0,0,600810.7
5390.3,7,5,2,3.8,9.36,4.64,4.01,3,10756.4,Independent House,Good,Semi-Furnished,1,1,1641637.48
1239.0,2,1,3,14.2,17.03,7.59,2.02,0,1401.2,Independent House,Average,Unfurnished,1,1,420381.87
2880.2,5,3,1,19.0,22.18,5.02,6.3,2,3944.4,Independent House,Average,Unfurnished,1,1,725598.95
1162.0,2,2,10,25.0,15.41,5.82,5.15,0,572.0,Apartment,Average,Furnished,1,0,223929.82
2495.3,4,3,1,18.4,4.65,6.38,2.43,3,4275.1,Independent House,Premium,Furnished,1,1,1099443.02
1330.2,3,3,12,6.4,11.91,8.45,2.76,1,664.0,Apartment,Average,Furnished,0,0,440335.88
1408.6,3,3,3,9.8,2.02,5.6,5.91,1,2338.9,Villa,Good,Furnished,1,1,726976.49
450.0,1,1,6,35.2,14.05,7.12,2.81,0,157.4,Apartment,Premium,Semi-Furnished,1,0,392057.03
3878.7,5,3,6,22.7,13.2,4.38,3.72,2,2158.7,Apartment,Premium,Unfurnished,1,0,1127944.29
1905.6,2,2,1,11.1,4.61,6.37,3.34,2,2431.0,Independent House,Premium,Unfurnished,1,1,922913.22
450.0,2,1,10,14.1,6.87,,2.48,1,165.0,Apartment,Good,,0,0,257218.66
1536.4,3,2,6,7.4,11.08,8.47,0.98,2,931.3,Apartment,Average,Semi-Furnished,0,1,343324.53
2468.8,4,2,1,3.3,13.08,5.55,,2,4585.4,Independent House,Premium,Unfurnished,1,1,1158569.28
1002.0,2,2,15,14.9,17.51,4.37,5.96,0,235.2,Apartment,Average,Furnished,0,0,271901.09
1004.8,2,1,13,9.2,1.98,6.01,2.08,0,372.3,Apartment,Average,Semi-Furnished,0,0,215809.73
1636.3,3,2,1,19.5,1.82,5.75,2.78,0,3642.4,Townhouse,Premium,Unfurnished,1,1,823601.92
2242.1,3,3,6,45.8,11.32,7.0,6.13,1,1114.9,Apartment,Good,Furnished,0,0,510661.39
1411.0,3,3,6,18.7,15.07,8.56,4.77,2,546.3,Apartment,Average,Semi-Furnished,1,0,307062.38
2501.5,4,2,6,18.7,7.3,6.16,3.03,2,764.3,Apartment,Average,Semi-Furnished,0,0,508648.51
2175.9,3,2,9,27.0,6.71,7.18,2.6,2,653.0,Apartment,Average,Semi-Furnished,0,0,483590.87
1229.0,1,2,1,5.4,3.92,6.5,3.48,2,171.8,Apartment,Premium,Semi-Furnished,0,0,599541.29
699.6,1,2,10,21.0,15.91,7.37,1.98,1,367.2,Apartment,Good,Unfurnished,1,0,305921.77
1680.2,4,3,2,7.2,10.45,5.23,2.69,2,2373.8,Independent House,Average,Semi-Furnished,0,1,609238.55
2305.3,3,2,3,26.7,12.77,6.62,3.82,1,3109.5,Independent House,Good,Semi-Furnished,1,1,769419.24
1387.5,1,1,4,18.6,7.82,8.02,0.75,0,701.9,Apartment,Premium,Furnished,0,0,696060.21
1766.1,3,1,5,5.9,6.98,5.55,4.28,1,748.9,Apartment,Premium,Furnished,0,0,720894.85
2655.8,4,3,1,18.8,8.86,6.4,,1,6453.3,Independent House,Average,Unfurnished,0,1,749356.13
2062.1,4,4,3,4.8,8.22,6.55,2.84,2,4722.9,Townhouse,Good,Furnished,1,1,826216.94
1205.2,3,2,12,5.7,21.08,4.5,2.55,2,185.8,Apartment,Average,Unfurnished,0,0,335545.64
2052.6,2,1,3,4.4,3.55,7.69,3.29,1,4355.8,Townhouse,Average,Unfurnished,1,1,622572.18
3459.9,5,4,15,27.8,16.11,5.82,4.32,4,1791.0,Apartment,Average,Semi-Furnished,1,0,731263.65
988.4,1,1,1,19.9,5.6,6.58,2.17,0,1929.7,Independent House,Average,Furnished,1,0,401278.04
2733.4,4,3,2,16.3,6.74,,6.07,2,5415.2,Villa,Good,Furnished,0,1,1026548.74
4808.2,7,4,2,7.9,11.31,7.69,1.69,3,5690.6,Villa,Average,Furnished,1,0,1547570.05
826.1,2,1,10,21.2,14.8,4.93,5.58,1,490.8,Apartment,Average,Unfurnished,0,0,85072.46
2060.2,3,3,7,16.6,7.94,7.25,3.77,0,770.9,Apartment,Average,Unfurnished,1,0,474627.97
2179.1,3,3,7,10.3,3.27,8.08,5.81,1,1088.8,Apartment,Average,Unfurnished,0,0,519512.62
727.6,1,1,15,17.7,26.28,5.7,1.84,0,163.8,Apartment,Good,Semi-Furnished,0,0,276361.71
1824.9,3,2,14,20.0,2.19,7.8,2.67,2,846.1,Apartment,Average,Semi-Furnished,0,0,444467.52
1649.0,3,1,3,6.3,3.45,7.25,0.78,1,3219.3,Independent House,Poor,Unfurnished,0,1,554257.13
1319.1,1,1,5,32.5,22.81,7.37,0.52,2,358.4,Apartment,Premium,Semi-Furnished,0,0,566160.69
1943.3,4,3,3,13.5,18.99,,1.4,1,3700.9,Villa,Average,Semi-Furnished,1,1,740230.35
2348.2,3,3,5,20.6,24.1,5.37,1.98,1,1547.1,Apartment,Premium,Semi-Furnished,0,0,785991.89
1290.8,2,1,7,12.7,5.58,5.29,4.85,2,587.2,Apartment,Good,Semi-Furnished,1,0,411211.71
1521.2,2,3,3,18.8,4.36,8.34,3.11,0,2856.9,Independent House,Good,Unfurnished,0,1,739012.24
1532.1,2,2,3,11.4,17.18,6.21,1.84,0,3968.8,Independent House,Good,Semi-Furnished,1,1,680400.15
1172.5,2,3,8,12.1,3.19,4.56,6.01,1,343.7,Apartment,Average,Semi-Furnished,1,0,332122.37
1048.5,1,2,1,11.2,4.44,6.44,4.15,0,2063.2,Townhouse,Good,Unfurnished,1,1,408513.22
1109.6,1,2,14,16.2,2.3,6.52,2.78,1,331.8,Apartment,Good,Unfurnished,1,0,371141.16
1421.5,1,2,8,23.3,5.3,7.03,5.43,1,740.8,Apartment,Average,Furnished,0,0,251013.22
1955.4,4,3,3,23.6,3.89,6.12,2.48,3,4176.5,Townhouse,Good,Semi-Furnished,1,0,617742.01
2243.5,4,3,3,22.8,2.81,9.2,3.91,2,1002.1,Apartment,Average,Unfurnished,0,0,526402.69
2044.8,4,2,3,17.3,9.48,5.38,6.86,2,4234.1,Independent House,Premium,Semi-Furnished,1,1,879574.94
1108.5,2,2,15,10.4,6.48,3.87,4.09,1,774.5,Apartment,Good,Semi-Furnished,0,0,350613.47
1208.6,3,3,2,1.7,12.45,4.55,2.87,0,1684.7,Independent House,Poor,Unfurnished,1,0,399037.95
2091.3,3,3,1,23.0,3.36,5.61,1.4,0,2952.2,Independent House,Premium,Unfurnished,1,1,901673.02
1287.9,1,1,2,16.1,5.17,7.37,5.06,0,400.1,Apartment,Premium,Furnished,0,0,598551.59
1305.9,3,2,5,9.4,1.93,6.38,5.79,0,371.2,Apartment,Good,Semi-Furnished,1,0,459394.28
1842.3,3,2,1,13.3,6.27,7.18,4.75,1,,Townhouse,Poor,Unfurnished,0,0,430150.55
2298.5,3,2,1,24.8,17.15,5.7,2.09,2,4947.1,Independent House,Good,Furnished,0,0,782539.68
2069.7,4,3,3,6.6,14.96,7.27,1.39,3,4375.0,Independent House,Good,Semi-Furnished,0,1,827226.38
1720.3,3,3,3,33.6,8.09,4.38,2.73,3,2551.3,Independent House,Average,Semi-Furnished,1,1,566146.7
966.3,2,2,15,48.9,31.95,6.9,0.53,1,204.6,Apartment,Premium,Unfurnished,0,0,351882.57
1046.0,1,2,7,10.4,2.05,7.54,2.56,0,450.6,Apartment,Good,Unfurnished,1,0,367992.46
2356.2,5,3,3,11.4,18.76,5.33,1.55,1,4522.6,Townhouse,Good,Unfurnished,1,0,621660.92
1132.5,2,2,15,12.8,3.56,9.11,3.14,0,609.1,Apartment,Good,Furnished,0,0,517239.17
1050.0,3,2,2,10.1,8.55,3.95,2.37,2,2010.9,Independent House,Average,Semi-Furnished,0,1,540367.71
2202.0,4,3,5,40.6,13.5,7.69,1.19,3,1233.8,Apartment,Premium,Furnished,1,0,830586.31
910.8,2,1,10,12.8,4.72,7.88,1.9,2,369.6,Apartment,Good,Unfurnished,0,0,356403.65
1674.6,3,1,3,6.1,5.54,5.41,2.18,1,3483.4,Townhouse,Average,Semi-Furnished,1,1,588961.19
2028.0,4,2,1,16.8,18.79,7.13,3.4,1,4900.2,Townhouse,Average,Semi-Furnished,0,0,554969.31
1850.5,4,3,1,8.1,9.32,5.42,2.54,0,4261.5,Independent House,Average,Semi-Furnished,1,0,620436.24
582.7,2,1,1,4.9,2.3,7.09,2.43,1,1022.1,Townhouse,Good,Semi-Furnished,0,1,439563.64
2624.5,4,2,1,8.8,6.63,6.34,1.87,3,6284.4,Villa,Average,Semi-Furnished,0,1,1036799.87
3225.9,6,4,2,9.5,4.99,6.67,5.01,2,4847.3,Independent House,Premium,Unfurnished,1,1,1275905.78
2571.4,4,3,1,12.9,1.76,5.82,2.17,1,4738.2,Independent House,Premium,Unfurnished,1,1,1126316.34
757.3,2,2,3,3.6,2.33,5.83,2.02,1,1536.4,Independent House,Good,Furnished,1,1,551136.6
4515.6,6,4,2,38.6,11.03,5.55,2.3,2,9085.0,Independent House,Average,Unfurnished,0,1,1201197.95
1058.9,2,2,3,18.2,3.95,7.6,3.29,1,2167.3,Independent House,Good,Unfurnished,1,0,555590.59
1049.0,2,1,1,21.8,33.74,9.09,2.55,0,2111.8,Townhouse,Poor,Furnished,1,0,249485.26
1878.9,3,3,12,15.7,11.59,9.97,4.12,0,743.6,Apartment,Good,Unfurnished,0,0,489327.81
1995.6,3,2,3,29.6,17.34,8.02,1.06,1,3202.6,Townhouse,Average,Semi-Furnished,1,1,502836.45
1399.4,2,2,10,11.3,1.38,6.66,6.5,1,500.9,Apartment,Premium,Furnished,1,0,623721.57
1065.2,3,3,11,15.6,11.58,8.11,2.65,1,290.0,Apartment,Average,Semi-Furnished,0,0,372650.66
3231.9,4,3,2,7.5,9.71,7.18,1.88,2,5961.6,Independent House,Average,Unfurnished,1,1,950372.14
1330.8,2,2,7,13.5,12.97,6.17,2.65,0,191.5,Apartment,Premium,Semi-Furnished,0,0,507110.54
854.8,1,1,2,14.7,0.58,9.53,4.51,1,1557.2,Townhouse,Average,Semi-Furnished,1,1,307689.4
3100.8,5,3,2,8.0,27.7,8.09,4.77,2,6466.5,Independent House,Good,Semi-Furnished,0,1,983845.08
1483.5,3,1,2,18.0,8.14,5.6,2.57,1,766.3,Apartment,Premium,Semi-Furnished,0,0,545662.43
2951.8,5,4,1,19.1,8.1,8.07,1.29,3,6292.1,Independent House,Average,Furnished,1,1,924158.08
1720.8,4,3,14,22.1,9.24,7.51,1.58,2,855.2,Apartment,Average,Unfurnished,0,0,437146.75
5045.9,7,5,3,18.8,4.49,5.32,1.97,3,7967.5,Independent House,Good,Unfurnished,1,1,1589585.12
1622.4,3,2,1,13.9,24.79,6.79,3.55,1,4173.4,Independent House,Good,Semi-Furnished,1,1,667155.06
1362.2,2,3,2,,1.05,6.6,5.62,2,290.8,Apartment,Premium,Semi-Furnished,1,0,568470.67
1830.6,3,3,11,15.5,6.05,2.92,2.92,3,594.7,Apartment,Average,Furnished,0,0,478354.17
1190.9,3,3,6,2.8,6.24,,1.08,2,414.3,Apartment,Good,Unfurnished,1,0,511716.4
1895.4,2,1,3,5.1,4.5,8.27,1.36,2,1064.3,Apartment,Average,Unfurnished,0,0,427586.23
450.0,2,1,2,7.4,7.39,5.64,0.7,0,216.2,Apartment,Good,Semi-Furnished,0,0,292227.45
2160.4,3,2,1,8.8,6.03,7.54,3.83,1,4110.6,Villa,Good,Furnished,1,1,1005858.92
1295.7,1,1,4,18.1,3.81,8.53,1.65,0,427.1,Apartment,Premium,Unfurnished,0,1,645670.46
1743.0,2,1,1,30.4,8.48,3.69,2.7,1,3232.0,Independent House,Average,Furnished,1,1,466307.54
936.1,2,1,7,20.2,9.83,9.03,1.66,0,464.9,Apartment,Average,Semi-Furnished,1,0,248457.4
3259.1,5,3,3,17.5,36.87,6.45,3.05,2,4609.1,Villa,Average,Unfurnished,0,1,920244.56
1094.7,1,1,6,3.5,3.75,7.26,0.53,1,587.9,Apartment,Average,Semi-Furnished,0,0,327948.15
1794.8,3,3,1,1.9,11.57,9.51,3.78,1,2337.3,Townhouse,Average,Unfurnished,1,1,571652.53
1624.4,2,2,3,33.0,11.34,8.1,2.36,0,3626.3,Townhouse,Premium,Semi-Furnished,1,1,722194.21
1669.4,3,3,9,10.9,16.4,6.44,2.67,1,652.7,Apartment,Average,Unfurnished,0,0,343093.55
3370.7,5,3,3,18.3,14.71,5.93,3.42,2,4446.0,Independent House,Average,Semi-Furnished,1,1,903062.65
1468.5,4,4,2,19.7,1.46,6.05,0.8,1,612.1,Apartment,Good,Unfurnished,0,0,507068.03
2349.4,4,3,3,47.6,7.1,5.88,4.19,2,3476.9,Townhouse,Average,Furnished,1,0,585196.54
1753.5,3,2,2,39.1,3.48,8.53,1.64,0,4359.1,Townhouse,Average,Furnished,1,0,546589.66
1494.2,3,3,1,52.8,2.37,7.48,2.46,2,2829.3,Independent House,Premium,Semi-Furnished,0,0,671933.64
1274.9,1,2,7,21.9,7.05,7.0,3.63,0,513.3,Apartment,Poor,Semi-Furnished,1,1,298711.12
1201.1,2,1,9,35.2,11.92,6.38,0.38,1,483.6,Apartment,Average,Furnished,0,0,286233.87
1717.6,4,2,7,6.3,22.53,7.76,2.99,2,760.1,Apartment,Good,Unfurnished,0,0,501181.84
1415.0,2,1,13,48.1,9.14,3.97,2.5,2,577.5,Apartment,Average,Furnished,1,0,254246.64
969.2,2,1,9,24.3,4.11,9.4,6.11,1,611.5,Apartment,Average,Semi-Furnished,0,0,235972.67
2029.2,3,2,3,12.1,9.99,6.31,3.14,1,3664.1,Villa,Average,Furnished,1,0,782942.97
869.3,3,1,1,,12.7,5.32,2.36,2,997.6,Townhouse,Average,Unfurnished,1,1,281808.59
1710.1,3,2,3,30.6,20.31,8.36,3.34,1,3871.7,Independent House,Premium,Unfurnished,0,0,758625.92
1353.7,1,1,2,20.7,3.54,8.33,1.46,1,713.8,Apartment,Average,Unfurnished,1,1,408417.37
2891.8,6,4,13,1.2,2.32,6.59,2.67,3,1534.4,Apartment,Average,Unfurnished,1,0,754544.38
2907.0,4,3,1,31.8,10.54,8.62,1.21,2,4914.7,Townhouse,Average,Unfurnished,1,0,798930.58
876.4,1,1,14,14.1,8.42,8.15,2.01,1,577.7,Apartment,Premium,Furnished,1,1,625814.89
1472.7,2,3,14,20.7,6.59,7.25,2.25,0,494.6,Apartment,Poor,Unfurnished,0,0,206295.95
1809.2,2,2,3,7.2,8.03,4.32,1.32,0,3013.4,Townhouse,Premium,Unfurnished,1,0,838263.02
1497.8,2,2,1,12.2,3.62,6.88,4.58,2,1891.9,Townhouse,Average,Unfurnished,1,1,466045.51
2076.9,3,2,3,10.7,1.26,6.71,5.05,2,3683.9,Villa,Premium,Semi-Furnished,1,1,1138557.89
1166.1,3,2,1,6.2,14.41,6.34,2.2,1,254.2,Apartment,Average,Semi-Furnished,0,0,317298.83
3623.0,4,2,2,2.8,13.81,6.16,0.45,2,8102.7,Townhouse,Poor,Unfurnished,0,1,877452.71
1136.0,3,2,4,12.5,2.56,7.79,1.81,1,477.7,Apartment,Average,Furnished,1,0,268358.46
1561.3,3,3,1,7.5,7.7,4.89,1.39,1,520.6,Apartment,Average,Furnished,0,0,545413.72
638.8,2,2,3,17.0,13.3,8.43,0.82,0,744.4,Independent House,Good,Unfurnished,1,1,423141.84
1912.1,3,3,7,18.7,12.13,6.63,1.22,1,605.3,Apartment,Good,Furnished,1,0,582351.68
2713.3,5,4,2,39.5,4.61,5.48,3.74,2,3250.1,Townhouse,Good,Semi-Furnished,1,0,735221.12
869.8,3,3,4,10.2,9.75,6.28,1.81,0,535.7,Apartment,Average,Semi-Furnished,0,0,233195.76
1091.3,1,1,1,30.7,3.19,6.99,2.34,0,502.9,Apartment,Good,Furnished,1,0,381126.68
2692.6,5,3,2,18.2,15.42,8.79,3.96,1,3503.8,Villa,Average,Furnished,1,0,881326.39
1364.1,2,2,15,20.2,7.25,7.73,1.79,2,399.1,Apartment,Premium,Semi-Furnished,1,0,630141.73
2247.9,4,3,1,16.5,10.06,8.41,4.28,3,5208.8,Independent House,Good,Semi-Furnished,1,1,837858.03
1199.2,2,2,13,27.7,11.36,6.61,2.6,1,,Apartment,Good,Unfurnished,0,0,375939.56
4871.7,7,5,2,16.4,7.34,6.39,5.56,3,10698.4,Villa,Good,Semi-Furnished,1,1,1651684.39
1021.3,1,1,7,16.1,11.36,9.39,0.35,1,470.5,Apartment,Good,Semi-Furnished,1,0,352389.49
4190.4,5,4,4,7.4,15.79,6.5,0.74,1,1434.5,Apartment,Good,Unfurnished,1,0,1120010.3
3113.4,5,3,3,8.3,3.59,5.91,2.28,2,4172.1,Independent House,Average,Furnished,1,1,939201.29
1919.0,4,3,3,18.3,18.33,5.76,0.54,2,779.7,Apartment,Good,Semi-Furnished,0,0,474611.88
874.0,2,2,9,11.5,5.74,7.13,3.62,1,260.5,Apartment,Average,Unfurnished,0,0,240347.25
3264.0,6,4,2,4.7,11.81,5.13,2.79,1,5582.4,Villa,Poor,Furnished,1,0,1006319.73
2126.4,4,2,2,10.7,7.17,6.97,2.0,3,5150.4,Townhouse,Good,Semi-Furnished,0,0,625831.79
758.7,1,2,2,24.8,10.45,6.94,2.61,0,1466.8,Independent House,Poor,Unfurnished,1,0,219348.59
1024.5,2,3,1,17.1,17.41,7.56,1.35,0,1118.1,Independent House,Good,Semi-Furnished,0,0,528625.28
2147.5,3,3,3,9.6,8.48,4.16,0.33,0,4274.9,Independent House,Average,Furnished,1,0,708732.79
1747.4,3,2,1,14.5,11.24,3.8,6.57,2,2956.3,Independent House,Average,Furnished,0,1,480840.84
1328.2,2,2,2,26.5,20.92,6.07,4.85,1,1967.0,Townhouse,Good,Unfurnished,0,1,435179.3
2128.6,3,3,14,7.2,5.9,6.5,0.6,2,936.2,Apartment,Poor,Semi-Furnished,1,1,558785.29
933.5,2,2,6,6.7,4.21,5.08,1.31,1,351.9,Apartment,Good,Furnished,0,0,417204.91
1526.4,2,2,1,16.8,16.56,4.72,6.97,1,3835.9,Independent House,Good,Furnished,1,0,633450.44
1408.3,2,1,3,10.8,7.5,7.33,1.72,0,1824.3,Independent House,Good,Unfurnished,1,1,653922.3
2044.3,3,2,1,16.8,6.68,6.25,4.05,1,4617.1,Townhouse,Average,Semi-Furnished,0,0,586927.33
657.1,1,1,8,15.1,18.51,7.87,5.01,0,315.9,Apartment,Good,Furnished,0,0,210007.06
1097.8,1,1,14,16.7,4.67,4.7,4.3,0,457.4,Apartment,Average,Unfurnished,0,1,251111.77
800.3,2,2,3,40.4,11.91,6.54,4.21,0,1209.8,Townhouse,Average,Semi-Furnished,1,1,266218.25
1620.4,2,2,1,5.7,23.39,9.13,1.77,1,1818.3,Independent House,Average,Semi-Furnished,1,1,551151.88
1833.1,3,1,13,22.6,3.3,6.27,0.28,0,505.5,Apartment,Average,Semi-Furnished,1,0,434141.73
2522.6,4,3,2,19.5,23.83,5.85,4.12,1,6280.8,Independent House,Average,Semi-Furnished,1,1,612862.87
1361.4,3,4,3,21.9,6.29,8.02,1.7,1,3254.5,Independent House,Poor,Unfurnished,1,0,469840.1
2786.7,5,3,1,3.3,6.66,8.47,6.34,2,5457.6,Villa,Average,Furnished,1,1,1022909.16
1251.8,1,1,2,24.0,2.21,5.78,1.67,1,656.1,Apartment,Good,Unfurnished,0,1,322802.53
3945.3,7,3,3,12.6,10.33,5.89,3.97,3,6222.2,Villa,Average,Furnished,1,1,1241194.42
1749.8,4,3,3,16.3,3.63,7.95,2.97,1,4066.9,Independent House,Average,Semi-Furnished,1,1,561190.31
530.2,1,1,3,13.7,12.28,7.14,1.33,0,1123.8,Independent House,Average,Unfurnished,1,1,361335.41
1970.1,3,3,7,8.0,7.94,7.17,2.36,1,444.0,Apartment,Average,Furnished,0,0,607202.9
1360.6,3,2,2,12.9,10.2,7.04,4.19,2,3550.7,Townhouse,Good,Furnished,1,1,614409.97
1647.0,2,2,3,15.1,13.56,6.63,2.91,2,4103.4,Independent House,Premium,Unfurnished,0,1,821118.56
1558.0,2,2,6,20.6,27.82,8.15,1.29,3,831.9,Apartment,Good,Unfurnished,0,0,361533.93
907.0,1,1,3,18.5,8.56,8.71,6.97,2,,Townhouse,Good,Semi-Furnished,1,1,465122.63
1702.6,3,2,2,14.0,12.39,5.21,6.12,1,3927.4,Townhouse,Poor,Furnished,1,1,406761.67
2065.3,3,2,3,15.5,11.13,7.99,4.86,1,4690.6,Townhouse,Premium,Unfurnished,0,0,801853.05
1576.5,2,1,10,15.4,10.09,6.64,2.55,1,689.4,Apartment,Average,Furnished,0,0,295365.03
1283.0,2,1,2,20.3,2.6,4.84,2.4,1,2844.4,Townhouse,Average,Unfurnished,1,0,383664.8
2052.2,4,3,5,23.9,4.42,5.36,1.58,1,1086.9,Apartment,Average,Semi-Furnished,0,0,446202.71
1465.1,2,2,2,25.4,2.79,6.11,1.78,1,3938.3,Villa,Poor,Semi-Furnished,1,1,519285.35
1712.9,2,2,3,11.8,21.85,8.23,3.38,1,2535.2,Villa,Good,Unfurnished,1,0,664569.99
1277.9,1,1,4,1.3,22.14,5.2,0.22,0,652.0,Apartment,Average,Furnished,1,0,414622.54
1531.8,3,3,11,12.6,13.6,4.09,,2,343.4,Apartment,Average,Unfurnished,1,0,403603.97
1180.6,3,3,3,11.1,16.64,6.32,1.99,1,425.1,Apartment,Average,Furnished,0,0,375910.71
2764.3,5,5,1,15.2,2.87,6.01,6.1,1,6211.8,Townhouse,Premium,Unfurnished,1,0,993917.22
2092.0,3,3,1,47.3,12.37,8.25,3.58,0,4185.8,Independent House,Good,Unfurnished,1,1,691105.16
1703.3,3,3,1,11.8,5.21,7.07,1.88,2,3328.1,Townhouse,Premium,Furnished,1,1,942008.61
1509.2,4,2,4,21.9,3.58,7.73,5.55,2,554.2,Apartment,Good,Semi-Furnished,1,0,520579.95
1840.7,3,2,4,22.2,16.65,6.13,2.87,1,530.4,Apartment,Premium,Unfurnished,0,0,641062.06
1497.0,2,1,4,19.0,12.32,4.93,4.74,1,440.6,Apartment,Average,Semi-Furnished,0,0,286675.96
864.3,2,1,1,3.1,3.14,8.6,1.43,1,1709.2,Independent House,Average,Unfurnished,1,0,441877.87
2920.3,5,5,2,14.3,20.48,5.84,2.55,2,6225.0,Independent House,Average,Furnished,0,0,912677.84
1735.1,3,2,2,20.2,8.0,7.64,0.81,2,3307.8,Townhouse,Average,Unfurnished,1,1,533260.77
1803.9,3,1,8,8.9,14.12,6.17,1.86,1,599.2,Apartment,Good,Semi-Furnished,0,0,508356.17
1878.3,3,3,3,3.6,5.79,7.65,1.19,1,2981.6,Villa,Poor,Unfurnished,0,1,794464.74
628.2,1,1,10,20.4,10.38,7.14,6.44,0,215.3,Apartment,Average,Semi-Furnished,0,0,127363.06
709.6,1,2,3,24.5,14.77,6.89,5.05,0,1093.0,Independent House,Good,Furnished,1,1,431726.72
1242.9,1,1,1,13.6,3.37,7.3,4.25,2,1978.5,Independent House,Average,Furnished,1,0,564588.01
2050.4,5,3,2,10.4,24.33,6.35,1.55,3,2726.8,Townhouse,Poor,Semi-Furnished,0,0,499794.46
3187.4,5,4,2,33.6,13.77,4.23,2.63,2,6500.9,Independent House,Poor,Unfurnished,0,0,795320.94
1536.0,2,1,3,25.1,11.2,7.12,1.34,1,512.9,Apartment,Good,Unfurnished,0,1,499887.81
1187.9,2,2,2,6.9,0.87,8.36,2.76,1,2504.8,Independent House,Average,Furnished,0,0,507981.43
973.4,2,2,7,16.5,8.61,6.64,1.05,0,474.9,Apartment,Average,Unfurnished,0,0,266592.38
2922.1,5,3,3,7.6,16.84,6.25,3.15,3,5626.7,Townhouse,Average,Semi-Furnished,1,0,800948.31
780.2,1,1,8,12.0,1.15,7.08,2.82,2,236.1,Apartment,Good,Semi-Furnished,1,0,316178.29
3270.9,6,4,13,30.6,21.98,8.12,2.16,3,2149.5,Apartment,Average,Furnished,0,0,722796.4
2975.0,5,4,7,30.7,2.13,6.29,3.46,3,1482.0,Apartment,Poor,Semi-Furnished,0,0,648412.02
3316.5,5,5,8,10.2,10.31,4.53,0.93,2,1349.8,Apartment,Premium,Semi-Furnished,0,0,1155456.92
1936.1,3,4,3,21.4,25.21,6.93,1.91,0,3441.1,Townhouse,Premium,Furnished,1,1,906276.52
1429.5,3,3,2,7.1,11.53,7.23,2.86,2,1950.3,Townhouse,Average,Furnished,0,1,521723.34
1571.4,3,2,2,46.1,15.41,6.95,1.96,1,464.9,Apartment,Average,Semi-Furnished,0,0,257808.41
3262.5,4,3,2,3.6,16.68,5.98,3.3,2,3848.0,Villa,Average,Furnished,1,1,1161246.06
1694.8,4,3,2,11.7,12.83,7.18,5.56,1,3070.7,Villa,Good,Semi-Furnished,0,1,751152.63
852.0,1,1,3,21.4,4.23,6.37,2.33,0,471.8,Apartment,Average,Semi-Furnished,0,1,261409.7
1200.9,3,2,9,8.0,7.15,6.07,0.89,2,630.2,Apartment,Premium,Unfurnished,1,0,597958.2
1336.1,1,2,3,7.0,4.29,6.29,1.19,1,2370.6,Independent House,Good,Semi-Furnished,1,1,623472.83
3112.0,5,3,3,14.6,23.55,6.95,2.5,3,3961.2,Independent House,Good,Semi-Furnished,1,0,923218.93
1044.4,3,2,5,9.5,7.28,7.11,2.45,1,357.2,Apartment,Poor,Unfurnished,0,0,216176.55
1923.7,3,2,2,3.2,17.76,5.96,1.85,3,4366.4,Independent House,Premium,Unfurnished,1,1,954199.15
2044.6,4,3,2,14.6,14.08,6.99,0.49,4,967.0,Apartment,Good,Semi-Furnished,0,1,683361.76
2316.0,3,4,13,20.9,9.98,7.25,0.71,2,955.6,Apartment,Good,Unfurnished,0,0,575262.53
2017.2,4,2,1,13.0,4.1,7.51,4.33,2,2329.6,Independent House,Poor,Semi-Furnished,0,1,514553.01
2171.7,4,3,3,14.3,4.96,7.4,1.99,2,4874.6,Independent House,Good,Semi-Furnished,0,1,813186.39
1205.6,2,2,3,19.0,5.52,8.59,0.59,2,2559.2,Independent House,Good,Semi-Furnished,1,0,606029.65
2079.3,5,3,2,38.5,2.95,7.69,1.09,2,1203.0,Apartment,Premium,Unfurnished,1,0,773556.62
2300.2,5,4,13,11.3,29.54,9.61,3.16,2,596.3,Apartment,Good,Semi-Furnished,0,0,643038.72
616.8,2,1,10,18.1,13.43,8.2,1.1,0,251.1,Apartment,Average,Semi-Furnished,0,0,183013.51
2837.0,5,5,6,,9.96,8.15,2.29,0,1660.3,Apartment,Average,Semi-Furnished,0,0,665202.31
1008.1,1,2,9,6.7,1.48,4.92,1.27,0,495.1,Apartment,Good,Semi-Furnished,1,0,446601.83
2118.1,3,2,1,23.1,7.67,7.8,3.55,0,3003.2,Townhouse,Premium,Furnished,1,1,944919.73
1704.6,2,2,2,32.7,8.19,7.93,1.67,1,3720.6,Townhouse,Good,Unfurnished,0,0,562914.37
1801.7,2,2,2,20.9,9.4,6.64,5.68,2,2374.2,Independent House,Average,Semi-Furnished,0,0,489367.41
1240.6,1,1,10,2.3,9.56,3.73,3.56,0,303.9,Apartment,Poor,Unfurnished,0,0,140670.53
891.8,2,2,10,11.8,12.86,3.32,3.44,0,425.4,Apartment,Good,Furnished,0,0,364276.0
2302.8,3,2,2,20.8,2.75,6.29,2.62,1,4623.1,Independent House,Good,Unfurnished,1,1,797155.4
1199.8,2,1,14,27.3,6.0,5.92,2.31,0,734.5,Apartment,Poor,Semi-Furnished,1,1,193243.09
1066.2,2,1,1,4.4,12.21,4.54,6.2,2,2179.4,Independent House,Average,Semi-Furnished,1,0,411972.52
876.0,1,1,13,6.5,12.41,7.26,0.87,0,389.8,Apartment,Premium,Unfurnished,1,0,599091.41
958.8,3,2,2,18.5,10.2,5.06,2.52,0,1565.8,Townhouse,Average,Furnished,0,1,335329.07
1482.6,2,2,2,15.7,15.7,4.28,0.72,3,3336.0,Independent House,Average,Unfurnished,1,1,516795.01
2022.9,4,2,2,14.6,7.1,9.69,2.19,2,4170.3,Townhouse,Average,Unfurnished,1,0,615224.4
1370.9,1,1,3,37.2,8.64,7.43,0.69,0,1934.8,Independent House,Average,Semi-Furnished,0,1,471310.0
2783.7,4,3,2,39.4,15.82,6.08,2.55,2,4914.9,Independent House,Poor,Semi-Furnished,1,0,668141.28
1286.9,1,1,9,7.6,2.99,4.65,2.46,0,672.7,Apartment,Good,Unfurnished,0,0,354425.63
1636.5,2,2,3,3.5,23.88,5.42,3.73,1,4044.8,Independent House,Good,Unfurnished,1,0,610930.71
1861.1,4,3,3,14.0,14.58,5.8,3.11,2,2251.8,Independent House,Good,Unfurnished,1,0,674093.57
4002.2,6,5,1,22.8,5.55,5.91,0.95,1,7378.5,Villa,Good,Furnished,1,1,1487148.58
927.6,1,2,2,28.9,16.25,6.23,1.3,0,1667.3,Townhouse,Poor,Semi-Furnished,1,1,310576.94
2712.8,5,4,15,11.4,3.4,4.99,4.98,3,1242.9,Apartment,Average,Unfurnished,0,0,611917.63
2765.9,4,3,3,9.0,21.53,5.43,,1,6331.8,Independent House,Average,Semi-Furnished,1,0,808016.66
1635.1,3,2,3,19.2,1.6,4.22,3.27,2,4002.4,Townhouse,Poor,Furnished,1,1,526109.83
2223.8,3,1,1,12.7,2.7,3.83,3.05,2,855.4,Apartment,Good,Furnished,0,0,654494.51
1181.6,1,1,7,15.2,4.55,4.47,3.24,1,450.2,Apartment,Average,Unfurnished,1,0,266018.96
1525.5,2,3,2,21.0,4.9,5.82,4.33,0,921.0,Apartment,Good,Semi-Furnished,0,0,378589.88
1314.4,3,1,3,13.2,10.96,6.25,3.41,1,2734.9,Townhouse,Average,Unfurnished,0,1,351192.14
2030.4,3,3,13,,15.44,7.37,2.89,1,778.3,Apartment,Poor,Unfurnished,0,1,400307.92
1005.3,1,1,2,9.1,1.96,7.3,6.26,0,301.0,Apartment,Average,Furnished,0,0,244740.07
1324.1,2,2,8,9.5,22.46,7.6,1.47,0,528.3,Apartment,Average,Furnished,0,1,401785.94
2962.8,5,4,2,9.6,12.36,6.26,2.62,2,6714.3,Villa,Good,Unfurnished,1,0,1111518.34
2101.3,4,3,5,3.0,29.19,7.65,3.01,0,861.8,Apartment,Good,Furnished,0,0,598603.92
958.3,1,1,4,43.0,8.36,3.59,3.03,0,436.8,Apartment,Average,Semi-Furnished,1,0,165103.2
2263.9,4,4,1,6.5,24.1,7.58,3.55,2,3301.2,Townhouse,Good,Furnished,1,1,765745.52
895.7,2,2,4,,30.9,6.64,4.35,0,427.7,Apartment,Good,Furnished,0,0,337659.31
902.8,1,1,2,8.2,4.9,8.09,2.71,3,1319.1,Villa,Average,Semi-Furnished,1,1,595087.16
1626.9,3,3,1,11.4,4.41,2.81,2.76,0,4081.6,Villa,Poor,Furnished,1,1,671847.54
1921.1,3,2,2,14.9,6.84,8.02,1.08,0,501.7,Apartment,Average,Unfurnished,0,0,444866.21
1641.6,2,1,1,9.9,6.44,4.34,2.66,0,3134.1,Townhouse,Poor,Semi-Furnished,1,1,373537.95
1080.7,1,1,2,35.1,10.71,8.32,1.53,0,403.8,Apartment,Premium,Unfurnished,1,0,551124.36
1384.9,2,3,9,60.0,6.59,5.48,3.54,1,566.0,Apartment,Average,Furnished,0,1,327849.47
1365.8,2,2,4,3.3,16.22,7.3,1.61,1,665.4,Apartment,Average,Unfurnished,1,0,444314.86
1756.8,3,1,4,27.8,13.28,6.58,4.79,1,1166.7,Apartment,Good,Semi-Furnished,1,0,488381.81
687.6,1,1,6,16.5,4.58,8.17,2.95,1,461.2,Apartment,Average,Furnished,0,0,274887.41
1580.6,3,2,2,11.8,8.3,6.92,4.73,1,2977.6,Townhouse,Good,Unfurnished,1,0,532618.18
1425.5,2,2,11,24.9,16.9,8.98,0.61,1,652.9,Apartment,Poor,Unfurnished,0,0,266978.69
762.5,1,1,14,29.3,11.62,5.66,5.76,1,390.3,Apartment,Average,Unfurnished,0,0,123206.52
924.6,3,2,3,13.9,13.92,5.2,4.41,0,2137.8,Townhouse,Poor,Semi-Furnished,1,0,163202.34
1415.7,2,3,3,32.5,4.41,5.75,,0,1955.6,Townhouse,Average,Unfurnished,1,1,492889.25
1357.9,2,3,9,2.6,9.09,7.62,3.47,2,899.4,Apartment,Average,Semi-Furnished,0,0,411588.66
1359.9,2,2,8,22.7,3.17,7.68,1.39,0,675.8,Apartment,Good,Semi-Furnished,1,0,522315.06
1071.1,2,2,1,15.2,9.97,4.83,4.08,2,240.0,Apartment,Good,Furnished,0,0,421158.67
1052.8,3,3,8,17.2,7.94,5.47,1.92,0,675.5,Apartment,Good,Furnished,1,0,397487.0
1565.4,2,2,3,27.4,10.47,7.12,0.39,0,3570.8,Independent House,Poor,Unfurnished,1,1,433312.82
2525.0,4,3,1,21.3,4.12,8.51,4.86,1,5524.5,Villa,Premium,Furnished,0,0,1202816.22
2282.0,3,3,2,43.7,12.42,5.68,5.32,2,1208.9,Apartment,Poor,Furnished,0,0,371831.7
532.5,1,1,11,48.3,17.26,,6.51,0,202.4,Apartment,Good,Semi-Furnished,0,0,102398.44
2400.7,4,4,3,13.2,0.96,8.15,2.4,2,5043.2,Independent House,Good,Semi-Furnished,0,0,925016.27
1763.7,2,1,1,5.8,2.46,4.17,3.23,0,4445.6,Independent House,Good,Unfurnished,0,1,578508.94
1687.3,2,2,1,14.7,4.86,7.48,3.02,1,468.9,Apartment,Average,Semi-Furnished,1,0,419156.29
2226.1,4,2,2,7.6,6.77,3.56,,2,1005.8,Apartment,Good,Semi-Furnished,1,0,680846.21
1201.6,2,1,1,11.0,5.58,6.53,2.88,2,1388.6,Townhouse,Good,Unfurnished,1,0,410995.3
2453.2,4,1,2,16.2,3.02,6.19,3.39,3,3983.1,Townhouse,Average,Unfurnished,1,0,676119.84
799.0,1,1,14,4.3,10.53,5.57,3.38,0,540.6,Apartment,Good,Unfurnished,1,0,343655.78
1427.5,3,3,12,20.5,10.11,8.79,4.31,1,786.0,Apartment,Poor,Semi-Furnished,1,0,273985.57
1222.0,2,2,11,14.0,5.58,6.58,2.02,1,587.5,Apartment,Average,Unfurnished,0,0,319028.25
1379.6,3,2,2,8.7,11.71,6.46,3.41,2,628.3,Apartment,Good,Semi-Furnished,0,0,475464.56
1089.1,1,1,2,1.7,7.68,6.33,6.18,2,1332.3,Townhouse,Good,Furnished,1,1,528933.42
2220.2,3,2,3,26.8,24.84,5.59,4.01,1,4792.8,Independent House,Average,Unfurnished,0,1,594297.51
3212.4,5,4,1,29.5,2.06,9.35,4.54,2,5416.9,Townhouse,Average,Unfurnished,1,1,907979.99
899.6,3,2,10,27.6,4.27,6.15,4.69,2,382.7,Apartment,Average,Unfurnished,0,0,217752.88
1465.2,3,2,11,7.6,7.1,9.39,2.16,1,,Apartment,Average,Semi-Furnished,0,0,430090.58
2647.4,4,2,3,19.3,17.77,5.5,2.7,2,5724.8,Independent House,Average,Furnished,1,1,839623.82
1456.7,3,2,2,30.2,14.62,6.73,5.12,2,2925.7,Townhouse,Average,Semi-Furnished,0,0,357278.48
2395.7,5,4,11,18.2,12.37,6.01,4.09,1,817.4,Apartment,Good,Furnished,1,0,718181.52
1129.6,2,2,9,17.1,2.63,5.53,6.85,0,333.2,Apartment,Average,Furnished,0,0,218303.89
1759.9,2,1,3,40.3,5.09,6.43,0.48,0,2482.6,Independent House,Average,Unfurnished,1,0,432653.65
1217.7,1,1,2,38.5,7.69,9.11,1.84,0,1646.1,Independent House,Average,Semi-Furnished,1,0,303291.85
1948.9,4,3,1,11.0,16.17,8.57,3.81,3,3922.2,Independent House,Poor,Semi-Furnished,1,1,589969.14
1850.3,3,3,1,9.7,8.15,6.74,1.81,1,3051.4,Independent House,Average,Semi-Furnished,1,1,622451.12
2155.1,3,2,1,8.3,13.16,4.72,3.86,1,2877.0,Townhouse,Average,Unfurnished,1,1,561064.68
1263.1,2,2,2,3.1,11.9,7.17,1.07,1,2597.7,Townhouse,Average,Unfurnished,0,1,453453.76
1016.0,2,1,15,35.0,13.22,5.93,0.51,0,547.5,Apartment,Average,Semi-Furnished,1,0,200719.14
2244.2,4,3,2,18.0,4.75,5.3,6.4,1,4458.7,Independent House,Good,Semi-Furnished,1,1,815219.78
2967.1,5,3,1,11.1,14.87,7.63,1.7,2,6207.5,Townhouse,Premium,Unfurnished,1,1,1191770.79
1762.1,2,1,4,15.8,12.65,4.84,1.96,1,692.0,Apartment,Average,Unfurnished,0,0,293833.69
4014.9,5,3,1,37.0,23.62,6.85,1.12,3,7016.0,Independent House,Average,Semi-Furnished,1,1,992352.24
1708.4,2,2,15,4.6,6.33,7.35,2.16,1,541.7,Apartment,Poor,Semi-Furnished,0,0,366757.31
1682.7,2,1,11,34.3,9.97,7.66,5.74,1,559.6,Apartment,Average,Semi-Furnished,1,0,288362.5
1799.7,2,1,2,14.9,2.98,4.84,1.93,1,1002.8,Apartment,Good,Unfurnished,0,1,553486.75
3452.6,7,5,3,20.2,2.01,9.12,4.93,3,6277.7,Independent House,Good,Unfurnished,1,0,1145669.65
3745.9,4,3,3,20.9,25.99,,2.42,3,7832.5,Villa,Poor,Furnished,0,1,1074127.59
1046.2,2,2,3,38.3,11.5,6.66,5.41,3,2039.2,Townhouse,Average,Semi-Furnished,1,1,353020.34
3117.8,6,4,1,7.9,1.84,4.74,2.23,4,7719.4,Villa,Average,Unfurnished,0,0,1077061.19
2065.9,4,2,3,53.8,12.47,5.47,6.04,3,4704.0,Independent House,Average,Semi-Furnished,0,0,550585.34
1703.4,3,2,2,5.5,6.29,6.14,1.72,0,1969.6,Independent House,Premium,Semi-Furnished,1,0,835885.74
877.6,2,2,1,9.1,13.07,6.62,3.31,1,2109.0,Independent House,Average,Semi-Furnished,1,0,506230.45
708.5,3,2,10,23.1,15.35,7.16,2.34,1,404.9,Apartment,Poor,,1,0,150430.5
1585.7,2,2,1,35.5,10.79,6.14,2.49,1,2573.6,Independent House,Average,Semi-Furnished,1,1,513947.26
891.9,2,2,1,8.2,6.97,8.76,3.2,2,1273.1,Townhouse,Average,Furnished,0,1,447632.97
1599.6,4,3,1,4.9,8.87,6.11,2.39,3,3336.9,Independent House,Average,Semi-Furnished,1,1,621362.52
1826.4,2,1,8,36.7,13.45,6.94,3.73,2,817.0,Apartment,Average,Unfurnished,0,0,312073.48
1447.9,2,2,3,11.3,14.81,8.3,5.02,3,2869.9,Independent House,Average,Unfurnished,1,0,443650.08
2307.0,3,3,1,11.9,4.6,5.86,7.69,2,3524.9,Villa,Poor,Unfurnished,1,1,765389.96
863.2,2,2,9,,2.47,4.67,2.83,2,361.2,Apartment,Good,Furnished,0,0,362649.43
2525.3,3,2,1,14.3,3.2,6.06,1.1,2,3719.9,Villa,Average,Furnished,0,1,919316.32
1674.9,4,2,15,23.6,7.28,7.98,,2,479.8,Apartment,Poor,Unfurnished,0,0,289601.06
744.3,2,1,5,5.7,14.48,,2.42,2,150.0,Apartment,Good,Furnished,1,1,386486.52
986.6,2,2,1,4.4,7.61,7.64,0.59,0,554.3,Apartment,Average,Unfurnished,1,0,289301.39
1085.3,1,1,2,20.0,2.87,4.75,2.74,0,2434.2,Independent House,Premium,Semi-Furnished,1,0,659759.59
2043.5,3,3,1,20.7,10.57,4.32,3.81,1,5016.5,Townhouse,Premium,Semi-Furnished,1,1,779125.78
1449.5,3,2,2,23.6,8.27,7.5,4.19,1,503.4,Apartment,Average,Semi-Furnished,1,0,408415.22
1809.8,3,1,3,22.7,15.14,7.16,4.27,2,2505.2,Independent House,Average,Semi-Furnished,0,0,488833.57
1282.0,1,1,4,4.5,3.84,5.33,0.31,1,734.5,Apartment,Good,Semi-Furnished,1,0,441844.27
1889.6,3,2,2,22.5,11.25,5.0,2.61,1,3816.8,Townhouse,Average,Unfurnished,1,1,566696.73
2134.2,4,3,3,21.9,10.34,6.42,2.54,1,2582.9,Independent House,Average,Furnished,1,1,774001.02
1500.7,3,3,2,5.1,12.86,6.59,4.42,1,3273.3,Independent House,Good,Unfurnished,1,0,554192.29
1415.0,2,2,3,29.4,16.69,4.89,0.77,1,3051.4,Independent House,Average,Unfurnished,1,1,512573.41
1609.6,3,2,2,8.0,1.27,6.56,1.82,1,2012.2,Townhouse,Good,Furnished,0,1,612689.61
2056.9,3,1,2,7.3,5.18,4.56,5.64,2,4580.8,Villa,Good,Semi-Furnished,1,1,869414.14
3214.9,6,4,7,24.0,7.78,5.74,4.44,2,1045.7,Apartment,Premium,Semi-Furnished,0,0,1109706.9
1151.5,2,2,9,6.2,5.12,4.75,1.46,0,409.7,Apartment,Good,Unfurnished,0,0,342919.0
1528.0,2,2,5,13.0,9.72,6.5,2.81,0,520.1,Apartment,Good,Unfurnished,0,0,390379.95
2006.6,3,3,2,11.6,7.87,5.73,6.59,1,5145.0,Townhouse,Average,Unfurnished,1,1,630026.44
3327.8,5,5,3,10.1,2.89,8.62,4.19,1,7913.5,Independent House,Premium,Semi-Furnished,1,0,1254535.73
1314.4,2,1,2,8.5,13.23,7.1,2.43,0,3116.1,Independent House,Premium,Semi-Furnished,1,0,811950.63
2375.0,4,4,9,49.2,3.63,4.76,2.03,2,1349.6,Apartment,Good,Semi-Furnished,1,0,571142.92
1271.8,3,3,7,23.1,9.83,7.98,6.04,2,721.8,Apartment,Good,Furnished,0,0,448342.6
5283.9,7,4,2,9.3,3.24,6.37,3.92,3,10173.5,Independent House,Good,Furnished,1,0,1583923.94
2593.9,5,2,1,9.5,9.81,7.76,5.13,1,6260.4,Villa,Average,Unfurnished,1,1,907045.46
807.5,1,1,10,18.7,7.78,4.78,1.64,1,191.8,Apartment,Premium,Furnished,0,0,460440.16
1245.5,3,1,2,11.5,8.65,7.53,2.67,1,816.0,Apartment,Poor,Furnished,0,0,266642.48
2371.6,5,3,14,19.5,10.25,9.63,1.48,3,754.4,Apartment,Average,Furnished,1,0,617132.77
1707.5,3,2,2,6.6,15.58,7.51,2.1,2,2837.0,Townhouse,Average,Semi-Furnished,1,1,576464.28
1319.5,2,2,12,16.4,6.01,5.8,3.35,0,450.4,Apartment,Good,Unfurnished,1,0,382172.84
1830.0,3,3,10,24.9,2.69,8.33,3.01,1,1051.6,Apartment,Good,Unfurnished,1,0,576865.44
1598.7,2,2,3,15.8,7.28,5.67,6.64,0,3711.6,Independent House,Average,Furnished,1,1,559576.01
1238.4,2,1,9,12.1,15.89,7.36,7.49,1,405.8,Apartment,Poor,Semi-Furnished,0,0,165518.98
909.9,2,1,2,20.9,0.64,9.92,1.6,1,240.5,Apartment,Average,Furnished,0,1,373455.54
2796.7,5,4,14,2.4,2.66,5.82,3.35,4,1291.0,Apartment,Average,Semi-Furnished,0,0,720863.86
1332.9,2,2,1,24.9,7.57,7.4,0.43,1,3212.0,Villa,Poor,Unfurnished,1,0,456647.2
1452.8,2,1,14,2.9,16.96,9.57,1.02,1,549.5,Apartment,Good,Semi-Furnished,0,0,496214.36
1655.1,2,2,11,27.6,5.43,8.09,0.98,0,427.0,Apartment,Average,Furnished,1,0,421798.24
1345.3,3,2,4,11.8,7.33,7.7,0.58,2,626.1,Apartment,Average,Unfurnished,1,0,350337.12
1091.4,2,1,1,1.8,4.94,3.81,2.18,2,2614.0,Independent House,Average,Semi-Furnished,1,0,402505.63
1214.9,3,2,2,26.2,6.14,5.27,1.57,2,1971.2,Independent House,Average,Furnished,0,1,455947.36
1685.0,4,3,4,30.0,13.69,7.92,0.45,2,630.2,Apartment,Good,Unfurnished,0,0,517166.31
975.1,2,2,10,12.4,15.17,6.21,1.54,0,342.5,Apartment,Average,Unfurnished,0,0,142872.06
566.7,2,2,10,28.6,14.32,5.95,6.53,2,358.3,Apartment,Average,Semi-Furnished,0,0,130983.31
2174.1,4,4,2,17.9,12.83,8.37,4.09,2,5008.1,Independent House,Good,Furnished,0,1,777908.87
1544.1,3,3,1,20.7,3.4,7.62,3.01,1,3165.6,Villa,Poor,Semi-Furnished,1,0,619921.52
2150.9,2,2,1,33.0,23.9,5.47,3.27,1,2771.4,Townhouse,Good,Unfurnished,1,1,657344.84
1243.1,1,1,12,19.2,22.49,7.77,3.84,0,382.8,Apartment,Premium,Unfurnished,0,0,494905.96
1663.9,2,2,2,26.2,7.78,5.27,2.39,0,2764.6,Independent House,Good,Semi-Furnished,0,1,586811.34
1889.0,4,3,3,46.8,16.53,4.36,1.05,2,3044.1,Independent House,Premium,Unfurnished,0,1,733735.39
838.7,1,1,14,26.1,1.06,7.12,0.9,1,150.0,Apartment,Average,Unfurnished,0,0,225738.88
956.6,1,1,9,11.6,17.65,4.86,4.55,0,209.0,Apartment,Average,Furnished,1,0,186652.9
1213.1,2,2,1,18.3,9.61,4.83,1.79,1,577.7,Apartment,Poor,Unfurnished,0,0,165725.2
1142.8,1,1,2,9.4,3.72,5.17,4.28,0,1652.6,Independent House,Poor,Furnished,1,0,454899.5
2494.0,4,3,2,18.9,18.19,6.89,4.21,1,5006.5,Independent House,Average,Furnished,1,1,760376.09
1624.2,1,2,1,12.7,1.35,7.79,1.52,2,2157.3,Independent House,Average,Semi-Furnished,0,1,551200.45
1005.4,1,1,2,20.1,14.33,6.22,3.55,1,2611.0,Independent House,Average,Semi-Furnished,0,0,329656.85
1069.9,2,2,13,26.5,18.02,4.9,2.28,2,447.2,Apartment,Average,Unfurnished,1,0,182515.9
1411.7,2,1,1,9.2,20.09,5.01,2.95,1,731.5,Apartment,Good,Semi-Furnished,0,0,371020.14
1121.8,3,3,5,16.1,1.0,4.39,0.44,2,446.4,Apartment,Average,Semi-Furnished,0,0,321801.84
2185.9,4,4,1,7.5,2.11,7.68,1.86,3,3487.5,Independent House,Average,Unfurnished,0,1,762265.82
2099.9,4,3,3,9.6,2.37,,2.18,3,5188.6,Townhouse,Average,Semi-Furnished,1,0,657035.71
3710.0,6,5,9,17.8,13.41,6.97,3.37,3,1608.7,Apartment,Good,Unfurnished,0,1,1036003.53
2193.7,4,3,2,12.1,23.25,4.02,2.29,1,854.1,Apartment,Average,Unfurnished,0,0,478299.35
929.4,1,2,3,36.7,11.42,8.48,1.87,0,2242.3,Independent House,Good,Semi-Furnished,1,1,457438.54
1588.5,3,2,3,3.8,5.67,6.62,1.86,2,1644.6,Independent House,Poor,Semi-Furnished,0,0,463107.12
1652.2,3,3,2,41.4,21.65,4.36,2.82,0,4016.9,Independent House,Average,Unfurnished,1,1,421406.49
1722.6,4,2,7,26.1,22.29,5.76,3.04,2,299.1,Apartment,Premium,Unfurnished,1,0,631190.57
1505.0,3,2,1,22.9,24.71,6.9,2.73,2,2721.7,Villa,Poor,Unfurnished,1,1,564455.04
1478.4,2,2,1,25.1,3.7,5.35,1.29,2,1988.6,Independent House,Average,Semi-Furnished,1,1,528225.65
1095.8,2,2,1,24.7,2.72,,0.75,0,2155.5,Independent House,Poor,Semi-Furnished,1,1,472632.86
1435.0,3,2,1,11.4,1.84,8.49,5.48,0,3330.2,Independent House,Average,Unfurnished,1,1,569675.13
1757.0,4,5,1,27.0,2.68,7.96,5.71,2,2986.4,Villa,Average,Semi-Furnished,1,1,795463.46
1953.1,4,2,2,18.8,1.22,6.6,0.25,2,4458.7,Villa,Average,Furnished,0,0,871975.95
1002.4,2,2,3,4.4,16.37,8.7,1.12,1,1805.6,Townhouse,Average,Semi-Furnished,1,0,417165.31
2043.7,2,2,14,9.7,11.19,6.91,1.41,2,971.7,Apartment,Premium,Semi-Furnished,1,0,826590.95
1649.8,1,1,13,7.6,45.0,6.45,4.79,1,1095.1,Apartment,Average,Semi-Furnished,0,0,263470.53
1005.6,1,1,1,13.8,8.3,6.48,2.64,2,1780.6,Independent House,Poor,Furnished,1,1,391058.8
1868.3,3,3,1,2.9,9.12,6.76,4.35,2,2290.9,Independent House,Good,Furnished,1,1,741893.11
701.1,2,1,14,24.3,18.45,7.26,2.37,0,,Apartment,Average,Unfurnished,0,0,170962.21
2377.6,5,5,13,27.1,6.12,5.33,3.48,2,613.3,Apartment,Premium,Unfurnished,0,0,814872.39
4387.7,7,4,3,11.2,3.81,8.27,1.0,3,9042.8,Villa,Average,Unfurnished,1,1,1452195.94
1805.2,4,3,2,20.3,10.73,8.51,4.74,3,3989.0,Independent House,Good,Furnished,1,1,815382.71
1557.0,2,1,1,37.5,7.83,10.0,3.86,1,2657.3,Villa,Premium,Unfurnished,1,1,982072.42
1248.3,1,1,1,12.0,10.43,4.14,1.99,1,2786.3,Townhouse,Average,Furnished,1,0,487317.88
1527.3,2,1,2,12.0,24.89,6.68,1.78,1,3406.7,Independent House,Good,Unfurnished,1,0,581821.04
1766.9,1,2,3,13.2,4.63,5.47,4.09,1,2541.7,Independent House,Good,Semi-Furnished,1,1,679247.15
2405.9,3,2,8,23.1,4.79,7.57,3.43,0,790.1,Apartment,Good,Unfurnished,1,0,657545.78
2021.2,3,2,15,11.8,15.27,8.4,4.09,1,830.5,Apartment,Average,Semi-Furnished,0,0,428706.78
3349.1,5,3,1,13.4,4.9,6.69,6.16,3,7062.6,Villa,Average,Semi-Furnished,1,1,1114399.09
1453.5,3,3,14,22.5,43.74,6.19,3.99,2,401.5,Apartment,Average,Semi-Furnished,0,0,311904.2
1016.4,1,1,1,21.7,7.49,5.94,1.54,2,2457.0,Townhouse,Premium,Semi-Furnished,1,1,662856.65
1337.3,3,2,3,10.8,11.14,6.36,1.25,3,1858.2,Independent House,Poor,Semi-Furnished,1,0,449886.74
1895.7,3,2,3,7.3,18.61,7.19,0.54,2,3601.1,Independent House,Poor,Semi-Furnished,1,0,556677.53
817.0,1,1,7,12.3,9.44,7.18,2.68,1,186.8,Apartment,Premium,Furnished,0,0,575256.9
2099.7,3,2,1,14.4,7.82,8.82,2.87,1,3035.5,Independent House,Average,Furnished,0,1,709586.06
1897.4,4,3,3,18.0,17.03,6.42,2.8,1,977.5,Apartment,Good,Semi-Furnished,0,0,492473.55
2323.7,4,3,2,15.9,4.44,7.98,0.9,2,3081.6,Independent House,Average,Semi-Furnished,1,1,766967.09
1672.8,3,1,13,6.1,10.85,5.37,2.38,1,1004.4,Apartment,Good,Furnished,1,0,544008.36
843.9,1,2,3,11.6,3.65,4.83,2.13,1,1486.5,Independent House,Average,Semi-Furnished,1,1,372042.89
3235.3,5,4,3,3.1,16.01,8.13,2.77,1,5673.2,Independent House,Average,Furnished,1,0,981464.52
700.5,2,2,8,17.9,7.37,7.27,2.66,0,469.5,Apartment,Average,Furnished,0,1,251157.34
1268.9,1,1,6,7.1,11.01,5.92,3.6,1,211.5,Apartment,Average,Unfurnished,0,0,203423.25
2396.2,5,5,2,4.8,19.64,5.35,3.72,1,2926.3,Independent House,Average,Unfurnished,1,1,736262.48
1572.9,2,2,1,12.7,4.04,6.0,3.04,2,484.2,Apartment,Average,Semi-Furnished,0,0,420087.47
791.1,2,2,1,19.8,12.43,7.0,1.04,2,292.5,Apartment,Good,Semi-Furnished,0,0,381783.26
1040.3,3,2,2,15.6,16.18,6.91,2.07,1,1872.7,Townhouse,Average,Semi-Furnished,1,0,370432.39
2512.9,5,3,3,40.0,14.71,4.59,2.67,1,3139.9,Villa,Average,Furnished,1,1,818453.69
2044.9,2,1,2,3.8,7.29,4.85,1.87,1,3043.2,Townhouse,Average,Semi-Furnished,1,0,562552.05
849.8,1,1,13,3.6,2.35,6.89,5.89,1,378.9,Apartment,Average,Unfurnished,0,0,281193.68
2626.8,5,4,2,10.2,20.16,7.54,1.7,2,3134.1,Villa,Good,Semi-Furnished,1,0,969396.26
873.2,1,2,1,26.3,2.35,5.55,3.34,0,1500.3,Townhouse,Average,Unfurnished,0,0,255482.73
2144.7,3,3,2,10.8,1.93,4.63,2.57,2,2982.4,Townhouse,Premium,Semi-Furnished,0,0,875237.62
933.4,1,1,10,8.0,8.56,6.74,1.55,1,311.1,Apartment,Good,Furnished,1,0,447810.1
1399.5,3,3,8,20.6,5.06,3.5,4.16,1,486.0,Apartment,Good,Unfurnished,1,0,387163.19
1304.2,1,2,7,11.6,11.64,6.13,2.54,2,533.1,Apartment,Good,Furnished,0,0,373979.73
3008.9,5,2,1,32.4,15.33,7.56,4.25,2,4433.9,Independent House,Average,Furnished,0,0,774534.99
1497.8,2,2,1,13.0,7.24,6.34,1.4,2,738.1,Apartment,Premium,Unfurnished,0,0,654597.74
1436.9,2,3,3,26.6,33.8,4.43,1.82,1,3732.2,Independent House,Good,Furnished,1,1,606876.98
1573.6,2,2,8,13.8,4.25,8.88,2.74,1,773.5,Apartment,Good,Semi-Furnished,0,0,555179.66
3327.2,6,3,14,19.9,1.6,6.71,2.3,4,1458.1,Apartment,Average,Semi-Furnished,1,0,791487.81
1846.3,3,2,2,29.1,8.4,7.0,2.82,2,1144.5,Apartment,Average,Unfurnished,0,0,374040.23
1609.5,4,2,2,3.6,9.0,7.97,2.53,1,2893.9,Townhouse,Good,Unfurnished,1,1,642787.62
1302.1,3,2,3,2.7,13.11,6.44,2.96,1,1579.9,Independent House,Average,Semi-Furnished,1,0,481937.1
1044.4,1,1,8,4.0,6.34,6.3,1.4,0,150.0,Apartment,Good,Unfurnished,1,0,310966.98
1800.2,4,4,5,7.4,2.27,8.48,4.21,2,996.0,Apartment,Average,Unfurnished,1,0,506021.19
932.7,2,2,1,29.9,9.33,5.51,1.76,0,645.9,Apartment,Average,Furnished,0,0,213127.58
1850.1,3,3,1,43.4,11.66,8.03,0.5,0,3947.7,Independent House,Average,Semi-Furnished,1,1,633938.99
2474.7,5,4,10,14.4,9.86,5.06,4.26,2,1100.1,Apartment,Average,Semi-Furnished,0,0,640544.52
1968.5,2,1,2,11.3,11.92,5.64,0.58,2,4472.3,Independent House,Poor,Furnished,1,1,635348.27
859.9,1,1,4,19.2,10.73,7.12,4.45,2,470.5,Apartment,Good,Unfurnished,1,0,277305.91
3377.1,5,5,15,9.1,9.89,8.77,1.7,3,1825.4,Apartment,Good,Unfurnished,0,0,927978.54
3874.2,6,5,2,18.5,5.68,,2.88,3,4865.6,Independent House,Premium,Semi-Furnished,1,1,1554878.24
2036.6,5,4,2,29.2,5.38,4.67,0.43,3,3907.8,Townhouse,Good,Semi-Furnished,1,0,655706.28
2312.1,3,2,11,19.3,25.83,7.73,3.0,3,950.3,Apartment,Good,Unfurnished,0,0,558675.5
1991.2,3,2,3,6.7,3.91,5.55,1.32,2,4975.9,Villa,Average,Furnished,1,1,897326.68
1834.2,3,2,10,14.1,26.19,7.62,2.45,1,567.0,Apartment,Good,Unfurnished,1,0,532259.43
1132.5,3,3,5,46.5,4.85,7.12,2.04,3,266.8,Apartment,Premium,Semi-Furnished,1,0,498453.81
765.7,1,1,7,20.7,21.91,4.52,1.79,0,610.7,Apartment,Good,Semi-Furnished,0,0,193314.5
4900.7,7,5,3,10.6,15.84,7.22,5.45,4,9767.3,Townhouse,Poor,Semi-Furnished,0,1,1258393.98
1023.6,3,3,2,9.0,13.44,4.91,1.77,0,2308.6,Independent House,Good,Unfurnished,1,1,527129.56
1533.1,3,1,12,10.4,0.3,8.66,1.33,1,804.1,Apartment,Average,Unfurnished,1,0,408113.81
2511.7,5,4,1,24.7,5.54,4.42,3.86,0,3841.6,Villa,Poor,Furnished,1,1,815807.44
2295.2,4,3,2,17.6,10.45,6.47,0.57,2,4948.3,Independent House,Good,Furnished,1,1,881056.98
2145.2,4,2,2,7.2,16.76,5.33,3.96,1,4085.6,Villa,Good,Semi-Furnished,1,0,846099.23
1787.5,3,3,1,28.1,8.34,8.75,1.51,2,2851.8,Independent House,Average,Unfurnished,1,0,575546.21
2360.8,3,2,2,45.6,2.69,4.45,5.63,1,5664.7,Villa,Poor,Semi-Furnished,1,1,720620.05
2260.6,2,2,3,18.2,8.81,10.0,2.13,0,3054.5,Independent House,Premium,Unfurnished,1,1,1042488.51
1352.0,2,1,14,31.5,11.94,6.18,3.86,0,347.0,Apartment,Average,Unfurnished,1,0,311906.43
1603.3,3,2,2,6.4,7.41,5.88,0.46,2,2248.1,Townhouse,Poor,Unfurnished,1,0,433330.52
1061.0,1,1,2,13.5,24.64,7.82,3.24,1,2309.8,Independent House,Good,Unfurnished,0,1,501090.32
3844.0,5,4,1,5.8,9.31,6.65,3.14,1,8047.6,Townhouse,Good,Unfurnished,1,0,1142051.02
2314.3,4,3,2,25.4,17.55,5.47,3.0,2,2955.0,Independent House,Average,Unfurnished,1,1,600002.2
1477.1,3,3,1,15.3,5.55,5.59,3.33,1,589.1,Apartment,Average,Furnished,1,1,418446.6
1421.7,2,2,1,2.7,14.61,5.98,1.2,1,1992.6,Independent House,Average,Semi-Furnished,0,1,562198.27
887.6,1,1,12,6.5,4.78,5.7,4.29,0,183.9,Apartment,Average,Semi-Furnished,0,0,255524.17
3196.6,6,4,1,14.0,14.89,7.87,2.49,2,4531.6,Villa,Good,Unfurnished,1,0,1177716.8
1265.1,2,1,9,4.1,7.32,6.82,2.75,1,437.0,Apartment,Good,Furnished,0,0,464852.71
1756.2,4,4,9,6.8,2.8,,4.2,2,432.5,Apartment,Average,Unfurnished,0,0,411815.14
1047.3,2,2,3,29.9,6.39,6.09,,0,2362.7,Independent House,Average,Unfurnished,1,1,472875.96
3538.8,6,4,3,8.7,4.1,7.63,2.64,2,6558.9,Independent House,Average,Semi-Furnished,0,0,1049030.36
2698.5,5,3,2,18.0,6.82,5.69,1.2,4,3504.8,Independent House,Poor,Semi-Furnished,0,1,735189.72
2152.9,3,1,1,27.2,2.87,5.36,2.13,2,2687.0,Villa,Average,Furnished,0,1,729554.28
1646.6,2,1,12,24.2,2.34,5.96,1.98,3,266.9,Apartment,Poor,Semi-Furnished,1,0,299764.03
2522.7,4,3,3,38.4,3.88,8.77,1.56,1,4621.9,Independent House,Good,Unfurnished,1,0,853822.2
771.7,1,1,2,,1.35,5.86,1.69,0,179.4,Apartment,Average,Unfurnished,0,0,163620.84
3338.3,7,5,3,17.6,19.21,5.93,0.61,2,3823.8,Townhouse,Good,Semi-Furnished,1,1,949861.51
2021.3,3,3,3,4.6,8.71,7.02,6.46,1,2569.0,Townhouse,Average,Unfurnished,1,1,547434.48
1006.6,1,1,7,14.5,9.47,6.51,1.74,1,668.7,Apartment,Good,,0,0,291555.95
1041.0,1,2,1,24.3,6.99,5.12,0.9,1,1662.2,Townhouse,Premium,Unfurnished,1,1,600050.2
2797.4,5,3,2,7.8,3.35,4.99,0.11,2,6627.3,Independent House,Average,Furnished,0,0,906688.78
1478.5,3,3,11,30.2,11.97,7.79,0.59,1,863.3,Apartment,Poor,Unfurnished,0,0,207984.29
2728.0,4,3,2,15.3,10.86,4.98,4.77,1,4459.6,Villa,Good,Unfurnished,1,1,978766.58
1668.6,3,3,2,24.2,3.54,7.98,4.74,1,3405.7,Townhouse,Poor,Furnished,0,1,584366.99
888.0,3,4,11,24.1,15.17,6.02,4.01,2,376.5,Apartment,Average,Semi-Furnished,1,0,227775.74
2288.1,4,2,1,24.9,2.93,3.33,3.45,2,4947.5,Independent House,Poor,Semi-Furnished,1,0,647816.72
1245.3,2,1,4,10.8,9.26,7.64,2.57,2,626.1,Apartment,Premium,Semi-Furnished,1,0,601654.88
1340.7,4,2,7,38.7,16.84,7.86,1.42,2,455.6,Apartment,Poor,Unfurnished,0,0,154947.26
5015.1,7,5,3,33.8,21.63,7.54,0.35,4,12168.7,Independent House,Average,Furnished,1,1,1390851.52
1949.0,3,2,10,16.6,7.43,6.02,2.42,0,803.8,Apartment,Average,Unfurnished,0,0,460581.85
1996.8,3,2,2,6.2,4.4,6.18,2.04,2,839.8,Apartment,Good,Furnished,1,0,659258.67
5793.4,7,5,1,11.1,1.99,6.04,1.25,4,7239.6,Independent House,Average,Unfurnished,1,1,1559904.33
1590.2,1,2,13,10.8,6.5,5.65,2.03,2,884.1,Apartment,Premium,Semi-Furnished,0,0,677015.27
1943.3,3,2,2,4.3,6.3,7.11,4.66,3,3296.0,Independent House,Good,Semi-Furnished,1,0,671027.66
1389.4,2,2,1,,17.55,6.4,3.85,0,1835.3,Independent House,Average,Unfurnished,1,1,549804.75
1118.8,2,2,6,0.4,9.36,6.03,3.6,2,551.0,Apartment,Average,Semi-Furnished,0,0,313893.3
698.4,1,2,2,21.4,2.8,5.67,3.1,0,1119.3,Townhouse,Good,Furnished,0,0,366173.86
1885.7,3,3,9,13.5,14.99,6.91,2.76,1,1139.2,Apartment,Good,Unfurnished,0,0,498037.84
1085.5,1,1,3,25.1,17.04,8.54,0.86,0,1961.2,Independent House,Average,Furnished,1,1,468702.16
1976.8,3,2,11,12.2,10.24,6.87,1.13,1,788.9,Apartment,Average,Unfurnished,1,0,456465.35
2187.6,4,2,2,4.1,15.31,4.74,5.17,2,5249.6,Villa,Poor,Semi-Furnished,1,0,660339.39
1427.8,1,2,13,6.0,8.39,6.66,6.95,0,397.4,Apartment,Poor,Semi-Furnished,1,0,279494.13
1815.4,4,2,3,14.8,14.25,7.4,1.7,2,3965.4,Independent House,Poor,Semi-Furnished,1,1,535328.75
2421.7,3,2,3,14.7,5.53,7.73,3.64,2,952.9,Apartment,Poor,Semi-Furnished,1,0,548590.84
2248.6,3,2,1,9.2,22.11,7.45,2.42,2,834.6,Apartment,Average,Semi-Furnished,0,0,548488.07
1630.1,3,3,3,8.9,3.05,6.89,2.13,2,2857.8,Townhouse,Good,Semi-Furnished,1,1,672961.03
1131.1,2,2,1,25.9,40.48,10.0,2.52,1,1770.8,Townhouse,Good,Semi-Furnished,1,0,330005.27
3283.5,6,4,2,3.0,28.92,4.97,2.97,3,8315.3,Villa,Good,,1,1,1183813.44
898.5,2,1,10,18.9,22.63,8.86,5.53,2,651.1,Apartment,Good,Semi-Furnished,1,0,304801.3
704.2,1,2,3,12.5,4.46,7.5,2.93,1,150.2,Apartment,Good,Unfurnished,1,0,265776.14
1668.0,3,2,7,25.9,6.67,10.0,1.6,2,806.0,Apartment,Average,Unfurnished,0,1,356431.44
2257.1,3,2,5,48.1,5.82,4.6,1.13,4,781.8,Apartment,Good,Semi-Furnished,0,0,469398.96
1558.9,3,3,3,5.3,4.69,8.93,1.88,1,1962.8,Independent House,Average,Furnished,1,0,686008.86
2640.0,4,3,2,23.1,5.57,9.08,1.39,3,4486.9,Villa,Average,Unfurnished,1,0,960413.38
1552.0,2,1,1,22.4,12.63,6.47,2.95,1,3896.6,Independent House,Premium,Semi-Furnished,1,1,749474.18
1832.3,3,2,13,8.1,6.93,5.47,2.26,0,764.2,Apartment,Premium,Unfurnished,0,0,745787.43
2143.1,2,1,4,10.5,3.51,9.78,3.82,0,917.4,Apartment,Average,Semi-Furnished,1,1,562307.94
1654.8,3,2,2,13.1,1.72,5.5,1.25,0,2594.7,Independent House,Good,Semi-Furnished,1,1,713609.61
878.7,2,1,3,21.8,16.04,8.22,2.41,1,516.4,Apartment,Poor,Semi-Furnished,1,0,70000.0
1002.2,1,2,3,16.1,9.92,8.87,8.06,0,1580.0,Independent House,Poor,Semi-Furnished,1,1,289929.6
1995.9,4,3,5,34.9,8.85,6.47,3.51,2,999.2,Apartment,Poor,Furnished,0,0,441111.07
839.4,1,1,6,7.5,0.63,6.46,4.36,1,382.2,Apartment,Average,Unfurnished,0,0,120693.34
2160.5,3,3,2,14.5,3.58,9.26,2.42,1,3592.4,Independent House,Good,Semi-Furnished,0,1,888527.48
1875.4,2,2,11,18.4,9.01,6.25,3.52,1,539.5,Apartment,Average,Unfurnished,1,0,430703.11
1804.6,2,2,2,11.9,12.03,5.89,1.0,2,3950.7,Villa,Poor,Furnished,1,1,702036.73
1261.8,1,1,9,6.6,0.41,2.79,2.62,0,674.2,Apartment,Premium,Furnished,0,0,552109.88
2058.4,3,3,5,30.6,8.74,8.33,2.27,1,1055.6,Apartment,Average,Unfurnished,0,0,484354.44
963.6,3,3,10,17.9,10.55,6.16,8.46,0,559.5,Apartment,Average,Unfurnished,0,0,192683.23
923.3,2,2,2,3.0,4.01,7.84,2.2,1,669.8,Apartment,Average,Semi-Furnished,0,0,304069.03
1495.3,4,4,2,9.5,18.86,6.49,1.34,3,2668.0,Townhouse,Average,Furnished,1,1,603167.45
2314.2,4,3,3,7.8,2.78,8.64,0.75,2,935.8,Apartment,Average,Unfurnished,0,0,554398.44
3635.0,6,5,3,40.1,10.72,8.69,1.41,2,7039.8,Independent House,Good,Semi-Furnished,0,1,1121899.11
1772.9,2,2,1,12.6,5.97,5.26,1.0,1,2842.4,Independent House,Premium,Unfurnished,1,0,833901.77
1003.2,2,1,6,35.8,12.93,,1.97,2,615.4,Apartment,Average,Semi-Furnished,1,0,203365.84
2115.4,3,2,10,20.5,8.5,7.54,4.06,2,850.3,Apartment,Average,Semi-Furnished,0,0,474536.7
671.1,2,2,5,19.8,17.64,8.74,0.76,1,150.0,Apartment,Poor,Unfurnished,1,0,134047.63
2050.5,3,3,2,9.3,3.52,6.86,2.35,2,2634.2,Independent House,Good,Furnished,1,1,857709.59
1619.8,3,2,3,12.5,5.95,7.01,6.47,1,2948.5,Townhouse,Average,Unfurnished,0,1,476995.06
2329.7,4,3,10,5.1,13.08,7.21,5.22,2,1073.4,Apartment,Average,Furnished,0,0,615127.11
2964.4,5,3,2,28.0,9.51,5.43,1.09,2,6621.1,Townhouse,Premium,Unfurnished,1,1,1068727.15
1110.6,2,3,1,28.2,13.25,6.04,1.81,2,1762.4,Townhouse,Good,Semi-Furnished,1,1,540773.05
1451.7,2,3,15,19.8,14.9,6.43,4.58,0,478.7,Apartment,Average,Unfurnished,0,1,289461.46
1064.7,3,2,10,16.0,14.43,8.15,2.49,1,568.3,Apartment,Average,Semi-Furnished,0,0,256778.7
1969.3,3,1,1,13.8,10.52,9.3,0.87,2,4901.6,Villa,Average,Unfurnished,1,1,767911.98
1753.5,3,1,10,39.9,14.73,5.38,2.07,0,844.0,Apartment,Premium,Semi-Furnished,0,0,562291.91
1175.5,2,2,14,31.0,7.87,7.75,1.41,0,352.2,Apartment,Average,Unfurnished,0,0,232207.77
1467.8,3,2,1,18.0,12.49,7.02,0.93,1,758.1,Apartment,Average,Semi-Furnished,1,0,404316.82
2466.6,3,2,3,10.7,3.18,5.97,1.47,1,4233.9,Townhouse,Good,Furnished,1,0,885065.96
3117.8,5,4,3,9.9,9.76,5.31,1.9,2,4871.7,Townhouse,Average,Semi-Furnished,1,1,908715.49
1527.4,2,1,9,38.0,10.18,7.03,1.08,2,680.9,Apartment,Poor,Semi-Furnished,1,0,240103.14
1733.7,3,3,1,8.4,23.9,5.85,3.36,1,2986.5,Townhouse,Good,Semi-Furnished,1,0,524564.66
1160.7,2,2,1,14.5,7.21,7.24,2.99,0,1951.7,Independent House,Poor,Semi-Furnished,1,0,362384.72
2633.6,3,2,6,22.3,2.42,,3.36,2,1019.8,Apartment,Premium,Furnished,1,0,925989.67
2743.1,5,3,2,26.6,2.38,5.1,2.12,2,3293.0,Villa,Good,Semi-Furnished,1,1,1001630.77
1432.7,3,2,2,19.0,23.84,8.26,2.86,1,662.6,Apartment,Poor,Furnished,0,0,265928.11
1402.2,2,2,3,16.4,20.74,6.98,3.53,0,1031.3,Apartment,Good,Furnished,0,0,405299.64
2591.8,4,4,1,15.7,11.15,6.95,2.42,2,5134.0,Villa,Good,Semi-Furnished,1,1,1105764.25
2555.5,4,4,3,13.3,1.81,5.97,0.96,2,4124.4,Independent House,Good,Semi-Furnished,1,1,874825.57
1970.8,4,3,11,6.7,11.3,7.8,2.33,1,918.0,Apartment,Good,Semi-Furnished,0,0,602265.7
3635.1,6,4,3,24.6,12.01,6.44,0.88,3,,Independent House,Poor,Semi-Furnished,1,1,987249.31
1827.1,4,3,1,10.9,8.81,7.83,0.82,1,3127.2,Townhouse,Poor,Unfurnished,1,1,556012.27
2826.6,5,3,10,5.7,11.25,6.04,1.91,2,1319.0,Apartment,Good,Unfurnished,0,0,765645.9
2881.6,6,4,3,,6.44,5.16,1.62,2,4558.3,Independent House,Poor,Unfurnished,1,1,878180.97
1801.9,3,2,2,17.9,1.84,5.65,0.4,2,4063.8,Independent House,Average,Semi-Furnished,1,0,628151.8
671.7,1,2,7,23.8,15.9,7.31,4.4,0,436.6,Apartment,Average,Semi-Furnished,0,0,126043.43
1915.6,2,2,1,17.4,10.88,5.27,3.03,1,4454.0,Independent House,Average,Unfurnished,1,1,601549.35
2603.6,4,3,2,14.1,20.78,9.33,1.88,0,1444.0,Apartment,Good,Semi-Furnished,1,0,630495.94
977.0,1,1,13,,14.2,,6.04,0,260.8,Apartment,Good,Semi-Furnished,0,0,256401.9
2306.0,5,3,1,8.6,4.39,6.48,1.08,3,5354.7,Villa,Good,Furnished,1,1,1082132.36
1768.6,2,2,2,28.5,1.41,8.43,4.34,1,3622.1,Townhouse,Poor,Unfurnished,1,0,428925.73
2450.9,3,3,1,7.3,11.75,7.11,3.52,1,5064.6,Townhouse,Average,Unfurnished,1,1,681014.12
1402.0,3,3,1,19.4,8.84,,3.65,2,3600.6,Townhouse,Good,Unfurnished,1,1,580885.59
1145.3,3,2,1,27.3,9.32,8.37,0.43,2,1645.4,Townhouse,Average,Semi-Furnished,1,1,459943.54
1719.0,3,3,11,18.3,11.0,5.35,2.25,1,775.5,Apartment,Good,Unfurnished,1,0,518919.68
1630.1,3,3,1,22.7,1.2,6.28,3.08,1,3128.1,Villa,Good,Unfurnished,1,1,814015.14
854.9,1,1,1,9.2,7.8,4.35,2.86,0,2131.9,Independent House,Average,Furnished,0,0,371759.71
4003.1,6,4,3,18.9,4.37,7.98,5.36,3,5762.0,Independent House,Average,Semi-Furnished,1,0,1125108.38
2435.4,5,4,3,26.3,9.83,7.51,4.94,4,4341.6,Townhouse,Good,Unfurnished,0,1,752520.22
2984.2,6,4,11,24.7,4.6,,4.1,2,960.7,Apartment,Average,Semi-Furnished,0,0,720163.51
1953.1,4,2,6,26.5,6.44,6.89,1.02,1,977.5,Apartment,Good,Unfurnished,1,0,637953.11
1800.5,4,3,12,12.7,6.14,6.82,1.4,2,1046.4,Apartment,Good,Semi-Furnished,0,0,623452.37
1580.2,3,3,11,29.5,6.46,6.86,2.45,1,738.9,Apartment,Poor,Semi-Furnished,0,0,291598.22
1709.1,2,1,1,16.9,15.22,7.14,6.37,1,2924.4,Independent House,Good,Unfurnished,0,0,488483.82
2291.5,4,4,3,12.2,6.11,6.89,5.4,2,3480.8,Independent House,Average,Unfurnished,1,1,732445.35
1072.5,3,3,2,38.4,16.15,5.35,4.53,0,688.4,Apartment,Average,Furnished,0,0,262710.3
863.5,2,1,3,3.1,0.77,3.43,3.48,1,277.4,Apartment,Premium,Furnished,0,0,518443.73
1607.3,3,2,3,16.1,4.71,9.73,0.87,2,2264.0,Independent House,Good,Unfurnished,0,0,649938.67
2327.4,5,2,13,9.6,1.12,5.76,1.26,1,584.2,Apartment,Good,Semi-Furnished,0,0,653079.52
1327.5,3,3,1,24.6,13.68,6.45,5.15,0,2528.6,Villa,Good,Unfurnished,1,1,752155.87
811.7,2,1,4,9.1,8.11,8.31,2.2,0,,Apartment,Average,Furnished,0,0,285745.92
1734.4,3,2,10,4.4,7.05,7.19,0.91,1,915.9,Apartment,Average,Furnished,1,0,548390.42
1136.5,2,2,4,11.6,5.25,4.63,4.33,1,,Apartment,Average,Semi-Furnished,0,0,231203.64
2731.3,5,3,1,12.5,15.33,5.01,3.99,3,6043.1,Villa,Average,Semi-Furnished,1,0,906371.36
2050.5,4,2,14,10.4,10.27,7.98,1.08,1,932.3,Apartment,Average,Semi-Furnished,0,1,634265.03
2243.3,5,2,1,5.8,5.34,7.57,5.2,1,3579.4,Independent House,Average,Unfurnished,1,1,703735.16
1037.5,1,2,10,14.1,30.14,5.95,2.33,2,496.4,Apartment,Good,Semi-Furnished,0,0,334561.98
2319.0,4,4,6,3.7,6.37,6.64,1.37,3,590.4,Apartment,Average,Unfurnished,1,0,563511.04
2523.9,5,3,2,14.0,1.77,6.76,3.53,2,3633.5,Independent House,Good,Semi-Furnished,1,1,904683.77
1368.3,2,1,8,14.4,17.52,7.06,2.15,1,521.9,Apartment,Good,Semi-Furnished,1,0,337589.79
1340.8,1,2,6,36.0,5.51,7.31,7.1,1,321.4,Apartment,Premium,Unfurnished,0,0,477479.82
1930.6,3,4,2,17.8,3.84,6.14,6.43,1,2716.7,Townhouse,Average,Semi-Furnished,0,1,554407.38
1621.0,2,2,1,3.8,13.17,7.72,5.74,2,4218.9,Independent House,Premium,Furnished,0,1,918460.14
682.0,1,1,10,20.8,10.99,7.56,0.4,0,150.0,Apartment,Good,Semi-Furnished,0,0,282267.09
1854.1,3,3,2,39.4,5.15,7.96,0.77,0,594.2,Apartment,Poor,Semi-Furnished,1,0,378780.34
2977.2,6,4,3,9.1,4.88,7.82,3.06,3,6064.1,Villa,Average,Furnished,1,0,1060017.71
703.0,1,1,1,14.5,14.79,7.78,3.07,0,1730.1,Independent House,Average,Unfurnished,1,1,324833.8
2290.1,5,2,2,12.6,9.17,6.04,5.31,2,5075.1,Independent House,Good,Semi-Furnished,0,1,824622.19
3864.5,5,3,3,15.0,14.81,6.52,1.31,2,8558.1,Independent House,Good,Semi-Furnished,1,0,1080968.24
1150.8,2,1,3,14.7,7.79,5.47,1.79,0,2227.6,Independent House,Average,Unfurnished,0,0,418442.54
1312.0,2,2,1,14.3,3.29,6.99,0.95,1,684.6,Apartment,Good,Furnished,0,0,476273.19
1253.4,3,2,7,9.8,10.99,5.54,3.11,0,496.0,Apartment,Average,Semi-Furnished,1,0,319909.55
3711.7,7,5,1,13.3,12.14,7.38,2.81,2,8954.3,Independent House,Average,Unfurnished,0,1,1085594.41
2959.1,4,3,1,16.1,6.93,8.44,5.84,2,4434.7,Independent House,Good,Unfurnished,1,1,913043.53
1540.3,3,2,2,17.2,7.79,6.7,4.9,2,2149.0,Villa,Premium,Furnished,1,0,894280.14
1905.0,2,2,3,19.1,3.83,5.91,1.1,0,2572.8,Townhouse,Good,Furnished,1,0,629821.74
3558.9,6,4,11,31.7,2.21,7.42,1.33,3,1054.0,Apartment,Average,Unfurnished,0,0,778364.06
1269.2,1,1,1,22.6,13.54,8.2,1.29,0,3225.0,Townhouse,Poor,Semi-Furnished,1,0,357003.5
1839.4,3,2,1,17.3,3.09,5.62,5.25,2,2352.2,Independent House,Average,Unfurnished,1,1,631537.38
2047.1,4,3,2,12.3,10.79,6.87,2.15,2,4273.3,Townhouse,Average,Semi-Furnished,1,0,613312.44
1430.3,3,1,1,50.0,15.62,7.15,3.4,2,2207.4,Independent House,Average,Semi-Furnished,1,1,405565.04
3460.2,4,4,3,3.7,12.27,6.3,1.7,2,5105.3,Townhouse,Premium,Unfurnished,1,1,1285734.06
1109.4,2,2,15,19.0,14.11,7.44,2.43,0,366.2,Apartment,Good,Semi-Furnished,1,0,336595.52
920.7,2,2,3,25.2,18.86,4.33,2.38,2,2311.0,Townhouse,Average,Furnished,0,1,345173.67
1482.3,3,3,1,16.2,1.55,7.2,2.24,1,2979.1,Independent House,Average,Unfurnished,1,1,572437.05
2930.4,5,3,1,9.4,12.2,9.3,2.82,2,7280.5,Villa,Average,Unfurnished,1,1,955085.08
967.6,1,1,13,20.6,9.46,7.51,3.38,0,329.5,Apartment,Average,Furnished,0,0,271202.57
1873.3,4,2,3,7.2,9.36,6.76,1.87,3,4744.2,Townhouse,Good,Unfurnished,1,0,629147.85
2089.8,4,3,3,25.3,12.23,4.94,5.02,1,3276.5,Townhouse,Poor,Semi-Furnished,0,0,433400.65
993.0,2,2,1,6.6,2.51,6.2,0.79,0,1259.7,Townhouse,Good,Semi-Furnished,1,1,515301.02
1067.8,2,2,12,33.8,20.82,7.15,2.49,0,671.9,Apartment,Average,Unfurnished,1,0,233575.05
2139.7,4,4,1,20.7,11.37,6.84,1.04,2,4185.3,Independent House,Average,Unfurnished,1,1,687292.65
2991.9,6,4,2,16.7,1.38,4.91,4.96,2,3698.1,Villa,Premium,Unfurnished,1,1,1369516.05
1315.9,2,2,1,13.8,12.94,7.06,3.35,0,2695.3,Townhouse,Average,Unfurnished,1,0,437202.8
1758.6,3,1,3,14.9,1.52,5.46,1.84,0,2202.8,Townhouse,Poor,Semi-Furnished,1,1,468177.69
1200.9,2,2,11,7.8,15.65,5.87,3.36,2,571.0,Apartment,Good,Furnished,0,1,533298.94
2240.0,4,3,3,16.0,15.41,8.0,4.08,2,3392.2,Townhouse,Average,Unfurnished,1,0,583001.84
2052.2,3,2,1,11.6,3.1,6.35,1.82,2,5172.7,Townhouse,Poor,Semi-Furnished,1,1,569004.91
1579.7,1,1,1,10.9,1.78,5.76,4.86,0,2191.8,Independent House,Poor,Semi-Furnished,1,0,498587.61
1654.1,3,2,14,48.1,11.83,5.27,0.33,1,890.8,Apartment,Poor,Unfurnished,1,0,289125.0
1554.0,3,4,1,11.8,1.57,5.66,3.81,2,1774.7,Independent House,Average,Semi-Furnished,1,1,637772.09
1639.5,3,2,14,13.0,6.93,5.92,1.61,1,666.9,Apartment,Average,Unfurnished,0,0,415925.57
2252.5,4,3,3,28.6,22.78,7.94,3.07,3,5519.8,Independent House,Good,Semi-Furnished,1,1,827488.35
5002.5,7,4,3,7.8,7.43,6.65,2.67,3,12378.7,Independent House,Good,Unfurnished,1,0,1559786.0
1174.8,2,2,4,33.2,15.18,8.45,2.41,2,864.5,Apartment,Average,Semi-Furnished,0,0,242331.26
1554.9,3,2,1,12.7,19.46,5.01,2.53,2,3329.3,Townhouse,Average,Furnished,0,0,400344.91
1408.1,3,3,2,8.7,17.69,8.57,1.62,0,3139.7,Independent House,Average,Unfurnished,1,1,527089.19
1197.6,3,3,3,3.6,9.68,6.48,3.24,1,1870.3,Independent House,Average,Furnished,0,0,509933.42
1117.0,1,1,12,30.7,4.3,6.37,1.29,0,454.4,Apartment,Average,Unfurnished,0,0,273841.59
2181.7,3,2,1,10.4,19.49,6.36,2.4,0,3526.8,Townhouse,Good,Unfurnished,1,1,659025.33
1844.2,3,1,7,12.4,0.55,9.98,3.4,1,1015.9,Apartment,Average,Unfurnished,1,0,401671.28
2092.4,3,2,2,12.6,2.3,6.01,4.35,2,2331.9,Independent House,Average,Furnished,1,1,751957.05
1632.1,2,1,2,10.4,9.39,9.7,1.9,1,3711.2,Independent House,Good,Semi-Furnished,1,0,732777.71
1099.8,2,1,8,20.6,22.24,7.95,3.7,1,484.4,Apartment,Good,Furnished,1,1,381761.53
1257.4,2,3,2,26.4,18.98,5.1,2.03,0,3195.9,Independent House,Average,Semi-Furnished,1,0,437084.91
1462.6,3,3,2,,7.06,5.31,2.53,1,3382.6,Independent House,Average,Semi-Furnished,0,0,420282.31
1072.7,2,1,3,34.9,15.64,6.98,0.55,1,2660.7,Independent House,Premium,Furnished,0,0,615943.24
2393.2,3,2,5,16.5,8.15,6.85,4.2,1,1362.8,Apartment,Average,Furnished,0,0,545788.83
2926.9,4,2,10,25.5,6.06,6.12,1.8,2,1414.8,Apartment,Good,Furnished,1,0,727325.97
731.8,1,1,1,40.9,12.16,5.92,1.92,1,1154.0,Townhouse,Good,Semi-Furnished,1,1,356648.41
1527.8,3,2,10,27.9,7.26,8.95,1.37,0,556.4,Apartment,Average,Furnished,0,0,422774.08
1850.2,2,1,3,17.1,11.51,6.92,0.62,1,4622.5,Townhouse,Average,Unfurnished,1,0,488498.64
1477.0,2,2,10,20.8,16.61,7.38,2.84,1,202.1,Apartment,Average,Furnished,1,0,407732.58
1054.8,2,2,5,33.5,13.38,6.87,2.36,0,347.6,Apartment,Average,Furnished,0,0,190906.76
2839.3,5,5,2,2.8,3.01,6.76,4.06,1,6884.8,Independent House,Average,Semi-Furnished,1,0,870609.35
1607.6,3,2,1,13.7,4.91,9.82,5.6,1,659.5,Apartment,Good,Unfurnished,0,0,508656.31
2853.2,5,3,1,2.1,22.53,7.53,2.05,2,3408.3,Independent House,Good,Unfurnished,1,0,914509.81
992.6,2,2,6,6.3,15.73,10.0,4.4,1,240.8,Apartment,Premium,Furnished,0,0,555195.32
923.0,2,2,3,1.4,9.68,7.83,2.97,0,1599.6,Townhouse,Premium,Furnished,1,1,710892.58
1624.2,3,3,4,12.9,6.3,5.75,1.73,1,649.8,Apartment,Good,Semi-Furnished,0,0,492538.23
1233.3,2,1,1,38.8,15.31,8.5,1.82,1,2678.9,Independent House,Poor,Furnished,1,0,345222.01
2877.8,4,2,3,31.0,5.56,6.59,4.75,2,4654.4,Independent House,Average,Semi-Furnished,1,1,814089.66
553.9,1,1,15,8.7,11.78,8.91,3.74,1,161.6,Apartment,Good,Furnished,1,0,317738.47
1517.9,2,1,2,20.7,7.81,5.72,1.3,0,3263.2,Independent House,Good,Unfurnished,1,1,582500.88
1044.6,2,2,8,7.4,9.85,4.4,2.74,0,713.2,Apartment,Average,Unfurnished,0,0,223411.45
1435.0,3,4,2,16.5,6.83,6.85,3.15,0,1717.6,Townhouse,Good,Semi-Furnished,0,0,650250.96
1509.8,2,3,11,35.8,14.04,8.83,0.9,0,815.1,Apartment,Average,Unfurnished,1,0,379158.79
1948.8,2,2,3,5.7,0.97,5.79,1.26,0,3942.8,Townhouse,Average,Semi-Furnished,1,0,581568.03
1770.1,4,3,7,18.7,2.8,7.54,4.22,1,695.8,Apartment,Good,Furnished,1,0,547406.16
2537.5,4,3,3,24.9,7.02,5.72,1.19,2,4630.5,Independent House,Average,Unfurnished,0,0,708276.91
1535.3,2,2,1,10.1,9.16,,0.53,2,2216.0,Townhouse,Average,Semi-Furnished,0,0,428446.26
4000.5,4,4,3,18.6,20.32,6.17,1.47,2,4773.3,Townhouse,Good,Unfurnished,1,1,1163802.28
2422.7,3,2,1,8.5,16.3,7.09,1.75,2,1148.7,Apartment,Good,Furnished,0,1,679333.86
1186.8,2,1,5,,2.07,6.22,0.29,0,404.8,Apartment,Average,Unfurnished,0,0,288809.17
1277.4,1,1,6,17.1,9.97,5.61,6.51,2,623.8,Apartment,Good,Semi-Furnished,0,0,380342.57
1936.7,4,2,1,5.0,8.91,3.91,2.63,1,3816.0,Villa,Average,Semi-Furnished,0,1,815759.85
2152.6,3,2,3,4.2,1.56,4.82,1.74,2,3756.9,Independent House,Good,Semi-Furnished,0,0,744577.03
899.5,2,1,15,3.6,11.77,6.3,4.25,1,631.3,Apartment,Average,Unfurnished,1,0,262112.21
1326.4,4,3,2,21.6,10.18,7.35,4.34,3,2483.0,Independent House,Premium,Unfurnished,1,1,870963.6
544.5,1,1,14,19.3,16.54,9.39,0.49,2,498.8,Apartment,Good,Semi-Furnished,1,0,244589.54
1144.4,2,2,1,16.0,9.27,5.95,6.76,0,449.0,Apartment,Average,Unfurnished,1,0,201514.82
2580.5,4,2,1,13.2,4.37,5.78,1.87,0,3852.6,Townhouse,Average,Unfurnished,1,1,723065.7
1269.3,3,1,8,26.2,9.26,4.78,2.76,1,150.0,Apartment,Average,Semi-Furnished,0,0,224684.16
1299.4,3,3,6,12.1,2.96,7.94,2.64,2,810.6,Apartment,Good,Unfurnished,1,0,467748.3
2077.0,3,2,3,9.1,7.13,7.53,1.83,1,4300.3,Independent House,Good,Unfurnished,1,0,779049.38
888.1,1,1,6,6.2,3.93,7.35,3.15,3,295.7,Apartment,Good,Unfurnished,0,0,406994.23
1867.7,3,3,2,15.3,19.87,7.2,6.31,2,4128.2,Independent House,Premium,Semi-Furnished,0,1,916587.6
2686.0,4,3,3,17.7,7.95,6.16,3.4,2,3737.1,Independent House,Average,Semi-Furnished,0,1,746381.69
2101.9,5,3,2,14.8,3.9,8.67,4.26,1,2489.7,Independent House,Good,Semi-Furnished,1,0,770331.05
2786.9,5,3,1,24.1,23.53,5.57,,2,3496.5,Independent House,Average,Semi-Furnished,1,1,736822.19
3142.6,5,3,1,12.4,8.52,6.01,5.57,3,3910.1,Independent House,Good,Semi-Furnished,1,1,1060830.24
1787.1,4,3,6,57.2,4.61,5.23,3.28,2,638.7,Apartment,Average,Semi-Furnished,1,0,390103.16
1222.8,2,1,3,15.4,6.44,6.51,1.19,1,2421.1,Townhouse,Good,Unfurnished,1,1,517068.72
1427.9,1,1,2,10.9,14.47,5.58,1.04,1,2745.3,Townhouse,Poor,Semi-Furnished,1,1,389318.3
5013.4,7,5,2,11.6,11.97,5.79,0.31,3,10103.0,Villa,Average,Unfurnished,1,1,1587052.08
1543.8,2,3,1,19.5,9.86,4.96,1.05,1,475.1,Apartment,Average,Furnished,0,0,373964.36
1780.3,1,1,1,49.4,2.69,5.31,0.42,0,2765.3,Townhouse,Premium,Semi-Furnished,1,0,717608.86
1287.8,1,1,2,9.2,22.46,4.37,0.34,3,3080.4,Independent House,Average,Semi-Furnished,1,0,423958.24
1302.0,3,2,12,22.7,16.02,7.22,1.18,1,779.2,Apartment,Average,Semi-Furnished,1,0,362273.57
2496.7,3,2,2,18.7,31.04,5.45,2.48,3,3176.8,Independent House,Average,Furnished,1,1,648724.16
1361.5,3,2,12,36.5,8.01,9.04,1.68,1,423.2,Apartment,Average,Semi-Furnished,0,0,344979.23
1087.8,2,2,8,8.8,8.46,8.07,1.82,0,302.7,Apartment,Good,Semi-Furnished,0,0,336771.15
1462.4,3,3,1,20.8,0.87,6.8,4.1,1,1769.9,Townhouse,Premium,Furnished,1,1,838833.8
2721.9,4,4,3,28.4,7.1,7.53,1.3,1,6010.2,Townhouse,Good,Semi-Furnished,0,1,837621.13
1791.0,3,2,5,22.4,1.79,7.94,6.38,1,525.9,Apartment,Good,Semi-Furnished,1,0,492411.63
1693.2,3,1,8,26.5,6.59,,3.17,3,676.6,Apartment,Average,Unfurnished,0,0,336049.43
1628.2,3,4,10,12.0,18.33,6.4,0.95,2,363.0,Apartment,Average,Unfurnished,1,0,399525.55
1124.4,1,1,1,18.0,11.78,8.26,1.11,1,1949.9,Independent House,Good,Furnished,0,1,673194.17
2072.0,4,3,2,32.1,19.35,8.36,6.39,1,4668.5,Independent House,Good,Unfurnished,1,1,649225.36
2584.0,3,2,1,4.4,15.2,5.58,2.93,2,6156.6,Townhouse,Average,Unfurnished,1,1,710634.28
1212.6,3,2,6,12.2,7.02,10.0,2.02,1,259.2,Apartment,Good,Unfurnished,1,0,408838.3
2487.5,4,3,3,8.3,3.08,4.74,1.2,1,3535.2,Townhouse,Average,Furnished,1,0,822020.28
2323.6,4,3,2,8.0,15.71,3.39,2.45,4,3854.2,Independent House,Average,Semi-Furnished,1,1,718827.22
2616.2,2,2,3,19.1,8.01,9.2,0.82,0,3542.8,Independent House,Average,Semi-Furnished,0,1,718512.46
1382.3,2,2,7,18.8,17.51,7.76,2.19,1,772.8,Apartment,Good,Furnished,1,0,532498.81
1963.4,3,3,4,12.6,10.45,6.97,2.36,2,642.3,Apartment,Good,Semi-Furnished,0,0,602609.49
1204.1,3,2,2,17.2,11.9,7.87,1.83,2,2400.1,Villa,Average,Furnished,1,1,667464.92
1873.9,2,3,3,14.7,14.93,5.72,,1,3346.2,Independent House,Good,Semi-Furnished,1,0,684941.5
1825.4,5,4,15,3.7,20.82,4.18,4.51,2,410.5,Apartment,Good,Semi-Furnished,1,0,540567.59
2092.9,3,2,1,6.1,7.8,6.05,2.14,2,3642.5,Independent House,Average,Furnished,0,1,753281.34
2143.6,3,2,11,22.7,7.99,5.69,0.12,1,612.2,Apartment,Good,Furnished,0,0,661630.25
1266.6,2,1,2,7.3,14.42,5.27,3.01,2,769.0,Apartment,Average,Unfurnished,1,0,186962.56
1468.4,2,2,3,12.4,4.61,5.83,1.42,1,2499.3,Independent House,Average,Unfurnished,1,0,482914.91
828.9,1,1,1,20.0,13.72,5.85,2.56,0,1369.7,Townhouse,Poor,Furnished,1,1,259066.11
1206.4,3,2,6,18.7,15.27,6.02,4.72,1,492.6,Apartment,Average,Semi-Furnished,0,0,228071.94
2767.6,5,3,1,9.6,33.69,7.25,0.4,3,6922.1,Villa,Average,Semi-Furnished,1,0,910760.54
2544.0,4,2,1,15.4,13.27,7.51,0.84,3,3636.0,Independent House,Poor,Unfurnished,1,1,720916.74
751.8,2,1,2,12.1,19.76,7.13,1.15,1,614.1,Apartment,Average,Furnished,1,0,322549.7
3027.5,5,4,1,14.1,6.85,3.02,2.35,2,7305.1,Independent House,Good,Semi-Furnished,1,1,1021233.6
1227.3,1,2,2,35.7,6.41,5.22,3.08,1,2255.5,Independent House,Good,Furnished,0,1,515452.62
1568.1,3,2,1,20.7,8.5,5.24,4.22,0,2573.0,Townhouse,Poor,Semi-Furnished,0,0,292367.37
1754.1,2,1,3,14.1,5.45,8.44,5.1,0,2680.0,Villa,Poor,Furnished,0,1,698272.06
2202.0,3,4,1,15.7,13.6,5.47,0.4,1,3314.6,Independent House,Average,Semi-Furnished,0,0,678587.53
1407.5,2,2,1,2.1,4.28,3.95,1.41,0,843.6,Apartment,Good,Semi-Furnished,0,0,472650.89
1798.7,3,3,7,60.0,4.06,7.7,1.68,2,815.1,Apartment,Good,Semi-Furnished,1,0,510999.67
4008.8,5,5,1,31.9,3.76,6.83,2.11,2,7653.0,Independent House,Average,Semi-Furnished,1,1,1212654.77
2632.6,4,3,1,11.5,12.01,,4.87,1,3931.6,Villa,Good,Semi-Furnished,0,1,994840.97
1062.0,2,2,9,3.6,4.08,4.7,4.25,0,417.1,Apartment,Good,Unfurnished,1,0,397332.44
1642.1,2,3,9,11.9,4.06,6.38,1.93,1,744.6,Apartment,Premium,Semi-Furnished,0,0,702116.7
4183.1,7,5,2,28.6,4.12,5.2,5.24,4,6628.8,Independent House,Poor,Semi-Furnished,0,0,1036045.51
1782.4,4,3,6,26.6,0.88,5.2,4.95,2,589.0,Apartment,Average,Unfurnished,0,0,348359.61
2012.8,3,3,14,15.3,6.14,5.51,3.11,3,589.7,Apartment,Good,Semi-Furnished,0,0,533014.44
946.3,2,1,3,43.6,13.89,5.11,2.59,1,2509.7,Independent House,Average,Unfurnished,1,1,244914.76
2174.1,5,3,3,13.3,12.8,6.97,1.25,2,4341.3,Independent House,Poor,Unfurnished,1,1,718710.41
1651.3,3,3,3,12.5,13.09,6.79,3.17,2,2674.4,Independent House,Poor,Semi-Furnished,0,1,548399.57
1388.8,2,2,1,20.0,15.16,6.65,2.58,1,2733.7,Independent House,Average,Unfurnished,0,0,410644.45
1340.4,3,1,4,8.9,14.1,8.54,2.97,2,763.2,Apartment,Good,Furnished,0,0,471183.37
2331.5,4,3,2,10.5,6.85,7.51,4.26,3,4860.2,Villa,Good,Furnished,1,1,1030430.0
1040.9,3,3,3,23.0,14.36,7.91,1.8,1,416.1,Apartment,Average,Semi-Furnished,0,0,315585.1
1464.4,2,2,6,8.2,3.61,6.93,2.38,0,659.7,Apartment,Good,Semi-Furnished,1,0,543535.56
1718.1,3,2,3,20.0,9.74,7.15,1.71,2,3682.6,Independent House,Average,Unfurnished,1,1,616786.8
2482.2,5,4,1,27.4,3.76,8.05,1.76,2,5824.0,Independent House,Premium,Furnished,1,0,1101816.87
2033.4,3,2,3,11.6,5.57,5.04,1.73,1,4243.6,Independent House,Poor,Unfurnished,0,1,549122.95
1584.4,3,2,5,13.2,20.68,5.75,1.62,0,736.4,Apartment,Good,Furnished,0,0,451954.71
3360.9,4,2,2,16.5,6.97,6.81,1.78,2,7272.6,Villa,Premium,Furnished,0,0,1284041.62
2333.1,4,4,1,8.2,5.55,6.76,6.34,3,5404.2,Independent House,Good,Unfurnished,1,1,856878.43
1843.3,4,3,2,11.3,16.54,4.64,2.85,2,3364.4,Independent House,Good,Semi-Furnished,1,0,575248.12
927.2,1,2,1,4.7,5.11,7.8,2.87,0,2199.9,Villa,Average,Semi-Furnished,1,1,660099.88
1678.8,3,3,7,7.0,12.52,8.79,7.58,3,1028.1,Apartment,Good,Semi-Furnished,0,0,446118.0
1260.0,2,3,1,14.4,10.46,8.68,2.92,0,1757.9,Independent House,Good,Unfurnished,0,1,562903.25
1782.3,3,3,3,19.1,8.27,5.69,3.12,1,3491.8,Independent House,Average,Semi-Furnished,0,0,610878.94
2159.6,4,3,2,19.2,4.65,7.93,2.13,2,2612.8,Independent House,Premium,Unfurnished,1,0,932579.61
3234.8,5,4,3,,24.57,6.12,2.38,3,6219.4,Independent House,Average,Furnished,1,0,959288.29
4006.3,6,4,3,9.7,5.35,6.8,0.3,3,5157.6,Independent House,Average,Semi-Furnished,0,1,1137029.96
918.9,1,1,13,10.7,21.45,8.3,0.88,0,429.2,Apartment,Premium,Semi-Furnished,0,0,486870.2
778.5,1,1,7,15.2,13.13,8.64,1.33,0,150.0,Apartment,Average,Furnished,0,0,215945.84
2554.1,5,4,1,6.9,16.37,6.06,6.45,2,3295.7,Villa,Average,Semi-Furnished,1,1,909151.54
2466.3,3,3,1,4.1,10.33,5.95,2.67,0,5634.7,Villa,Average,Semi-Furnished,1,0,893144.1
1344.6,3,2,1,16.8,25.13,8.87,,1,2306.5,Villa,Good,Semi-Furnished,0,1,731680.67
1343.6,2,2,6,10.0,29.49,6.55,2.23,2,680.8,Apartment,Good,Semi-Furnished,0,0,389311.04
1739.0,3,2,11,19.2,7.59,2.35,1.12,0,1081.9,Apartment,Poor,Unfurnished,0,0,251774.04
1102.3,4,4,3,44.9,5.61,7.34,1.9,1,1948.2,Independent House,Good,Furnished,1,1,622671.79
1217.0,2,2,2,10.3,9.6,5.54,2.51,1,1808.2,Independent House,Good,Unfurnished,0,1,546764.19
1032.3,1,1,2,20.2,7.34,6.29,2.51,1,375.4,Apartment,Good,Semi-Furnished,0,0,284918.57
1690.4,3,2,3,2.7,19.28,7.56,4.31,1,3517.8,Independent House,Good,Furnished,1,1,743816.56
1810.8,3,2,4,11.7,13.59,4.02,0.52,1,917.5,Apartment,Premium,Semi-Furnished,0,0,735212.25
1438.6,3,1,2,16.2,3.32,7.81,1.87,2,3216.5,Townhouse,Average,Furnished,1,0,567035.72
1384.8,2,1,5,2.2,3.23,4.5,2.2,1,658.6,Apartment,Average,Unfurnished,0,0,347489.88
3475.4,5,4,14,33.4,10.75,5.62,2.12,3,1160.4,Apartment,Good,Unfurnished,0,0,799426.72
905.4,1,1,7,8.4,19.19,7.16,5.53,1,277.3,Apartment,Average,Semi-Furnished,0,0,187404.63
1693.2,2,2,2,25.0,4.87,4.92,1.98,0,3060.6,Villa,Average,Semi-Furnished,0,1,603584.13
2456.9,4,4,2,21.3,12.85,4.92,3.56,1,4570.8,Independent House,Poor,Furnished,0,1,699380.26
3373.2,5,4,1,38.1,15.23,7.19,5.3,0,4453.8,Villa,Average,Semi-Furnished,1,1,1060684.77
1964.0,5,3,2,2.7,13.34,7.47,0.91,2,4651.1,Townhouse,Premium,Unfurnished,1,0,1018851.1
2892.4,3,2,5,17.9,2.67,6.44,2.58,1,803.0,Apartment,Poor,Unfurnished,0,0,529828.81
1546.0,3,3,12,14.0,6.63,7.6,1.69,3,691.5,Apartment,Good,Semi-Furnished,0,1,486996.66
805.8,1,1,2,2.0,6.7,10.0,2.53,0,1587.5,Independent House,Good,Semi-Furnished,1,1,514967.71
1409.3,3,3,11,13.2,15.25,4.54,6.11,1,872.8,Apartment,Poor,Unfurnished,1,0,192764.76
1454.0,2,2,2,12.2,6.17,3.45,7.66,0,2007.9,Independent House,Average,Semi-Furnished,1,1,426180.66
3304.6,6,4,3,5.7,3.42,,1.52,3,5874.7,Independent House,Average,Furnished,0,0,1124600.12
2771.1,5,3,2,12.6,14.59,4.99,3.54,3,3856.4,Independent House,Average,Semi-Furnished,1,1,820965.36
694.0,1,2,15,11.8,4.29,7.24,1.3,0,206.2,Apartment,Average,Semi-Furnished,1,0,321732.72
2909.3,6,5,2,10.3,1.93,7.58,3.7,4,6987.0,Townhouse,Good,Unfurnished,1,1,1054011.61
2007.4,4,2,5,18.3,6.46,6.65,0.99,0,986.9,Apartment,Average,Furnished,1,0,566311.13
1180.6,3,3,7,23.4,2.15,7.1,2.27,1,534.8,Apartment,Poor,Unfurnished,0,0,267499.69
1788.1,3,2,3,8.5,1.58,9.18,1.53,0,3816.2,Independent House,Poor,Semi-Furnished,1,0,568050.58
2960.9,5,4,1,13.6,0.74,5.81,2.38,1,4165.7,Townhouse,Average,Unfurnished,1,0,835150.41
807.4,1,1,2,37.5,12.23,8.55,2.54,0,1677.8,Independent House,Average,Unfurnished,1,1,409720.31
1631.3,2,1,14,13.5,9.1,4.8,0.3,1,978.6,Apartment,Premium,Unfurnished,1,0,668637.69
3525.8,7,5,2,8.3,33.05,7.21,4.07,3,4384.0,Villa,Poor,Unfurnished,0,1,1017595.93
2146.0,3,3,2,6.4,5.63,7.41,4.62,2,3296.8,Villa,Average,Furnished,0,1,810960.68
2166.0,3,3,3,20.7,23.15,6.59,4.04,2,3432.1,Townhouse,Good,Unfurnished,0,1,621033.09
1929.8,2,1,2,8.8,12.72,8.11,1.06,1,4786.3,Independent House,Good,Furnished,0,1,749618.91
973.4,1,1,5,7.6,5.95,6.76,2.84,1,256.3,Apartment,Good,Semi-Furnished,1,0,454070.24
1315.6,2,1,1,19.8,3.67,7.18,3.09,1,3388.8,Independent House,Poor,Unfurnished,0,0,362441.63
2492.1,4,2,2,5.0,10.71,5.68,2.53,1,3054.8,Independent House,Good,Semi-Furnished,1,1,861008.83
1415.0,3,2,1,19.1,4.16,5.25,7.12,2,2018.7,Independent House,Average,Unfurnished,0,1,507387.08
974.1,2,1,1,6.6,10.55,5.22,4.55,2,,Independent House,Good,Furnished,1,1,573712.14
1737.0,2,2,3,7.6,4.05,5.81,2.32,2,3719.6,Townhouse,Average,Unfurnished,1,0,538113.81
1489.8,2,1,3,4.9,3.09,4.84,2.06,0,3431.1,Independent House,Good,Furnished,1,0,664613.03
1116.8,3,2,3,7.9,1.47,9.41,1.09,1,2733.2,Independent House,Good,Unfurnished,1,1,650984.93
1394.4,4,3,4,28.8,10.01,6.25,4.49,3,631.2,Apartment,Good,Unfurnished,1,0,472291.7
1867.5,4,3,2,60.0,8.43,6.69,2.5,1,1056.9,Apartment,Average,Unfurnished,0,0,326401.98
1863.7,2,3,2,12.8,2.99,5.04,1.82,1,4491.5,Independent House,Good,Semi-Furnished,1,0,719734.06
1180.9,3,3,1,11.2,7.8,9.66,3.77,1,2644.8,Independent House,Good,Semi-Furnished,1,1,622022.58
2020.1,5,3,3,23.5,2.2,6.33,3.18,2,5228.6,Townhouse,Average,Furnished,1,1,736939.56
3440.6,4,3,3,19.3,8.95,5.85,4.05,4,8531.0,Villa,Average,Semi-Furnished,1,1,1189075.48
4681.3,7,5,1,26.7,7.98,5.98,2.68,3,7657.2,Independent House,Average,Unfurnished,1,1,1317297.63
2479.1,4,2,3,18.1,14.11,6.39,2.4,2,748.9,Apartment,Average,Semi-Furnished,0,0,552447.65
887.0,1,2,8,29.0,2.07,6.26,,2,432.4,Apartment,Good,Semi-Furnished,0,1,455288.18
2649.8,4,3,3,17.4,0.7,4.75,2.51,2,4579.0,Independent House,Average,Furnished,1,1,877473.92
2058.2,4,3,1,37.5,21.83,7.95,4.86,1,4688.1,Independent House,Good,Semi-Furnished,1,1,667047.35
1017.0,3,1,1,23.1,11.44,5.08,1.31,0,,Townhouse,Good,Semi-Furnished,0,1,407746.4
1858.9,4,4,2,35.4,4.88,7.87,4.89,3,3423.5,Townhouse,Good,Unfurnished,1,1,672848.96
4136.9,6,4,2,11.3,20.67,4.77,1.47,2,5601.1,Independent House,Good,Furnished,1,1,1330425.75
3053.7,4,3,1,12.4,32.53,6.95,4.14,2,5347.4,Independent House,Good,Unfurnished,1,1,925233.55
1207.4,2,2,3,16.7,11.99,5.21,2.0,1,1418.7,Independent House,Average,Furnished,0,1,444207.33
1360.8,3,1,5,17.3,7.8,5.64,0.5,2,795.2,Apartment,Average,Unfurnished,0,0,377145.71
2271.9,2,2,1,14.0,2.72,7.4,1.7,0,3357.9,Independent House,Good,Furnished,0,0,776519.43
797.9,1,1,2,15.0,6.27,8.41,3.37,0,1775.5,Townhouse,Premium,Furnished,1,0,611956.67
663.8,1,1,7,12.1,2.71,9.34,5.03,1,363.3,Apartment,Average,Furnished,0,1,378036.31
1972.0,2,2,3,16.6,11.82,7.24,4.06,0,4968.6,Independent House,Premium,Semi-Furnished,1,1,905537.86
1982.8,4,3,3,10.5,39.19,6.69,1.55,2,3719.6,Independent House,Premium,Semi-Furnished,1,1,915219.8
762.2,1,1,3,28.3,12.77,5.3,1.15,0,1529.4,Townhouse,Average,Furnished,1,1,327261.87
2175.1,2,1,2,22.3,20.69,4.11,4.82,1,3351.4,Independent House,Good,Semi-Furnished,1,0,573564.96
2135.8,3,2,12,16.7,7.6,7.6,4.7,1,933.0,Apartment,Good,Semi-Furnished,0,0,613244.39
1234.5,4,3,10,4.1,11.55,6.33,2.23,2,334.0,Apartment,Average,Unfurnished,0,0,347069.48
1387.4,1,1,11,3.6,6.79,6.71,3.94,0,487.5,Apartment,Poor,Semi-Furnished,0,0,273838.04
1720.0,3,2,13,15.0,1.96,,1.22,2,817.1,Apartment,Average,Semi-Furnished,0,0,448847.72
2222.2,5,3,2,7.2,1.0,5.66,4.81,3,3701.0,Independent House,Good,Semi-Furnished,1,0,771446.23
916.9,2,2,3,,36.84,7.68,4.17,1,1775.8,Independent House,Average,Unfurnished,1,0,311617.54
1263.6,3,1,2,2.2,5.34,9.17,4.11,1,1663.2,Independent House,Good,,1,0,658367.45
1145.8,2,1,14,41.3,7.72,4.96,5.36,0,476.7,Apartment,Good,Furnished,0,0,252111.22
942.5,3,3,11,5.5,1.07,3.98,2.54,0,384.7,Apartment,Good,Semi-Furnished,0,0,395884.55
2505.4,5,4,2,26.8,6.84,6.36,1.3,1,637.9,Apartment,Average,Furnished,0,0,665287.0
2412.3,4,2,3,11.8,14.68,5.66,0.38,2,6326.5,Independent House,Average,Unfurnished,1,0,719061.22
848.9,1,1,2,3.9,13.76,8.42,4.27,0,,Apartment,Average,,0,0,220220.6
1508.0,2,2,3,12.4,9.04,7.43,3.4,1,2565.3,Townhouse,Average,Semi-Furnished,1,1,519627.29
2970.9,3,2,2,33.2,15.33,9.45,4.92,1,5038.7,Independent House,Poor,Semi-Furnished,1,1,723599.35
1408.7,3,2,3,11.6,5.47,8.26,1.48,1,2405.4,Independent House,Average,Semi-Furnished,1,1,600938.63
1934.8,4,3,15,31.4,21.2,6.85,2.51,2,1101.1,Apartment,Average,Unfurnished,0,0,364530.3
2418.8,4,3,2,14.3,45.0,6.91,3.7,0,1357.4,Apartment,Good,Semi-Furnished,0,0,549138.1
3079.9,5,3,1,22.0,18.88,7.27,1.88,3,5727.2,Independent House,Average,Unfurnished,1,1,870348.43
1779.9,4,3,1,9.3,7.83,5.38,3.03,1,2728.0,Townhouse,Average,Semi-Furnished,1,1,587040.52
2288.2,4,3,15,7.9,4.46,7.33,0.68,1,1489.0,Apartment,Good,Furnished,0,0,747316.24
1484.0,2,3,1,5.8,2.82,8.69,4.7,2,1999.4,Independent House,Average,Unfurnished,0,0,494178.14
4687.2,7,5,1,16.8,8.69,5.78,0.48,3,8579.0,Townhouse,Premium,Semi-Furnished,1,1,1688479.61
1825.6,4,3,3,19.7,2.83,6.35,3.69,2,4158.2,Townhouse,Good,Semi-Furnished,1,1,704591.56
2190.2,4,3,2,12.2,10.59,7.65,5.72,0,345.8,Apartment,Poor,Semi-Furnished,0,1,394722.86
1162.2,2,2,13,8.7,8.04,8.87,4.5,0,622.9,Apartment,Premium,Unfurnished,0,0,542180.39
1668.8,3,2,14,36.9,4.39,5.62,5.94,2,359.9,Apartment,Good,Semi-Furnished,1,0,398577.11
1699.9,3,3,3,14.3,9.48,7.05,2.45,2,720.8,Apartment,Good,Furnished,1,0,577309.42
1117.0,2,2,3,18.5,10.27,6.65,0.14,1,1699.7,Townhouse,Average,Semi-Furnished,1,0,431504.55
1103.2,2,3,1,10.4,12.7,6.3,1.94,0,1162.6,Townhouse,Average,Semi-Furnished,1,1,460822.56
1695.9,3,3,1,4.1,8.41,4.0,2.1,1,4062.3,Independent House,Average,Semi-Furnished,0,0,632297.99
3543.5,7,5,2,7.7,11.98,5.62,5.81,3,4701.0,Villa,Good,Furnished,0,1,1266697.87
627.0,2,2,12,13.7,19.98,4.92,3.61,1,295.6,Apartment,Average,Unfurnished,0,0,72736.11
1161.8,2,1,9,4.8,3.09,6.51,1.88,2,465.0,Apartment,Average,Unfurnished,0,0,265494.22
3203.5,6,3,3,20.6,2.92,6.04,1.31,3,7516.6,Independent House,Poor,Semi-Furnished,1,1,953850.83
1327.6,2,1,3,13.9,14.92,4.98,3.87,2,1753.3,Villa,Average,Semi-Furnished,1,1,562105.85
3129.1,5,4,3,12.9,5.34,6.31,4.03,3,6890.5,Independent House,Average,,0,1,916178.4
842.5,2,3,4,2.5,20.41,9.41,3.33,0,332.7,Apartment,Average,Unfurnished,1,0,301702.21
920.7,1,2,7,13.6,17.11,5.74,2.08,0,150.0,Apartment,Premium,Unfurnished,1,0,542402.06
1271.9,1,1,5,15.7,20.83,,0.94,1,414.6,Apartment,Average,Semi-Furnished,0,0,288380.5
4059.1,7,5,1,6.9,1.87,6.37,4.38,3,8809.2,Independent House,Average,Unfurnished,1,0,1237271.24
1261.1,2,1,1,9.8,8.09,5.64,4.13,2,3338.7,Townhouse,Average,Semi-Furnished,1,0,394089.46
796.9,1,1,3,15.5,12.06,4.41,1.11,1,1552.6,Townhouse,Average,Semi-Furnished,0,0,249926.92
915.7,1,1,1,7.4,3.54,9.32,1.99,2,1130.4,Townhouse,Good,Unfurnished,0,1,351151.38
2001.2,4,4,1,9.7,7.77,4.05,6.34,2,660.4,Apartment,Average,Semi-Furnished,0,0,500404.14
1046.1,2,1,3,8.2,10.99,4.21,2.6,1,2006.4,Independent House,Premium,Furnished,1,1,756265.42
2228.4,4,2,2,20.0,4.7,7.79,0.77,1,812.8,Apartment,Premium,Furnished,0,0,875195.55
1903.0,3,2,1,27.4,3.48,3.73,4.14,1,4228.6,Independent House,Good,Unfurnished,1,1,715036.58
1823.1,2,2,1,15.8,6.49,7.82,0.65,0,3251.4,Independent House,Good,Semi-Furnished,1,1,756949.13
2093.8,4,1,2,,21.56,7.95,0.49,2,5312.2,Independent House,Average,Furnished,1,1,730279.49
966.5,2,2,9,22.0,12.61,5.54,2.72,0,479.1,Apartment,Good,Semi-Furnished,0,0,363350.22
1958.2,3,2,3,4.0,9.98,6.76,5.16,1,4201.9,Independent House,Average,Unfurnished,1,1,608328.57
1119.6,2,2,1,13.4,16.38,,2.55,1,2614.2,Independent House,Good,Unfurnished,0,1,491939.97
2384.2,4,2,5,28.3,8.32,5.53,4.29,1,657.7,Apartment,Average,Semi-Furnished,1,0,485525.78
878.9,1,1,8,8.8,5.77,5.81,2.02,1,219.6,Apartment,Average,Furnished,0,0,225040.41
2222.1,4,3,3,18.5,3.72,6.47,0.72,0,3956.6,Independent House,Poor,Furnished,0,1,756652.88
876.1,2,2,8,23.0,7.23,6.02,5.86,1,531.1,Apartment,Good,Furnished,0,0,281912.06
1081.5,2,2,6,15.4,14.21,7.53,5.59,1,567.0,Apartment,Good,Unfurnished,0,0,308801.62
1156.4,3,4,1,7.5,0.56,6.48,2.37,0,682.6,Apartment,Poor,Semi-Furnished,1,0,343687.82
4264.0,6,4,12,9.7,5.83,,1.68,2,2056.0,Apartment,Average,Unfurnished,1,0,1067247.58
1640.0,2,1,1,20.2,7.62,6.14,2.71,2,3338.9,Townhouse,Average,Unfurnished,1,0,481195.22
1308.7,2,2,1,19.9,5.74,7.63,2.27,1,2257.2,Independent House,Good,Unfurnished,1,1,530495.38
1122.6,2,2,11,14.7,16.78,7.98,3.32,0,416.8,Apartment,Poor,Furnished,0,0,172120.05
982.3,3,3,2,3.0,12.1,3.83,5.7,2,2430.2,Independent House,Poor,Unfurnished,1,0,333676.46
1263.6,1,1,11,5.2,6.05,7.25,5.84,0,535.4,Apartment,Good,Semi-Furnished,0,0,451145.82
2944.0,7,5,14,13.1,15.88,5.69,2.01,2,1942.1,Apartment,Good,Semi-Furnished,1,0,901861.04
1558.1,2,2,1,8.5,2.29,6.06,1.74,0,759.4,Apartment,Good,Unfurnished,0,0,523303.85
2700.8,5,5,1,6.1,12.39,7.15,3.79,3,4742.4,Independent House,Good,Semi-Furnished,1,0,939150.7
1520.0,3,2,3,6.2,4.14,6.88,0.84,0,3416.7,Villa,Premium,Unfurnished,1,0,952368.45
1514.9,3,3,3,47.7,13.12,6.36,4.02,1,3380.0,Townhouse,Average,Semi-Furnished,1,1,381470.07
1474.0,2,2,8,16.5,10.38,7.66,2.12,2,752.2,Apartment,Average,Semi-Furnished,0,1,427082.85
997.7,2,2,14,20.0,10.61,6.96,7.0,0,435.9,Apartment,Premium,Furnished,1,0,559488.4
1600.5,2,2,12,11.8,10.92,5.6,0.11,0,527.8,Apartment,Poor,Semi-Furnished,0,0,327695.28
2393.1,3,1,1,25.3,7.59,8.29,4.39,3,4755.5,Independent House,Good,Furnished,1,1,891161.31
1699.5,2,2,2,18.9,10.42,8.24,3.28,1,774.6,Apartment,Poor,Semi-Furnished,0,0,354344.85
2090.5,4,3,1,15.5,2.91,,2.81,1,4297.4,Villa,Average,Unfurnished,1,1,840931.15
2609.0,5,4,3,15.7,7.71,5.89,3.66,2,3640.5,Townhouse,Average,Semi-Furnished,1,0,728649.05
1480.8,1,1,2,7.9,2.78,5.58,2.23,1,3596.8,Townhouse,Good,,0,1,541085.26
1596.2,3,1,3,7.6,25.46,9.13,5.15,0,3801.4,Independent House,Good,Unfurnished,1,1,600065.9
2478.8,3,3,11,16.2,4.14,6.43,1.56,1,1250.5,Apartment,Poor,Unfurnished,1,0,463272.78
1160.9,2,2,2,23.5,22.56,6.91,3.35,2,2433.1,Independent House,Average,Furnished,1,1,455214.74
661.7,1,2,10,29.2,17.56,7.31,2.71,2,150.0,Apartment,Average,Furnished,0,0,73319.64
1283.5,3,1,3,21.2,6.53,2.69,7.13,3,2237.3,Independent House,Average,Unfurnished,1,1,383789.84
1941.4,4,3,2,31.3,4.95,5.37,5.43,2,3251.5,Townhouse,Average,Semi-Furnished,1,1,580062.23
2319.7,4,2,2,28.3,7.1,9.89,4.25,3,1078.1,Apartment,Premium,Semi-Furnished,0,0,777843.07
1400.3,2,2,2,12.5,30.89,2.64,5.7,0,2859.6,Independent House,Poor,Semi-Furnished,1,1,340670.94
2899.6,5,4,8,36.0,6.09,,0.24,2,1015.5,Apartment,Average,Semi-Furnished,0,0,619090.87
1368.5,1,2,8,14.2,19.94,6.05,1.56,0,604.0,Apartment,Average,Furnished,0,0,335654.36
1760.5,2,2,2,13.6,22.38,5.26,1.47,2,3780.8,Independent House,Average,Unfurnished,1,1,541397.78
1154.7,3,3,2,20.1,5.32,5.61,2.44,2,3118.3,Townhouse,Average,Furnished,0,0,432932.71
4194.1,7,5,1,29.2,7.59,5.03,4.13,4,6169.1,Independent House,Good,Unfurnished,1,1,1304051.15
1735.0,3,3,1,8.9,1.85,6.45,6.07,1,2945.1,Independent House,Good,Semi-Furnished,1,1,737626.08
1056.2,3,2,2,,10.11,7.22,0.88,0,1967.4,Independent House,Good,Semi-Furnished,1,1,501595.38
3798.3,5,4,11,12.5,10.12,7.28,1.09,3,1477.9,Apartment,Average,Semi-Furnished,0,0,882252.96
1596.3,3,4,12,7.0,8.18,5.51,1.78,1,706.5,Apartment,Good,Furnished,1,0,558451.49
3115.5,4,3,2,8.9,7.24,8.11,2.95,3,7376.9,Villa,Premium,Semi-Furnished,1,1,1494702.69
2741.7,5,4,15,7.2,14.82,6.91,2.36,3,1442.9,Apartment,Good,Semi-Furnished,0,0,751823.83
2135.8,4,3,3,19.5,17.82,8.25,0.22,1,2694.1,Townhouse,Premium,Unfurnished,1,1,877504.33
2037.6,4,3,15,12.1,15.98,7.12,3.72,2,457.9,Apartment,Average,Furnished,1,1,537444.98
1384.2,2,2,11,10.7,8.27,6.32,0.83,1,656.9,Apartment,Premium,Semi-Furnished,0,0,623898.44
2245.5,5,3,2,18.1,13.62,6.36,1.14,2,5369.6,Townhouse,Good,Semi-Furnished,1,1,773372.36
1821.7,4,4,1,18.4,8.74,7.21,0.6,1,3847.4,Independent House,Good,Semi-Furnished,1,1,783233.43
1832.4,3,3,1,28.3,6.92,8.53,5.8,2,3380.9,Independent House,Good,Semi-Furnished,1,1,735130.04
1943.3,4,4,2,2.8,9.24,6.88,4.43,0,3113.2,Independent House,Premium,Semi-Furnished,0,1,976822.62
1145.3,2,2,14,24.9,6.07,7.0,2.23,0,707.9,Apartment,Average,Unfurnished,1,0,350540.67
2039.3,2,2,1,6.7,3.84,7.52,4.31,1,2738.5,Townhouse,Good,Unfurnished,1,0,679465.32
1670.5,3,3,11,17.3,20.72,4.13,3.59,1,696.1,Apartment,Good,Furnished,0,0,484626.53
2606.6,4,3,2,6.3,14.96,4.63,4.1,1,5332.6,Independent House,Good,Furnished,1,1,909414.37
1770.0,4,4,4,21.0,4.19,7.02,2.47,3,618.8,Apartment,Good,Semi-Furnished,0,0,547517.01
3822.1,7,4,1,9.4,4.58,5.31,3.6,3,5613.3,Townhouse,Average,Furnished,1,0,1054205.04
2105.2,4,3,3,19.1,10.48,6.32,5.59,2,1161.4,Apartment,Average,Semi-Furnished,0,0,421898.9
1693.9,3,4,2,,8.69,6.68,1.43,2,3102.1,Independent House,Average,Semi-Furnished,1,1,588027.7
2235.3,4,4,2,3.7,5.62,10.0,3.35,3,4123.1,Independent House,Good,Furnished,1,1,967984.13
3344.9,6,5,3,8.6,6.53,6.44,1.18,2,8238.9,Independent House,Good,Semi-Furnished,1,0,1164707.78
907.9,1,2,1,18.4,5.06,3.63,1.08,1,703.5,Apartment,Good,Semi-Furnished,1,1,335939.95
5190.7,7,4,3,11.9,10.91,7.0,3.68,3,10226.2,Villa,Good,Semi-Furnished,1,1,1737054.98
977.2,2,1,5,22.6,16.94,8.18,2.07,0,202.0,Apartment,Good,Semi-Furnished,1,0,350730.01
1974.7,3,2,4,13.0,9.18,7.47,3.57,0,869.9,Apartment,Average,Unfurnished,0,0,455600.38
1356.8,4,2,2,16.7,7.44,7.37,2.43,2,744.5,Apartment,Good,Furnished,1,0,501345.16
1324.4,2,2,3,4.3,3.69,5.63,0.92,2,689.8,Apartment,Premium,Unfurnished,0,0,609033.52
954.6,2,3,1,18.5,2.31,6.09,5.93,0,2070.7,Townhouse,Good,Semi-Furnished,1,1,443130.58
1980.7,3,3,7,24.2,2.9,5.47,1.23,1,755.3,Apartment,Premium,Unfurnished,0,0,776705.1
787.6,2,2,10,2.8,11.02,5.63,2.51,0,290.3,Apartment,Premium,Semi-Furnished,0,0,534653.46
1008.2,1,1,3,5.4,11.26,6.4,4.79,0,2161.1,Independent House,Average,Semi-Furnished,1,1,376834.95
3007.7,5,4,2,39.4,1.56,8.03,2.45,2,3935.9,Independent House,Good,Semi-Furnished,1,0,959578.11
3918.6,7,4,1,16.3,2.79,10.0,3.15,4,9186.1,Independent House,Average,Semi-Furnished,1,1,1229031.81
1246.7,2,2,2,12.0,5.94,6.91,3.24,1,1714.7,Townhouse,Average,Unfurnished,1,1,406357.16
2061.9,4,3,4,11.0,6.32,7.48,2.05,1,1146.5,Apartment,Average,Unfurnished,0,0,523664.99
2582.2,4,3,3,1.3,35.21,3.2,4.1,1,3628.5,Independent House,Average,Unfurnished,1,1,667314.45
1302.0,2,2,4,20.8,1.12,6.06,3.69,1,475.4,Apartment,Average,Semi-Furnished,0,1,248232.11
2371.1,5,3,6,11.5,7.0,8.92,3.13,2,825.1,Apartment,Good,,0,0,732491.41
1263.1,2,1,4,14.7,2.44,6.84,3.7,2,772.2,Apartment,Average,Unfurnished,1,0,384166.18
2296.7,3,2,1,24.4,10.55,6.55,0.57,2,4557.9,Independent House,Average,Semi-Furnished,1,1,724545.57
799.1,1,1,4,12.9,5.41,10.0,,0,272.8,Apartment,Average,Unfurnished,0,0,304523.28
1111.2,1,1,1,,6.23,8.43,1.86,0,2529.6,Independent House,Average,Furnished,1,0,465002.03
2210.7,2,1,13,3.8,0.47,7.82,3.71,1,1009.8,Apartment,Good,Furnished,0,0,734665.25
2079.8,3,1,2,17.7,14.15,6.61,3.88,2,4081.4,Townhouse,Average,Semi-Furnished,1,0,635638.72
1554.2,3,3,2,9.6,31.91,7.09,6.49,0,4003.4,Townhouse,Poor,Unfurnished,1,0,404151.07
3015.1,6,4,11,18.2,8.06,9.8,1.77,2,1663.8,Apartment,Premium,Semi-Furnished,0,0,1119692.44
3660.7,5,2,1,11.9,9.03,9.94,2.63,0,6115.0,Townhouse,Good,Furnished,1,0,1120747.26
2222.3,4,3,3,28.4,15.39,5.92,1.86,2,4056.2,Independent House,Good,Unfurnished,1,1,702498.4
895.3,2,1,1,21.7,8.59,4.35,0.49,1,1749.1,Townhouse,Good,Semi-Furnished,1,1,387637.51
1291.0,2,3,4,9.9,8.44,6.77,1.87,2,573.3,Apartment,Average,Furnished,1,0,477453.75
1302.7,3,2,2,9.3,14.06,7.81,3.12,1,1504.2,Independent House,Good,Furnished,1,0,568449.97
1404.8,3,1,7,17.6,1.31,9.32,2.38,1,446.0,Apartment,Average,Semi-Furnished,0,0,448293.86
913.1,1,1,15,12.5,10.39,6.55,0.25,1,150.0,Apartment,Average,Semi-Furnished,1,0,244395.7
818.7,2,2,2,16.0,5.29,6.19,0.81,1,459.4,Apartment,Average,Furnished,1,0,226515.21
637.9,2,2,2,19.8,20.24,8.31,6.2,0,956.1,Townhouse,Good,Semi-Furnished,1,1,312082.29
1451.5,2,3,15,24.8,10.36,5.36,2.25,2,714.2,Apartment,Average,Furnished,0,0,309954.37
703.7,2,1,2,11.2,5.29,6.36,6.48,2,1286.4,Independent House,Average,Semi-Furnished,1,1,420662.93
1182.7,2,2,9,7.5,12.56,6.71,3.39,1,730.0,Apartment,Poor,Semi-Furnished,1,0,245243.41
2473.8,5,3,2,28.6,15.49,6.6,3.87,3,5427.9,Independent House,Good,Furnished,0,1,836865.53
999.0,2,2,3,24.3,8.67,8.55,3.3,2,318.0,Apartment,Average,Semi-Furnished,0,0,248359.4
1171.7,3,2,3,18.4,22.41,7.48,5.0,1,2625.9,Independent House,Average,Unfurnished,0,0,355692.69
1796.1,3,2,1,20.6,19.34,5.92,2.65,1,2761.7,Independent House,Average,Unfurnished,1,1,544515.34
955.3,1,1,1,13.5,10.14,6.36,3.07,1,355.9,Apartment,Good,Furnished,1,0,351720.69
1462.7,2,1,11,20.2,5.79,,5.71,0,1030.3,Apartment,Average,Semi-Furnished,0,0,269181.27
1069.3,3,3,2,31.6,1.39,4.61,2.93,1,1447.3,Townhouse,Premium,Unfurnished,0,0,521514.35
2131.9,4,3,3,6.8,6.93,3.98,5.22,2,3739.0,Villa,Average,Furnished,0,1,772453.29
1925.9,3,1,2,8.1,5.36,4.9,0.66,1,4265.0,Villa,Poor,,1,0,653337.01
1346.5,4,3,15,21.8,9.97,7.14,2.09,2,652.2,Apartment,Average,Furnished,0,1,479498.14
3672.5,6,5,2,2.3,7.93,8.35,4.33,2,4470.2,Independent House,Poor,Semi-Furnished,1,0,991027.69
1471.4,3,2,8,32.8,8.8,6.53,1.11,0,877.8,Apartment,Average,Furnished,0,0,291194.54
1672.3,3,2,9,36.8,10.03,,1.24,0,753.1,Apartment,Average,Furnished,0,1,424243.71
1421.5,1,2,2,7.5,17.88,5.63,3.98,0,2326.5,Independent House,Premium,Unfurnished,1,1,701578.81
1812.2,3,3,1,7.6,6.04,4.19,3.01,0,3502.7,Townhouse,Average,Furnished,1,0,613846.09
1470.1,4,3,1,1.2,6.36,9.02,,2,3547.2,Townhouse,Average,Semi-Furnished,1,1,572715.11
1871.2,2,2,3,7.5,13.84,6.41,2.93,1,2731.1,Independent House,Average,Furnished,1,1,619554.31
1776.9,3,3,14,14.0,23.15,7.02,1.18,1,441.4,Apartment,Average,Semi-Furnished,0,0,502652.16
1497.8,2,3,1,3.5,11.61,7.94,0.36,1,2118.9,Independent House,Average,,1,1,614466.41
1144.7,1,1,4,25.9,34.94,8.71,4.88,1,434.3,Apartment,Average,Unfurnished,0,0,142646.39
1103.0,1,1,15,24.8,8.35,6.37,1.71,0,538.2,Apartment,Poor,Unfurnished,0,0,157319.27
1094.1,3,3,1,16.4,12.18,,2.08,1,426.8,Apartment,Average,Unfurnished,0,0,240061.23
2395.6,3,1,1,9.6,6.11,6.67,2.76,2,3888.4,Villa,Premium,Semi-Furnished,1,0,1233104.51
1416.1,3,3,3,8.6,40.87,6.51,4.41,1,3402.5,Townhouse,Good,Furnished,1,1,496095.58
2538.2,4,3,10,21.0,15.77,5.89,0.15,3,1231.2,Apartment,Premium,Unfurnished,0,0,927544.28
5693.7,7,5,1,29.5,11.01,4.87,4.18,2,11636.1,Independent House,Average,Unfurnished,1,1,1555036.2
1754.8,3,3,3,9.5,42.54,7.26,3.59,1,3428.5,Villa,Good,Semi-Furnished,0,1,708430.55
2520.3,3,2,1,30.0,5.65,8.62,0.68,0,2929.9,Villa,Average,Unfurnished,1,0,800190.75
2551.6,4,3,1,18.6,0.96,9.24,0.8,0,3450.9,Townhouse,Average,Unfurnished,1,1,676413.81
1210.1,2,2,15,30.5,4.17,5.6,4.76,0,371.4,Apartment,Good,Unfurnished,0,0,300840.1
1086.7,3,1,1,11.2,5.22,9.25,3.14,2,1883.6,Townhouse,Poor,Semi-Furnished,1,1,422577.65
3834.9,5,5,2,5.4,11.55,5.1,0.54,2,6038.7,Independent House,Average,Semi-Furnished,1,1,1142586.09
2465.2,3,2,1,30.5,15.13,6.92,0.92,2,4447.4,Independent House,Good,Furnished,1,1,801119.02
2112.7,4,4,1,8.9,2.41,8.22,2.53,1,2749.8,Independent House,Good,Unfurnished,0,1,830752.07
